기준년월,시도명,시군구명,업종분류명,사용금액,카드사명
2013-04,경기도,여주시,의료.한의원,95872595,
2013-04,경기도,동두천시,음/식료품.농수산물,224346759,
2013-04,경기도,광명시,미용.네일케어,24606400,
2013-04,경기도,양주시,교육/학원.영어학원,88593050,
2013-04,경기도,구리시,요식/유흥.패스트푸드,414964964,
2013-04,경기도,파주시,의류/잡화.안경,614559400,
2013-04,경기도,화성시,가전/가구.가구,678821638,
2013-04,서울특별시,강서구,주유.주유소,1438046614,
2013-04,충청남도,아산시,주유.주유소,173133829,
2013-04,경기도,수원시 권선구,요식/유흥.패스트푸드,984269868,
2013-04,서울특별시,마포구,주유.LPG,4487910181,
2013-04,경기도,안성시,자동차.자동차경정비,1043904193,
2013-04,인천광역시,부평구,교육/학원.입시보습학원,2047500,
2013-04,경기도,고양시 덕양구,의료.기타의료,325578890,
2013-04,경기도,의왕시,요식/유흥.한식(갈비/삼겹살/곱창),461897909,
2013-04,서울특별시,송파구,자동차.자동차용품,208309210,
2013-04,서울특별시,은평구,가정생활/서비스.인테리어,17840550,
2013-04,경기도,고양시 일산서구,의류/잡화.의복/의류,2518003897,
2013-04,경기도,성남시 분당구,스포츠/문화/레저.서점,1310106001,
2013-04,경기도,하남시,의료.일반병원,935375259,
2013-04,인천광역시,서구,스포츠/문화/레저.당구장,2944305,
2013-04,경기도,안산시 단원구,가전/가구.기타가전/가구,150526808,
2013-04,경기도,오산시,자동차.자동차공업사,168250355,
2013-04,인천광역시,계양구,음/식료품.정육점,6158834,
2013-04,경기도,남양주시,가정생활/서비스.전문서비스(법률/회계/번역등),254418596,
2013-04,경기도,의정부시,스포츠/문화/레저.취미/오락,133853128,
2013-04,경기도,시흥시,가정생활/서비스.세탁소,176574211,
2013-04,서울특별시,서초구,유통.슈퍼마켓,31351729,
2013-04,서울특별시,중랑구,주유.주유소,738419604,
2013-04,경기도,과천시,요식/유흥.닭/오리,453678225,
2013-04,경기도,광주시,스포츠/문화/레저.당구장,8280090,
2013-04,경기도,성남시 중원구,미용.목욕탕/사우나,241880730,
2013-04,경기도,이천시,의료.약국,671107983,
2013-04,충청남도,천안시 서북구,스포츠/문화/레저.스포츠/레저용품,8320812,
2013-04,강원도,춘천시,요식/유흥.한식(일반),16211650,
2013-04,경기도,김포시,스포츠/문화/레저.스포츠시설,184384063,
2013-04,서울특별시,구로구,교육/학원.태권도/투기도장,5241600,
2013-04,서울특별시,금천구,유통.슈퍼마켓,6122207,
2013-04,경기도,군포시,주유.주유소,9766462728,
2013-04,경기도,성남시 수정구,유통.편의점,1258615535,
2013-04,경기도,안산시 상록구,요식/유흥.치킨,738190257,
2013-04,경기도,용인시 처인구,요식/유흥.제과,510802692,
2013-04,서울특별시,양천구,미용.미용실,650650,
2013-04,경기도,부천시,가전/가구.기타가전/가구,181981294,
2013-04,경기도,용인시 기흥구,음/식료품.정육점,1340319994,
2013-04,경기도,용인시 수지구,유통.편의점,997550331,
2013-04,경기도,포천시,의료.기타의료,25377625,
2013-04,경기도,가평군,스포츠/문화/레저.화원,354649868,
2013-04,경기도,평택시,의류/잡화.패션/잡화,1106519960,
2013-04,충청북도,음성군,자동차.자동차경정비,1451450,
2013-04,경기도,고양시 일산동구,가전/가구.휴대폰,28703174,
2013-04,경기도,수원시 팔달구,교육/학원.영어학원,34884850,
2013-04,경기도,수원시 영통구,요식/유흥.부페,94657745,
2013-04,경기도,안양시 동안구,요식/유흥.양식,1999861022,
2013-04,서울특별시,노원구,스포츠/문화/레저.스포츠/레저용품,3549000,
2013-04,경기도,연천군,요식/유흥.양식,59285499,
2013-04,서울특별시,도봉구,자동차.자동차용품,25937275,
2013-04,경기도,수원시 장안구,교육/학원.미술/서예학원,197025920,
2013-04,경기도,안양시 만안구,가전/가구.가구,117161130,
2013-04,경기도,양평군,유통.대형유통점,764259755,
