기준년월,시도명,시군구명,업종분류명,사용금액,카드사명
2014-06,경기도,가평군,음/식료품.인삼및건강제품,11834325,
2014-06,서울특별시,마포구,주유.LPG,3810505314,
2014-06,경기도,고양시 덕양구,요식/유흥.패스트푸드,964942699,
2014-06,경기도,안산시 상록구,여행/교통.교통,54187575,
2014-06,경기도,광주시,자동차.자동차경정비,2723518383,
2014-06,경기도,양주시,자동차.자동차용품,1041213920,
2014-06,서울특별시,중랑구,의류/잡화.의복/의류,5529166,
2014-06,인천광역시,부평구,가전/가구.가전,3567060,
2014-06,경기도,고양시 일산동구,가정생활/서비스.인쇄/광고/이벤트,1327959315,
2014-06,경기도,동두천시,음/식료품.정육점,262321905,
2014-06,서울특별시,송파구,스포츠/문화/레저.스크린골프,6655383,
2014-06,경기도,파주시,교육/학원.기타예체능학원,54556350,
2014-06,서울특별시,양천구,가정생활/서비스.인테리어,2413800,
2014-06,경기도,과천시,의료.치과병원,425017657,
2014-06,경기도,하남시,자동차.자동차용품,1464995243,
2014-06,서울특별시,강동구,스포츠/문화/레저.화원,1644960,
2014-06,서울특별시,강서구,주유.주유소,1525595109,
2014-06,서울특별시,노원구,주유.주유소,1297524122,
2014-06,인천광역시,서구,의류/잡화.패션/잡화,447000,
2014-06,경기도,안양시 동안구,스포츠/문화/레저.스포츠/레저용품,4542996709,
2014-06,경기도,의왕시,가정생활/서비스.인쇄/광고/이벤트,154801025,
2014-06,경기도,평택시,교육/학원.기타예체능학원,40956375,
2014-06,인천광역시,계양구,유통.생활잡화,14021496,
2014-06,강원도,춘천시,요식/유흥.한식(일반),64585689,
2014-06,경기도,군포시,여행/교통.호텔/콘도,27760935,
2014-06,경기도,구리시,요식/유흥.분식,484472054,
2014-06,경기도,성남시 분당구,가전/가구.가전,31861800442,
2014-06,경기도,성남시 중원구,자동차.자동차공업사,65679945,
2014-06,서울특별시,서초구,교육/학원.입시보습학원,773310,
2014-06,경기도,광명시,요식/유흥.한식(족발/보쌈),591103457,
2014-06,경기도,연천군,의료.일반병원,49358321,
2014-06,경기도,이천시,여행/교통.교통,32633682,
2014-06,경기도,양평군,의류/잡화.안경,50260680,
2014-06,경기도,용인시 수지구,음/식료품.기타음/식료품,862282270,
2014-06,경기도,부천시,가정생활/서비스.열쇠/도장/각종수리점,211452813,
2014-06,경기도,수원시 권선구,요식/유흥.치킨,1029136369,
2014-06,경기도,수원시 팔달구,교육/학원.미술/서예학원,231720330,
2014-06,경기도,시흥시,가정생활/서비스.인테리어,3588915466,
2014-06,경기도,안양시 만안구,요식/유흥.한식(갈비/삼겹살/곱창),890675888,
2014-06,서울특별시,도봉구,유통.기타유통,2516610,
2014-06,경기도,성남시 수정구,유통.기타유통,216937503,
2014-06,경기도,안산시 단원구,스포츠/문화/레저.화원,306066711,
2014-06,경기도,오산시,가정생활/서비스.인쇄/광고/이벤트,272707503,
2014-06,경기도,용인시 처인구,요식/유흥.치킨,851988034,
2014-06,충청남도,아산시,주유.주유소,116608483,
2014-06,경기도,고양시 일산서구,요식/유흥.노래방,672650964,
2014-06,경기도,의정부시,의료.약국,2423930611,
2014-06,경기도,화성시,유통.대형유통점,24614817805,
2014-06,서울특별시,은평구,스포츠/문화/레저.화원,1090680,
2014-06,경기도,김포시,가정생활/서비스.상담서비스,27104292,
2014-06,경기도,남양주시,스포츠/문화/레저.스포츠시설,460940186,
2014-06,경기도,여주시,의료.일반병원,291574971,
2014-06,경기도,포천시,스포츠/문화/레저.영화/공연,16314606,
2014-06,경기도,수원시 장안구,의류/잡화.패션/잡화,290186142,
2014-06,경기도,용인시 기흥구,요식/유흥.일식,1017904077,
2014-06,서울특별시,금천구,음/식료품.정육점,3418656,
2014-06,서울특별시,구로구,미용.미용실,2100900,
2014-06,경기도,수원시 영통구,유통.기타유통,1502480283,
2014-06,충청북도,음성군,자동차.자동차경정비,1877400,
2014-06,경기도,안성시,음/식료품.기타음/식료품,706315481,
