기준년월,시도명,시군구명,업종분류명,사용금액,카드사명
2016-09,경기도,안산시 단원구,유통.상품권판매,2349054512,
2016-09,경기도,과천시,유통.슈퍼마켓,2378294085,
2016-09,서울특별시,강서구,주유.주유소,1207876925,
2016-09,경기도,양주시,자동차.자동차공업사,75990750,
2016-09,경기도,수원시 권선구,여행/교통.교통,534700439,
2016-09,경기도,용인시 기흥구,가전/가구.가구,2273833500,
2016-09,경기도,평택시,여행/교통.면세점,163688107,
2016-09,경기도,고양시 덕양구,자동차.자동차공업사,281524510,
2016-09,경기도,구리시,교육/학원.유아교육,1141352435,
2016-09,경기도,시흥시,의류/잡화.의복/의류,1988220116,
2016-09,경기도,고양시 일산동구,교육/학원.문구용품,1753878188,
2016-09,경기도,용인시 처인구,스포츠/문화/레저.당구장,65800062,
2016-09,경기도,군포시,의료.종합병원,2920579425,
2016-09,경기도,여주시,여행/교통.호텔/콘도,248289753,
2016-09,서울특별시,서초구,요식/유흥.한식(족발/보쌈),15836880,
2016-09,서울특별시,양천구,교육/학원.입시보습학원,724800,
2016-09,서울특별시,은평구,요식/유흥.중식,6570765,
2016-09,경기도,의정부시,요식/유흥.닭/오리,929732189,
2016-09,서울특별시,금천구,유통.기타유통,8109832,
2016-09,서울특별시,중랑구,자동차.자동차용품,996600,
2016-09,경기도,김포시,교육/학원.외국어학원,1216908577,
2016-09,인천광역시,부평구,요식/유흥.닭/오리,7141998,
2016-09,경기도,성남시 중원구,의류/잡화.의복/의류,2269115514,
2016-09,경기도,수원시 영통구,가정생활/서비스.전문서비스(법률/회계/번역등),445534836,
2016-09,경기도,안양시 만안구,유통.기타유통,147571998,
2016-09,경기도,남양주시,의료.일반병원,3869281882,
2016-09,경기도,포천시,음/식료품.농수산물,1084428043,
2016-09,경기도,연천군,스포츠/문화/레저.반려동물관련,42972939,
2016-09,서울특별시,구로구,가전/가구.컴퓨터,847110,
2016-09,서울특별시,송파구,스포츠/문화/레저.스크린골프,10659090,
2016-09,인천광역시,계양구,스포츠/문화/레저.취미/오락,1340880,
2016-09,경기도,성남시 분당구,요식/유흥.중식,4850517735,
2016-09,경기도,오산시,미용.피부/체형관리/마사지,65852610,
2016-09,경기도,하남시,스포츠/문화/레저.반려동물관련,551209765,
2016-09,경기도,화성시,교육/학원.음악/피아노학원,662881377,
2016-09,강원도,춘천시,요식/유흥.한식(일반),81694473,
2016-09,경기도,성남시 수정구,스포츠/문화/레저.PC게임방,83436960,
2016-09,경기도,수원시 장안구,가전/가구.휴대폰,7733027,
2016-09,경기도,의왕시,요식/유흥.유흥업소,79594365,
2016-09,경기도,안산시 상록구,가전/가구.기타가전/가구,359871009,
2016-09,경기도,양평군,미용.미용실,143003040,
2016-09,경기도,용인시 수지구,음/식료품.농수산물,601638586,
2016-09,서울특별시,도봉구,주유.주유소,280452984,
2016-09,서울특별시,강동구,교육/학원.기타예체능학원,724800,
2016-09,서울특별시,노원구,스포츠/문화/레저.문화용품,4212900,
2016-09,서울특별시,마포구,주유.LPG,1866908148,
2016-09,충청남도,아산시,유통.기타유통,16153980,
2016-09,경기도,광명시,음/식료품.농수산물,1323655866,
2016-09,경기도,광주시,요식/유흥.치킨,1492970220,
2016-09,경기도,안양시 동안구,요식/유흥.호프/간이주점,2888085269,
2016-09,경기도,파주시,음/식료품.정육점,2490373189,
2016-09,경기도,부천시,가정생활/서비스.인쇄/광고/이벤트,742278325,
2016-09,경기도,안성시,요식/유흥.호프/간이주점,919508913,
2016-09,경기도,이천시,의류/잡화.의복/의류,2397236271,
2016-09,인천광역시,서구,요식/유흥.한식(일반),181383646,
2016-09,경기도,가평군,유통.기타유통,152264964,
2016-09,경기도,수원시 팔달구,요식/유흥.일식,1228312897,
2016-09,경기도,동두천시,교육/학원.문구용품,57307535,
2016-09,경기도,고양시 일산서구,가전/가구.가전,1043565386,
