기준년월,시도명,시군구명,업종분류명,사용금액,카드사명
2016-01,강원도,춘천시,요식/유흥.한식(일반),104934880,
2016-01,경기도,의왕시,스포츠/문화/레저.취미/오락,37886362,
2016-01,경기도,가평군,요식/유흥.외식업기타,358158337,
2016-01,경기도,부천시,가전/가구.가구,965300992,
2016-01,경기도,고양시 일산동구,요식/유흥.한식(족발/보쌈),711721671,
2016-01,경기도,연천군,가전/가구.가구,10383370,
2016-01,경기도,용인시 기흥구,자동차.자동차판매,667042572,
2016-01,경기도,파주시,의료.한의원,661801693,
2016-01,경기도,과천시,주유.주유소,2771988668,
2016-01,경기도,동두천시,가전/가구.컴퓨터,20354994,
2016-01,서울특별시,서초구,요식/유흥.닭/오리,11038500,
2016-01,경기도,성남시 중원구,요식/유흥.치킨,1133063713,
2016-01,서울특별시,중랑구,가정생활/서비스.인테리어,4204442,
2016-01,경기도,남양주시,요식/유흥.한식(갈비/삼겹살/곱창),2388079107,
2016-01,경기도,수원시 장안구,요식/유흥.패스트푸드,756764437,
2016-01,경기도,오산시,요식/유흥.노래방,856371646,
2016-01,경기도,이천시,요식/유흥.닭/오리,417195090,
2016-01,경기도,하남시,가정생활/서비스.인테리어,1683570558,
2016-01,경기도,광명시,요식/유흥.닭/오리,469081838,
2016-01,경기도,김포시,자동차.자동차경정비,2819449348,
2016-01,경기도,용인시 처인구,교육/학원.문구용품,3666207946,
2016-01,서울특별시,은평구,미용.화장품,1208660,
2016-01,경기도,시흥시,가전/가구.컴퓨터,292914268,
2016-01,경기도,안산시 상록구,미용.목욕탕/사우나,372310096,
2016-01,경기도,여주시,의료.일반병원,402035460,
2016-01,경기도,안양시 동안구,의류/잡화.의복/의류,2603748713,
2016-01,경기도,평택시,미용.목욕탕/사우나,493193044,
2016-01,서울특별시,강서구,자동차.자동차경정비,20761300,
2016-01,서울특별시,도봉구,주유.주유소,425731833,
2016-01,서울특별시,양천구,가정생활/서비스.인테리어,401400,
2016-01,인천광역시,부평구,요식/유흥.닭/오리,6649860,
2016-01,경기도,고양시 일산서구,미용.목욕탕/사우나,292909518,
2016-01,경기도,성남시 수정구,자동차.자동차용품,305919428,
2016-01,서울특별시,금천구,요식/유흥.한식(일반),2096200,
2016-01,서울특별시,노원구,교육/학원.입시보습학원,1516400,
2016-01,충청북도,음성군,자동차.자동차경정비,4716450,
2016-01,경기도,성남시 분당구,음/식료품.인삼및건강제품,1637140589,
2016-01,경기도,수원시 권선구,가정생활/서비스.세탁소,168500499,
2016-01,경기도,수원시 팔달구,미용.미용실,1750542774,
2016-01,서울특별시,구로구,음/식료품.정육점,484356,
2016-01,서울특별시,송파구,스포츠/문화/레저.스크린골프,12755600,
2016-01,경기도,광주시,여행/교통.여행사,56057740,
2016-01,경기도,안성시,스포츠/문화/레저.스포츠시설,194909136,
2016-01,경기도,양평군,미용.목욕탕/사우나,81741988,
2016-01,인천광역시,계양구,음/식료품.기타음/식료품,22467428,
2016-01,인천광역시,서구,교육/학원.입시보습학원,34560540,
2016-01,경기도,군포시,유통.상품권판매,433527610,
2016-01,경기도,화성시,자동차.자동차경정비,6625558222,
2016-01,서울특별시,강동구,스포츠/문화/레저.화원,847400,
2016-01,경기도,수원시 영통구,가전/가구.가구,76280178,
2016-01,경기도,양주시,가정생활/서비스.열쇠/도장/각종수리점,210430002,
2016-01,경기도,안산시 단원구,교육/학원.미술/서예학원,195962142,
2016-01,경기도,용인시 수지구,교육/학원.외국어학원,2642910546,
2016-01,경기도,의정부시,스포츠/문화/레저.취미/오락,217768866,
2016-01,충청남도,아산시,주유.주유소,158379715,
2016-01,경기도,고양시 덕양구,음/식료품.인삼및건강제품,440300913,
2016-01,경기도,포천시,요식/유흥.피자전문점,243267818,
2016-01,경기도,구리시,스포츠/문화/레저.스포츠시설,85546145,
2016-01,서울특별시,마포구,유통.기타유통,63022699,
2016-01,경기도,안양시 만안구,교육/학원.미술/서예학원,56804433,
