기준년월,시도명,시군구명,업종분류명,사용금액,카드사명
2020-02,경기도,성남시 중원구,소매-가정/주방/인테리어-생활용품 판매,151157257,
2020-02,경기도,구리시,의료-병원-병원-이비인후과,57768552,
2020-02,경기도,양주시,관광/여가/오락-요가/단전/마사지-지압원,1522821,
2020-02,경기도,군포시,소매-책/서적/도서-서적 판매,255716108,
2020-02,경기도,용인시 기흥구,의료-병원-병원-일반,4167688456,
2020-02,경기도,안산시 단원구,의료-병원-병원-피부과의원,3799178049,
2020-02,경기도,여주시,관광/여가/오락-PC/오락/당구/볼링등-인터넷PC방,114130939,
2020-02,경기도,하남시,생활서비스-자동차/이륜차-자동차부품/용품 판매-중고,4838089,
2020-02,경기도,시흥시,음식-패스트푸드-패스트푸드 전문점,179304531,
2020-02,경기도,안산시 상록구,음식-유흥주점-바/스텐드바,130910933,
2020-02,경기도,가평군,관광/여가/오락-PC/오락/당구/볼링등-당구장,55558497,
2020-02,경기도,안성시,학문/교육-학원기타-학습지 보급,4912850,
2020-02,경기도,동두천시,음식-한식-순두부/두부요리 전문점,5895420,
2020-02,경기도,수원시 영통구,의료-병원-병원-산부인과,1677387063,
2020-02,경기도,의왕시,소매-음/식료품-반찬 판매,36160073,
2020-02,경기도,과천시,관광/여가/오락-무도/유흥/가무-노래방,16216221,
2020-02,경기도,성남시 분당구,음식-양식-경양식 전문점,1527580300,
2020-02,경기도,연천군,소매-선물/팬시/기념품-토산품/기념품 판매,1933099,
2020-02,경기도,김포시,관광/여가/오락-요가/단전/마사지-안마시술소,6418211,
2020-02,경기도,이천시,생활서비스-세탁/가사서비스-세탁소/빨래방,149718441,
2020-02,경기도,광명시,소매-가전제품소매-휴대폰 수리-기타,8458646,
2020-02,경기도,안양시 동안구,소매-자동차/자동차용품-자동차 판매-기타,860510520,
2020-02,경기도,남양주시,음식-한식-만두 전문점,134136833,
2020-02,경기도,수원시 팔달구,생활서비스-이/미용/건강-이용업,22026134,
2020-02,경기도,용인시 처인구,음식-한식-소고기 전문점,149335269,
2020-02,경기도,수원시 장안구,소매-취미/오락관련소매-문구용품 판매,612281143,
2020-02,경기도,의정부시,소매-기타판매업-음반/영상매체 판매,21506959,
2020-02,경기도,안양시 만안구,소매-가방/신발/액세서리-신발 판매,72999925,
2020-02,경기도,고양시 일산동구,소매-기타판매업-통신판매,282620279,
2020-02,경기도,부천시,음식-패스트푸드-도시락 전문점,813211471,
2020-02,경기도,파주시,음식-한식-쌈/쌈밥 전문점,77202776,
2020-02,경기도,성남시 수정구,음식-제과제빵떡케익-떡/한과 판매,32288670,
2020-02,경기도,화성시,음식-수산물-쭈꾸미 전문점,337854579,
2020-02,경기도,오산시,의료-수의업-병원-동물병원,397890534,
2020-02,경기도,용인시 수지구,음식-다방/커피숍/카페-전통찻집,315318,
2020-02,경기도,광주시,의료-병원-병원-산부인과,113929436,
2020-02,경기도,수원시 권선구,생활서비스-이/미용/건강-미용실,2284243502,
2020-02,경기도,고양시 덕양구,학문/교육-학원-창업취업취미-학원-중장비,27768284,
2020-02,경기도,평택시,음식-패스트푸드-샌드위치/토스트 전문점,177600761,
2020-02,경기도,포천시,소매-건강/미용식품-인삼제품 판매,71205851,
2020-02,경기도,고양시 일산서구,음식-양식-경양식 전문점,130840532,
2020-02,경기도,양평군,생활서비스-광고/인쇄-인쇄업,2769352,
