기준년월,시도명,시군구명,업종분류명,사용금액,카드사명
2020-01,경기도,광명시,음식-한식-추어탕 전문점,567491789,
2020-01,경기도,남양주시,소매-의복-스포츠의류전문 판매,502583891,
2020-01,경기도,성남시 분당구,소매-가정/주방/인테리어-생활용품 판매,226922777,
2020-01,경기도,여주시,관광/여가/오락-요가/단전/마사지-스포츠마사지,8596572,
2020-01,경기도,안성시,소매-의약/의료품소매-보청기 판매,192241,
2020-01,경기도,연천군,생활서비스-물품기기대여-가정용가구/기기 대여,21360,
2020-01,경기도,포천시,음식-유흥주점-꼬치구이전문점,6548090,
2020-01,경기도,군포시,소매-사진/광학/정밀기기-안경점,1129686966,
2020-01,경기도,김포시,소매-의복-정장 판매,49099428,
2020-01,경기도,양평군,생활서비스-이/미용/건강-비만/체형관리/마사지,123053797,
2020-01,경기도,파주시,소매-통신장비-휴대폰 판매,69171864,
2020-01,경기도,용인시 수지구,음식-한식-설렁탕 전문점,336486457,
2020-01,경기도,동두천시,음식-한식-해장국/감자탕 전문,349778625,
2020-01,경기도,시흥시,음식-한식-갈매기살 전문점,58384180,
2020-01,경기도,화성시,학문/교육-학원기타-학원-기타종합,2383762496,
2020-01,경기도,가평군,음식-유흥주점-호프/맥주,194593625,
2020-01,경기도,과천시,소매-책/서적/도서-서적 판매,27812515,
2020-01,경기도,부천시,소매-의복-아동복전문 판매,122766572,
2020-01,경기도,수원시 영통구,음식-한식-곱창/양구이전문,1251399512,
2020-01,경기도,안양시 동안구,소매-가정/주방/인테리어-주방용품 판매,65788202,
2020-01,경기도,양주시,음식-패스트푸드-도시락 전문점,40269460,
2020-01,경기도,성남시 수정구,소매-기타판매업-포장재료 판매,11203434,
2020-01,경기도,수원시 권선구,생활서비스-자동차/이륜차-자동차부품/용품 판매-중고,12036483,
2020-01,경기도,의정부시,음식-한식-소갈비 전문점,136032552,
2020-01,경기도,고양시 일산동구,의료-병원-병원-성형외과,9672461479,
2020-01,경기도,고양시 덕양구,생활서비스-물품기기대여-악기 대여,460716,
2020-01,경기도,성남시 중원구,음식-한식-보리밥 전문점,43734687,
2020-01,경기도,수원시 장안구,학문/교육-학원-예능취미체육-학원-스포츠/재즈/댄스,7476076,
2020-01,경기도,광주시,음식-한식-만두 전문점,25485944,
2020-01,경기도,의왕시,생활서비스-이/미용/건강-여성미용실,72668943,
2020-01,경기도,평택시,음식-한식-돌솥/비빔밥 전문점,22969080,
2020-01,경기도,구리시,소매-운동/경기용품-낚시용품 판매,2461765,
2020-01,경기도,안산시 단원구,소매-가정/주방/인테리어-천막/텐트 판매,163227315,
2020-01,경기도,오산시,생활서비스-세탁/가사서비스-청소/소독 대행,31659688,
2020-01,경기도,용인시 처인구,음식-분식-스낵,312141809,
2020-01,경기도,안산시 상록구,소매-음/식료품-식자재 판매,2175962277,
2020-01,경기도,하남시,의료-약국/한약방-약국,3153821027,
2020-01,경기도,수원시 팔달구,관광/여가/오락-요가/단전/마사지-요가,94113123,
2020-01,경기도,이천시,생활서비스-자동차/이륜차-주차장운영,35730305,
2020-01,경기도,안양시 만안구,음식-양식-경양식 전문점,137160105,
2020-01,경기도,고양시 일산서구,소매-기타판매업-성인용품 판매,801008,
2020-01,경기도,용인시 기흥구,음식-한식-한식/백반 전문점,11640164752,
