기준년월,시도명,시군구명,업종분류명,사용금액,카드사명
2019-12,경기도,여주시,소매-책/서적/도서-서적 판매,49203666,
2019-12,경기도,파주시,소매-가구-가구 판매-중고,2667986819,
2019-12,경기도,의정부시,음식-별식/퓨전요리-인도음식 전문점,16480476,
2019-12,경기도,양평군,관광/여가/오락-놀이/여가/취미-낚시터,4026401,
2019-12,경기도,평택시,학문/교육-학원-어학-학원-외국어/어학,477706468,
2019-12,경기도,용인시 수지구,음식-분식-우동 전문점,25482094,
2019-12,경기도,화성시,생활서비스-대행업-신용조사/흥신소,14332706,
2019-12,경기도,고양시 일산서구,의료-병원-병원-피부과의원,2442028967,
2019-12,경기도,과천시,생활서비스-이/미용/건강-여성미용실,18359676,
2019-12,경기도,광명시,소매-기타판매업-유류판매,51497351,
2019-12,경기도,동두천시,음식-다방/커피숍/카페-커피전문점,920062217,
2019-12,경기도,안성시,학문/교육-유아교육-놀이방,8740601,
2019-12,경기도,연천군,소매-종합소매점-슈퍼마켓 일반점,279983156,
2019-12,경기도,김포시,음식-패스트푸드-아이스크림 판매,474473285,
2019-12,경기도,용인시 처인구,음식-수산물-장어요리 전문점,17031139,
2019-12,경기도,의왕시,소매-의복-아동복전문 판매,3883677,
2019-12,경기도,가평군,음식-별식/퓨전요리-닭발 전문점,41099194,
2019-12,경기도,고양시 일산동구,생활서비스-대중목욕탕/휴게-찜질방/사우나,316828651,
2019-12,경기도,광주시,생활서비스-개인/가정용품수리-가전기기/용품 설비,326206351,
2019-12,경기도,오산시,학문/교육-학원기타-학원-기타종합,399401913,
2019-12,경기도,남양주시,생활서비스-자동차/이륜차-세차/광택,278924939,
2019-12,경기도,부천시,소매-가전제품소매-휴대폰 수리-기타,4101161,
2019-12,경기도,성남시 분당구,학문/교육-학원-보습교습입시-학원-보습학원,176292293,
2019-12,경기도,시흥시,음식-패스트푸드-도너츠 전문점,402350912,
2019-12,경기도,고양시 덕양구,학문/교육-학원기타-학습지 보급,60299897,
2019-12,경기도,성남시 수정구,소매-음/식료품-반찬 판매,1470651,
2019-12,경기도,군포시,소매-사무/문구/컴퓨터-문구용품 소매,1143933721,
2019-12,경기도,성남시 중원구,생활서비스-광고/인쇄-광고물/간판 제작,64536696,
2019-12,경기도,수원시 영통구,생활서비스-법무세무회계-변호사,280176649,
2019-12,경기도,수원시 장안구,음식-유흥주점-룸살롱/단란주점,6952931,
2019-12,경기도,수원시 팔달구,관광/여가/오락-PC/오락/당구/볼링등-볼링장,44622564,
2019-12,경기도,안산시 상록구,관광/여가/오락-PC/오락/당구/볼링등-볼링장,134806476,
2019-12,경기도,안산시 단원구,소매-가방/신발/액세서리-액세서리용품 판매,323144650,
2019-12,경기도,양주시,음식-다방/커피숍/카페-커피전문점,1819430112,
2019-12,경기도,안양시 동안구,생활서비스-물품기기대여-렌터카,9410626783,
2019-12,경기도,이천시,스포츠-운영관리시설-캠프장시설운영,1602016,
2019-12,경기도,포천시,관광/여가/오락-연극/영화/극장-종합공연장,608766,
2019-12,경기도,하남시,소매-기타판매업-고체연료/관련제품 판매,543757134,
2019-12,경기도,구리시,소매-종합소매점-구판장/직판장,81457194,
2019-12,경기도,안양시 만안구,음식-한식-해장국/감자탕 전문,1197749550,
2019-12,경기도,수원시 권선구,음식-별식/퓨전요리-퓨전음식 전문점,10046946,
2019-12,경기도,용인시 기흥구,의료-병원-병원-내과,5662143885,
