기준년월,시도명,시군구명,업종분류명,사용금액,카드사명
2013-02,경기도,수원시 팔달구,미용.네일케어,86266460,
2013-02,서울특별시,금천구,자동차.자동차경정비,7358560,
2013-02,경기도,연천군,스포츠/문화/레저.당구장,889988,
2013-02,경기도,파주시,스포츠/문화/레저.서점,21544057347,
2013-02,경기도,용인시 수지구,요식/유흥.분식,263834660,
2013-02,서울특별시,마포구,음/식료품.기타음/식료품,198880,
2013-02,충청북도,음성군,자동차.자동차경정비,1224920,
2013-02,경기도,고양시 덕양구,요식/유흥.일식,752449372,
2013-02,경기도,이천시,의료.약국,577764299,
2013-02,서울특별시,도봉구,가정생활/서비스.열쇠/도장/각종수리점,49720,
2013-02,인천광역시,부평구,요식/유흥.한식(일반),90400,
2013-02,서울특별시,양천구,교육/학원.입시보습학원,1265600,
2013-02,경기도,고양시 일산서구,의류/잡화.패션/잡화,221360988,
2013-02,경기도,안양시 동안구,유통.백화점,18288148802,
2013-02,경기도,포천시,스포츠/문화/레저.반려동물관련,163263756,
2013-02,경기도,화성시,의류/잡화.안경,792243452,
2013-02,서울특별시,강서구,스포츠/문화/레저.화원,226000,
2013-02,경기도,남양주시,요식/유흥.한식(일반),15012612839,
2013-02,경기도,수원시 장안구,유통.슈퍼마켓,6079055517,
2013-02,경기도,시흥시,스포츠/문화/레저.스포츠시설,132631264,
2013-02,경기도,안양시 만안구,주유.주유소,12402492604,
2013-02,서울특별시,구로구,음/식료품.정육점,3597016,
2013-02,경기도,고양시 일산동구,여행/교통.교통,23589111,
2013-02,경기도,성남시 분당구,음/식료품.떡전문,140706786,
2013-02,경기도,수원시 영통구,자동차.자동차공업사,285528268,
2013-02,경기도,가평군,의류/잡화.안경,25316520,
2013-02,경기도,평택시,교육/학원.외국어학원,687460360,
2013-02,경기도,안성시,유통.상품권판매,108267560,
2013-02,경기도,용인시 처인구,가정생활/서비스.전문서비스(법률/회계/번역등),124199402,
2013-02,경기도,의정부시,스포츠/문화/레저.서점,559497284,
2013-02,경기도,광명시,미용.목욕탕/사우나,156693484,
2013-02,서울특별시,노원구,주유.주유소,1494734931,
2013-02,서울특별시,송파구,가정생활/서비스.열쇠/도장/각종수리점,2128016,
2013-02,서울특별시,은평구,요식/유흥.한식(일반),7851240,
2013-02,경기도,김포시,미용.피부/체형관리/마사지,102804733,
2013-02,경기도,여주시,자동차.자동차공업사,127774524,
2013-02,경기도,용인시 기흥구,의료.약국,1466925871,
2013-02,서울특별시,강동구,스포츠/문화/레저.화원,542400,
2013-02,경기도,광주시,요식/유흥.일식,715048632,
2013-02,경기도,성남시 수정구,스포츠/문화/레저.취미/오락,126648049,
2013-02,경기도,오산시,요식/유흥.분식,227506064,
2013-02,서울특별시,중랑구,주유.주유소,595264008,
2013-02,경기도,과천시,의료.일반병원,114978901,
2013-02,경기도,하남시,요식/유흥.일식,162233648,
2013-02,강원도,춘천시,여행/교통.모텔/여관/기타숙박,22600,
2013-02,경기도,동두천시,유통.생활잡화,32880830,
2013-02,경기도,양평군,교육/학원.외국어학원,3021620,
2013-02,서울특별시,서초구,가정생활/서비스.세탁소,492680,
2013-02,충청남도,아산시,주유.주유소,143715049,
2013-02,경기도,성남시 중원구,스포츠/문화/레저.스포츠/레저용품,1521757471,
2013-02,경기도,안산시 단원구,음/식료품.떡전문,67875890,
2013-02,경기도,안산시 상록구,자동차.자동차용품,1089359735,
2013-02,충청남도,천안시 서북구,스포츠/문화/레저.스포츠/레저용품,924792,
2013-02,경기도,군포시,교육/학원.태권도/투기도장,75637680,
2013-02,경기도,부천시,미용.피부/체형관리/마사지,516319419,
2013-02,경기도,수원시 권선구,의료.일반병원,3713578980,
2013-02,인천광역시,서구,유통.슈퍼마켓,17121760,
2013-02,인천광역시,계양구,음/식료품.정육점,12204000,
2013-02,경기도,의왕시,교육/학원.음악/피아노학원,128665325,
2013-02,경기도,구리시,의료.약국,1138236660,
2013-02,경기도,양주시,스포츠/문화/레저.반려동물관련,103518396,
