기준년월,시도명,시군구명,업종분류명,사용금액,카드사명
2015-02,서울특별시,양천구,요식/유흥.한식(일반),990080,
2015-02,경기도,용인시 수지구,요식/유흥.일식,700023909,
2015-02,서울특별시,노원구,음/식료품.기타음/식료품,8056289,
2015-02,경기도,수원시 영통구,교육/학원.태권도/투기도장,276232320,
2015-02,강원도,춘천시,요식/유흥.한식(일반),30537780,
2015-02,경기도,안산시 상록구,요식/유흥.중식,926070002,
2015-02,경기도,하남시,미용.네일케어,6584474,
2015-02,서울특별시,구로구,가전/가구.가전,15770484,
2015-02,경기도,군포시,스포츠/문화/레저.당구장,136669494,
2015-02,경기도,성남시 분당구,음/식료품.정육점,3041453926,
2015-02,인천광역시,부평구,스포츠/문화/레저.서점,3005600,
2015-02,경기도,오산시,요식/유흥.치킨,535163504,
2015-02,경기도,광주시,유통.기타유통,541095374,
2015-02,경기도,안성시,유통.편의점,1849684526,
2015-02,경기도,안양시 만안구,미용.네일케어,14621360,
2015-02,경기도,연천군,교육/학원.입시보습학원,62196030,
2015-02,서울특별시,중랑구,요식/유흥.한식(일반),84382220,
2015-02,경기도,수원시 장안구,유통.생활잡화,171814947,
2015-02,경기도,안양시 동안구,가전/가구.컴퓨터,458497296,
2015-02,경기도,양평군,가전/가구.컴퓨터,12571806,
2015-02,경기도,이천시,가정생활/서비스.열쇠/도장/각종수리점,52707174,
2015-02,경기도,가평군,요식/유흥.중식,208111280,
2015-02,경기도,성남시 중원구,스포츠/문화/레저.영화/공연,334840220,
2015-02,경기도,양주시,미용.피부/체형관리/마사지,21768500,
2015-02,충청북도,음성군,자동차.자동차경정비,994500,
2015-02,서울특별시,은평구,유통.슈퍼마켓,38309908,
2015-02,경기도,고양시 덕양구,요식/유흥.피자전문점,814621434,
2015-02,인천광역시,서구,요식/유흥.제과,31203741,
2015-02,경기도,김포시,의료.치과병원,2100151950,
2015-02,경기도,수원시 권선구,요식/유흥.노래방,959714600,
2015-02,인천광역시,계양구,음/식료품.기타음/식료품,61732858,
2015-02,충청남도,아산시,주유.주유소,124209120,
2015-02,경기도,성남시 수정구,교육/학원.기타예체능학원,24018280,
2015-02,경기도,의왕시,가정생활/서비스.인쇄/광고/이벤트,76672789,
2015-02,서울특별시,강동구,가정생활/서비스.인테리어,72930,
2015-02,경기도,고양시 일산서구,요식/유흥.한식(갈비/삼겹살/곱창),766345659,
2015-02,서울특별시,강서구,스포츠/문화/레저.화원,1547000,
2015-02,경기도,구리시,스포츠/문화/레저.PC게임방,27791678,
2015-02,서울특별시,송파구,의류/잡화.의복/의류,24522160,
2015-02,경기도,남양주시,가정생활/서비스.인테리어,2578182092,
2015-02,경기도,포천시,가전/가구.컴퓨터,25959102,
2015-02,경기도,부천시,의류/잡화.패션/잡화,1356179362,
2015-02,경기도,안산시 단원구,교육/학원.유아교육,295853318,
2015-02,경기도,여주시,요식/유흥.분식,202117539,
2015-02,경기도,평택시,미용.목욕탕/사우나,250669250,
2015-02,서울특별시,금천구,유통.슈퍼마켓,20359625,
2015-02,경기도,고양시 일산동구,의료.약국,2767165946,
2015-02,경기도,과천시,요식/유흥.제과,396106459,
2015-02,경기도,광명시,미용.화장품,1269429967,
2015-02,경기도,의정부시,음/식료품.기타음/식료품,3407804039,
2015-02,경기도,화성시,여행/교통.모텔/여관/기타숙박,1149238454,
2015-02,경기도,수원시 팔달구,미용.피부/체형관리/마사지,189877630,
2015-02,경기도,용인시 처인구,유통.대형유통점,3176699791,
2015-02,경기도,파주시,자동차.자동차공업사,187195358,
2015-02,서울특별시,서초구,요식/유흥.한식(일반),97204198,
2015-02,서울특별시,도봉구,가정생활/서비스.인테리어,12629442,
2015-02,경기도,용인시 기흥구,의료.한의원,772513579,
2015-02,경기도,동두천시,요식/유흥.일식,239755828,
2015-02,서울특별시,마포구,주유.LPG,2998133736,
2015-02,경기도,시흥시,가전/가구.가구,436641563,
