기준년월,시도명,시군구명,업종분류명,사용금액,카드사명
2015-09,경기도,광명시,요식/유흥.커피/음료,935484704,
2015-09,경기도,광주시,교육/학원.문구용품,921057527,
2015-09,경기도,양평군,미용.피부/체형관리/마사지,13883520,
2015-09,인천광역시,계양구,음/식료품.기타음/식료품,89208448,
2015-09,경기도,하남시,가정생활/서비스.열쇠/도장/각종수리점,155666730,
2015-09,경기도,가평군,음/식료품.기타음/식료품,827359859,
2015-09,경기도,수원시 장안구,유통.편의점,2778310528,
2015-09,경기도,용인시 기흥구,요식/유흥.커피/음료,1052789539,
2015-09,경기도,의정부시,여행/교통.여행사,15232000,
2015-09,경기도,포천시,유통.대형유통점,4049676780,
2015-09,경기도,오산시,요식/유흥.분식,590984213,
2015-09,서울특별시,구로구,유통.편의점,33682342,
2015-09,경기도,이천시,유통.상품권판매,601507200,
2015-09,서울특별시,송파구,자동차.자동차용품,104944000,
2015-09,경기도,남양주시,스포츠/문화/레저.서점,544520368,
2015-09,경기도,수원시 권선구,교육/학원.문구용품,1976338107,
2015-09,경기도,수원시 영통구,교육/학원.태권도/투기도장,286284544,
2015-09,경기도,성남시 분당구,교육/학원.미술/서예학원,1219905232,
2015-09,서울특별시,마포구,주유.LPG,2260359660,
2015-09,서울특별시,은평구,유통.슈퍼마켓,41045760,
2015-09,경기도,시흥시,가정생활/서비스.세탁소,121196096,
2015-09,경기도,안양시 동안구,가정생활/서비스.전문서비스(법률/회계/번역등),488257638,
2015-09,강원도,춘천시,요식/유흥.한식(일반),31418240,
2015-09,경기도,안산시 상록구,요식/유흥.노래방,1168467776,
2015-09,경기도,안성시,스포츠/문화/레저.스포츠/레저용품,1249096889,
2015-09,인천광역시,부평구,미용.미용실,11132800,
2015-09,경기도,여주시,의료.기타의료,20824966,
2015-09,충청북도,음성군,자동차.자동차경정비,3592960,
2015-09,경기도,과천시,가정생활/서비스.상담서비스,448000,
2015-09,경기도,안산시 단원구,가전/가구.휴대폰,57579648,
2015-09,경기도,안양시 만안구,요식/유흥.호프/간이주점,1368698526,
2015-09,경기도,의왕시,의료.특화병원,456448966,
2015-09,서울특별시,중랑구,미용.화장품,14873600,
2015-09,경기도,수원시 팔달구,교육/학원.문구용품,712327315,
2015-09,경기도,평택시,의류/잡화.의복/의류,4287069548,
2015-09,인천광역시,서구,의료.약국,28778624,
2015-09,충청남도,아산시,스포츠/문화/레저.문화용품,427840,
2015-09,경기도,고양시 일산서구,유통.생활잡화,599354071,
2015-09,경기도,동두천시,스포츠/문화/레저.스포츠센타/레포츠클럽,38993920,
2015-09,경기도,양주시,자동차.자동차용품,1195615559,
2015-09,경기도,화성시,요식/유흥.부페,37210880,
2015-09,경기도,고양시 일산동구,미용.목욕탕/사우나,388043712,
2015-09,경기도,군포시,교육/학원.문구용품,1274212293,
2015-09,경기도,김포시,주유.LPG,3379530224,
2015-09,서울특별시,서초구,요식/유흥.한식(일반),168572096,
2015-09,경기도,성남시 수정구,의료.약국,874175966,
2015-09,경기도,파주시,유통.상품권판매,4758124537,
2015-09,서울특별시,금천구,미용.미용실,3601920,
2015-09,서울특별시,양천구,미용.화장품,1845760,
2015-09,경기도,부천시,음/식료품.정육점,4760608661,
2015-09,서울특별시,강서구,요식/유흥.패스트푸드,80039366,
2015-09,서울특별시,도봉구,가전/가구.기타가전/가구,1034880,
2015-09,경기도,성남시 중원구,음/식료품.정육점,2382081730,
2015-09,경기도,연천군,요식/유흥.중식,260847104,
2015-09,경기도,용인시 처인구,여행/교통.호텔/콘도,1486855104,
2015-09,경기도,용인시 수지구,가전/가구.가전,702722899,
2015-09,경기도,구리시,미용.화장품,1511704028,
2015-09,서울특별시,강동구,가정생활/서비스.인테리어,3808000,
2015-09,경기도,고양시 덕양구,요식/유흥.양식,1191021892,
2015-09,서울특별시,노원구,교육/학원.입시보습학원,985600,
