기준년월,시도명,시군구명,업종분류명,사용금액,카드사명
2014-01,경기도,성남시 분당구,스포츠/문화/레저.PC게임방,80314639,
2014-01,경기도,용인시 처인구,미용.목욕탕/사우나,257618727,
2014-01,경기도,성남시 수정구,요식/유흥.닭/오리,183642602,
2014-01,경기도,양평군,음/식료품.떡전문,5152836,
2014-01,경기도,안양시 동안구,음/식료품.인삼및건강제품,423948808,
2014-01,경기도,화성시,교육/학원.영어학원,453785196,
2014-01,서울특별시,은평구,요식/유흥.한식(갈비/삼겹살/곱창),762450,
2014-01,충청남도,아산시,주유.주유소,145534581,
2014-01,강원도,춘천시,요식/유흥.한식(일반),27457040,
2014-01,경기도,과천시,미용.화장품,221707208,
2014-01,경기도,하남시,교육/학원.유아교육,35087728,
2014-01,경기도,성남시 중원구,의료.특화병원,1450788865,
2014-01,서울특별시,노원구,요식/유흥.한식(일반),38330240,
2014-01,서울특별시,서초구,유통.편의점,28531316,
2014-01,충청북도,음성군,자동차.자동차경정비,1547000,
2014-01,경기도,의정부시,교육/학원.기타예체능학원,45968000,
2014-01,서울특별시,강동구,스포츠/문화/레저.화원,1016600,
2014-01,인천광역시,부평구,요식/유흥.닭/오리,8676460,
2014-01,충청남도,천안시 서북구,스포츠/문화/레저.스포츠/레저용품,1750320,
2014-01,경기도,광주시,교육/학원.영어학원,154359660,
2014-01,경기도,동두천시,교육/학원.기타예체능학원,11925160,
2014-01,서울특별시,금천구,요식/유흥.치킨,6302920,
2014-01,인천광역시,계양구,음/식료품.기타음/식료품,69389580,
2014-01,경기도,부천시,교육/학원.문구용품,1480127322,
2014-01,경기도,안산시 단원구,유통.백화점,5907671224,
2014-01,경기도,연천군,의류/잡화.패션/잡화,22130940,
2014-01,서울특별시,도봉구,유통.생활잡화,1790100,
2014-01,경기도,안산시 상록구,스포츠/문화/레저.스포츠/레저용품,3325884736,
2014-01,경기도,파주시,가전/가구.가구,388877690,
2014-01,경기도,군포시,가정생활/서비스.세탁소,62953472,
2014-01,서울특별시,중랑구,주유.주유소,618959738,
2014-01,경기도,광명시,가정생활/서비스.인테리어,770771715,
2014-01,경기도,남양주시,유통.기타유통,1095450280,
2014-01,경기도,시흥시,가정생활/서비스.인쇄/광고/이벤트,233529771,
2014-01,경기도,안성시,스포츠/문화/레저.서점,143886249,
2014-01,서울특별시,강서구,주유.주유소,1157557605,
2014-01,서울특별시,구로구,음/식료품.정육점,1431638,
2014-01,경기도,구리시,의료.치과병원,1687902528,
2014-01,경기도,수원시 장안구,스포츠/문화/레저.스포츠/레저용품,1711285654,
2014-01,경기도,오산시,가정생활/서비스.세탁소,111320970,
2014-01,경기도,이천시,가정생활/서비스.세탁소,57976388,
2014-01,서울특별시,마포구,스포츠/문화/레저.스포츠/레저용품,61296560,
2014-01,경기도,고양시 덕양구,스포츠/문화/레저.취미/오락,135210673,
2014-01,경기도,고양시 일산동구,스포츠/문화/레저.서점,1363842550,
2014-01,경기도,평택시,스포츠/문화/레저.당구장,120934294,
2014-01,서울특별시,양천구,미용.화장품,442000,
2014-01,경기도,가평군,가정생활/서비스.세탁소,3580200,
2014-01,경기도,수원시 권선구,가정생활/서비스.상담서비스,29852680,
2014-01,경기도,안양시 만안구,가정생활/서비스.인테리어,754784840,
2014-01,경기도,여주시,가전/가구.기타가전/가구,37131580,
2014-01,경기도,수원시 영통구,자동차.자동차공업사,368108230,
2014-01,경기도,용인시 수지구,스포츠/문화/레저.PC게임방,32982924,
2014-01,인천광역시,서구,스포츠/문화/레저.스포츠/레저용품,1855516,
2014-01,경기도,김포시,여행/교통.여행사,6645470,
2014-01,경기도,의왕시,유통.생활잡화,37002914,
2014-01,서울특별시,송파구,음/식료품.기타음/식료품,13260000,
2014-01,경기도,고양시 일산서구,요식/유흥.한식(갈비/삼겹살/곱창),676384259,
2014-01,경기도,용인시 기흥구,의류/잡화.패션/잡화,225573365,
2014-01,경기도,양주시,의료.치과병원,668209544,
2014-01,경기도,포천시,주유.주유소,22408971149,
2014-01,경기도,수원시 팔달구,요식/유흥.한식(일반),13912609499,
