기준년월,시도명,시군구명,업종분류명,사용금액,카드사명
2014-05,경기도,가평군,스포츠/문화/레저.스크린골프,14382680,
2014-05,경기도,평택시,음/식료품.정육점,2065300577,
2014-05,경기도,고양시 덕양구,여행/교통.교통,30330040,
2014-05,경기도,용인시 처인구,교육/학원.태권도/투기도장,101987080,
2014-05,경기도,연천군,스포츠/문화/레저.스크린골프,972400,
2014-05,서울특별시,중랑구,요식/유흥.한식(일반),70317780,
2014-05,인천광역시,서구,음/식료품.정육점,24020711,
2014-05,강원도,춘천시,요식/유흥.한식(일반),74808500,
2014-05,경기도,광명시,가전/가구.컴퓨터,43697136,
2014-05,경기도,김포시,유통.상품권판매,170506671,
2014-05,서울특별시,금천구,음/식료품.농수산물,549848,
2014-05,경기도,남양주시,요식/유흥.중식,1361399903,
2014-05,경기도,구리시,스포츠/문화/레저.PC게임방,12448488,
2014-05,경기도,시흥시,스포츠/문화/레저.종합레저시설,2329340,
2014-05,경기도,여주시,가정생활/서비스.인테리어,428523141,
2014-05,경기도,하남시,가전/가구.기타가전/가구,124700248,
2014-05,경기도,부천시,가전/가구.컴퓨터,472161593,
2014-05,경기도,수원시 권선구,스포츠/문화/레저.종합레저시설,3768934,
2014-05,경기도,수원시 장안구,유통.대형유통점,14681598279,
2014-05,경기도,이천시,교육/학원.영어학원,75950186,
2014-05,경기도,과천시,가전/가구.가전,305741124,
2014-05,서울특별시,강서구,주유.주유소,1528322074,
2014-05,인천광역시,부평구,미용.미용실,353600,
2014-05,충청남도,아산시,주유.주유소,114066162,
2014-05,경기도,고양시 일산서구,유통.대형유통점,25971222656,
2014-05,경기도,안산시 상록구,의료.특화병원,927722980,
2014-05,경기도,성남시 중원구,가전/가구.컴퓨터,404195169,
2014-05,경기도,파주시,스포츠/문화/레저.당구장,105516450,
2014-05,서울특별시,서초구,요식/유흥.중식,37214632,
2014-05,경기도,성남시 분당구,의류/잡화.패션/잡화,1419251679,
2014-05,경기도,의정부시,여행/교통.교통,21368048,
2014-05,경기도,동두천시,유통.상품권판매,3447600,
2014-05,경기도,안산시 단원구,교육/학원.영어학원,135185700,
2014-05,경기도,안양시 동안구,교육/학원.문구용품,2138915624,
2014-05,경기도,안양시 만안구,자동차.자동차용품,574866950,
2014-05,경기도,양주시,요식/유흥.제과,445348972,
2014-05,서울특별시,구로구,여행/교통.교통,65769,
2014-05,서울특별시,도봉구,가정생활/서비스.열쇠/도장/각종수리점,5843240,
2014-05,경기도,고양시 일산동구,유통.백화점,11700071013,
2014-05,경기도,수원시 팔달구,스포츠/문화/레저.당구장,52128596,
2014-05,경기도,용인시 기흥구,미용.네일케어,46021040,
2014-05,경기도,화성시,주유.주유소,79980136496,
2014-05,서울특별시,마포구,주유.LPG,3816750121,
2014-05,충청북도,음성군,자동차.자동차경정비,2340390,
2014-05,경기도,양평군,유통.대형유통점,791882081,
2014-05,서울특별시,송파구,가정생활/서비스.인테리어,7918872,
2014-05,인천광역시,계양구,음/식료품.정육점,4490711,
2014-05,경기도,광주시,의류/잡화.안경,350017590,
2014-05,경기도,수원시 영통구,스포츠/문화/레저.종합레저시설,523328,
2014-05,경기도,포천시,의료.치과병원,432028480,
2014-05,서울특별시,노원구,미용.미용실,2475200,
2014-05,서울특별시,양천구,음/식료품.농수산물,4252040,
2014-05,서울특별시,은평구,스포츠/문화/레저.화원,4402320,
2014-05,경기도,성남시 수정구,요식/유흥.중식,824904374,
2014-05,경기도,오산시,주유.LPG,3461776659,
2014-05,경기도,의왕시,유통.대형유통점,6816384195,
2014-05,서울특별시,강동구,스포츠/문화/레저.화원,1089530,
2014-05,경기도,용인시 수지구,미용.미용실,1176208569,
2014-05,경기도,안성시,유통.생활잡화,223393186,
2014-05,경기도,군포시,의료.약국,1511729509,
