기준년월,시도명,시군구명,업종분류명,사용금액,카드사명
2013-06,충청남도,천안시 서북구,스포츠/문화/레저.스포츠/레저용품,7124733,
2013-06,경기도,가평군,가정생활/서비스.인쇄/광고/이벤트,25584045,
2013-06,경기도,고양시 덕양구,의료.일반병원,1974827740,
2013-06,경기도,안산시 단원구,가정생활/서비스.상담서비스,93686730,
2013-06,경기도,구리시,교육/학원.태권도/투기도장,75543000,
2013-06,서울특별시,도봉구,주유.주유소,992016282,
2013-06,인천광역시,부평구,요식/유흥.닭/오리,13363065,
2013-06,경기도,수원시 권선구,가전/가구.컴퓨터,240677316,
2013-06,경기도,의정부시,여행/교통.모텔/여관/기타숙박,1211249466,
2013-06,경기도,포천시,스포츠/문화/레저.스포츠센타/레포츠클럽,79840905,
2013-06,경기도,용인시 수지구,의료.기타의료,104738939,
2013-06,서울특별시,강동구,스포츠/문화/레저.화원,648150,
2013-06,경기도,하남시,자동차.자동차공업사,90212842,
2013-06,서울특별시,강서구,스포츠/문화/레저.화원,268200,
2013-06,서울특별시,노원구,유통.편의점,12418375,
2013-06,인천광역시,서구,의류/잡화.패션/잡화,4291200,
2013-06,강원도,춘천시,요식/유흥.한식(일반),32407500,
2013-06,경기도,군포시,스포츠/문화/레저.문화용품,104723383,
2013-06,경기도,성남시 분당구,여행/교통.호텔/콘도,76526400,
2013-06,경기도,양평군,미용.미용실,92584875,
2013-06,서울특별시,마포구,주유.LPG,3550720795,
2013-06,경기도,고양시 일산서구,스포츠/문화/레저.취미/오락,127216200,
2013-06,경기도,김포시,스포츠/문화/레저.실내골프장,16203750,
2013-06,경기도,안성시,여행/교통.모텔/여관/기타숙박,370011151,
2013-06,경기도,용인시 처인구,요식/유흥.외식업기타,2375338019,
2013-06,경기도,오산시,유통.기타유통,915435844,
2013-06,경기도,수원시 팔달구,요식/유흥.부페,210191558,
2013-06,인천광역시,계양구,가정생활/서비스.인테리어,10669890,
2013-06,경기도,부천시,교육/학원.음악/피아노학원,595125742,
2013-06,경기도,의왕시,요식/유흥.한식(일반),9702086397,
2013-06,서울특별시,구로구,음/식료품.농수산물,585346,
2013-06,서울특별시,양천구,미용.미용실,536400,
2013-06,서울특별시,은평구,자동차.자동차경정비,44700,
2013-06,경기도,안산시 상록구,스포츠/문화/레저.취미/오락,107587759,
2013-06,경기도,안양시 동안구,유통.상품권판매,678746256,
2013-06,경기도,연천군,교육/학원.유아교육,9467460,
2013-06,서울특별시,금천구,자동차.자동차경정비,14082735,
2013-06,경기도,수원시 장안구,가정생활/서비스.전문서비스(법률/회계/번역등),105694625,
2013-06,경기도,안양시 만안구,미용.네일케어,20749740,
2013-06,경기도,용인시 기흥구,의류/잡화.안경,960539079,
2013-06,경기도,이천시,의료.한의원,249361185,
2013-06,경기도,동두천시,의료.일반병원,610029974,
2013-06,경기도,성남시 수정구,자동차.자동차판매,198021214,
2013-06,경기도,파주시,스포츠/문화/레저.실외골프/스키,8594927398,
2013-06,서울특별시,중랑구,가전/가구.가구,4917000,
2013-06,경기도,고양시 일산동구,교육/학원.유아교육,320417869,
2013-06,경기도,성남시 중원구,요식/유흥.피자전문점,235435816,
2013-06,서울특별시,서초구,요식/유흥.중식,56791350,
2013-06,충청북도,음성군,자동차.자동차경정비,1966800,
2013-06,경기도,과천시,요식/유흥.중식,244121451,
2013-06,경기도,시흥시,교육/학원.영어학원,191107251,
2013-06,경기도,화성시,요식/유흥.패스트푸드,974024925,
2013-06,경기도,평택시,가정생활/서비스.인테리어,2462955758,
2013-06,충청남도,아산시,주유.주유소,163141008,
2013-06,경기도,광명시,교육/학원.유아교육,38707965,
2013-06,경기도,여주시,요식/유흥.노래방,208327479,
2013-06,경기도,양주시,요식/유흥.치킨,527751368,
2013-06,서울특별시,송파구,스포츠/문화/레저.스크린골프,4503525,
2013-06,경기도,수원시 영통구,교육/학원.유아교육,68308305,
2013-06,경기도,남양주시,스포츠/문화/레저.반려동물관련,692479079,
2013-06,경기도,광주시,미용.네일케어,18398520,
