기준년월,시도명,시군구명,업종분류명,사용금액,카드사명
2016-07,경기도,안산시 단원구,유통/기타유통,941131637,
2016-07,서울특별시,강서구,요식/유흥/한식(일반),74525269,
2016-07,경기도,용인시 수지구,미용/목욕탕/사우나,217076222,
2016-07,서울특별시,도봉구,가정생활/서비스/열쇠/도장/각종수리점,16084915,
2016-07,경기도,용인시 처인구,스포츠/문화/레저/PC게임방,78399269,
2016-07,경기도,고양시 덕양구,음/식료품/농수산물,1911021997,
2016-07,경기도,광주시,스포츠/문화/레저/스포츠/레저용품,3502264619,
2016-07,경기도,성남시 분당구,여행/교통/여행사,110117467,
2016-07,경기도,이천시,미용/미용실,971841553,
2016-07,경기도,파주시,요식/유흥/한식(족발/보쌈),1140623423,
2016-07,경기도,양주시,의료/약국,795141818,
2016-07,충청북도,음성군,자동차/자동차경정비,1398100,
2016-07,서울특별시,강동구,스포츠/문화/레저/화원,505120,
2016-07,서울특별시,양천구,의류/잡화/의복/의류,9020000,
2016-07,인천광역시,서구,가정생활/서비스/세탁소,2900381,
2016-07,경기도,성남시 수정구,교육/학원/미술/서예학원,27226870,
2016-07,경기도,안양시 동안구,스포츠/문화/레저/실외골프/스키,85577250,
2016-07,경기도,평택시,가정생활/서비스/세탁소,185859878,
2016-07,서울특별시,중랑구,의류/잡화/의복/의류,36902398,
2016-07,경기도,동두천시,주유/주유소,4545205822,
2016-07,경기도,수원시 권선구,요식/유흥/일식,488862352,
2016-07,서울특별시,서초구,유통/편의점,56943936,
2016-07,서울특별시,은평구,유통/슈퍼마켓,65959652,
2016-07,경기도,오산시,주유/LPG,2070284953,
2016-07,경기도,포천시,의료/약국,704865442,
2016-07,경기도,고양시 일산동구,주유/LPG,5482979953,
2016-07,경기도,화성시,유통/대형유통점,23281231420,
2016-07,경기도,수원시 장안구,미용/목욕탕/사우나,339864129,
2016-07,경기도,시흥시,요식/유흥/양식,644588593,
2016-07,서울특별시,구로구,가정생활/서비스/인쇄/광고/이벤트,5908100,
2016-07,인천광역시,계양구,음/식료품/기타음/식료품,25108676,
2016-07,경기도,과천시,미용/네일케어,7545230,
2016-07,경기도,구리시,가전/가구/컴퓨터,154159331,
2016-07,경기도,광명시,스포츠/문화/레저/영화/공연,422082876,
2016-07,경기도,성남시 중원구,가정생활/서비스/세탁소,71921240,
2016-07,경기도,양평군,교육/학원/입시보습학원,483042648,
2016-07,경기도,여주시,요식/유흥/중식,332071300,
2016-07,경기도,의왕시,요식/유흥/한식(갈비/삼겹살/곱창),630590004,
2016-07,경기도,의정부시,주유/LPG,7494930475,
2016-07,충청남도,아산시,주유/주유소,166551088,
2016-07,경기도,부천시,교육/학원/외국어학원,1945934566,
2016-07,경기도,수원시 팔달구,가정생활/서비스/상담서비스,132751850,
2016-07,경기도,안성시,요식/유흥/닭/오리,418022925,
2016-07,경기도,안양시 만안구,교육/학원/태권도/투기도장,164037720,
2016-07,경기도,용인시 기흥구,음/식료품/기타음/식료품,2789681385,
2016-07,서울특별시,금천구,음/식료품/정육점,1204170,
2016-07,서울특별시,송파구,음/식료품/기타음/식료품,20385200,
2016-07,경기도,고양시 일산서구,유통/편의점,3813443709,
2016-07,경기도,남양주시,스포츠/문화/레저/문화용품,488331502,
2016-07,경기도,수원시 영통구,가전/가구/가구,51811326,
2016-07,경기도,하남시,가전/가구/기타가전/가구,131086004,
2016-07,서울특별시,마포구,음/식료품/기타음/식료품,23956218,
2016-07,경기도,가평군,음/식료품/인삼및건강제품,16917010,
2016-07,경기도,안산시 상록구,유통/편의점,6057204898,
2016-07,경기도,연천군,스포츠/문화/레저/취미/오락,4912743,
2016-07,인천광역시,부평구,여행/교통/교통,4192045,
2016-07,경기도,김포시,음/식료품/농수산물,1526019691,
2016-07,서울특별시,노원구,스포츠/문화/레저/스포츠시설,1858120,
2016-07,경기도,군포시,가전/가구/가구,253051364,
2016-07,강원도,춘천시,요식/유흥/한식(일반),141050250,
