기준년월,시도명,시군구명,업종분류명,사용금액,카드사명
2019-10,경기도,과천시,생활서비스-운송/배달/택배-종합이삿짐대행,13884142,
2019-10,경기도,평택시,의료-병원-병원-소아과,96879269,
2019-10,경기도,광명시,소매-운동/경기용품-골프용품 판매,0,
2019-10,경기도,의정부시,소매-가구-가구 판매-중고,882621793,
2019-10,경기도,수원시 영통구,소매-음/식료품-반찬 판매,118328989,
2019-10,경기도,파주시,의료-병원-병원-산부인과,209834486,
2019-10,경기도,남양주시,소매-가정/주방/인테리어-커튼/카페트 판매,241945157,
2019-10,경기도,수원시 팔달구,음식-별식/퓨전요리-퓨전음식 전문점,23213844,
2019-10,경기도,안산시 상록구,소매-사무/문구/컴퓨터-문구용품 소매,668353985,
2019-10,경기도,양주시,음식-유흥주점-민속주점,47842335,
2019-10,경기도,용인시 처인구,스포츠-운동시설-골프연습장,8766270503,
2019-10,경기도,시흥시,소매-종합소매점-종합소매점-중고,74019223,
2019-10,경기도,안양시 동안구,학문/교육-학원기타-학원-기타종합,661894971,
2019-10,경기도,화성시,학문/교육-학원기타-학원-기타종합,2893964136,
2019-10,경기도,구리시,학문/교육-학원기타-학원-기타종합,449672120,
2019-10,경기도,양평군,의료-병원-병원-일반,1009622391,
2019-10,경기도,군포시,의료-수용복지시설-복지시설,6663961,
2019-10,경기도,포천시,의료-약국/한약방-약국,1450469204,
2019-10,경기도,수원시 장안구,생활서비스-운송/배달/택배-종합이삿짐대행,2670027,
2019-10,경기도,용인시 기흥구,의료-약국/한약방-약국,3797452167,
2019-10,경기도,고양시 덕양구,소매-가정/주방/인테리어-주방용품 판매,31890379,
2019-10,경기도,김포시,관광/여가/오락-경마/경륜/성인오락-게임룸,3760838,
2019-10,경기도,성남시 수정구,소매-사무/문구/컴퓨터-문구용품 소매,181055101,
2019-10,경기도,연천군,소매-선물/팬시/기념품-꽃집/꽃배달,13419067,
2019-10,경기도,오산시,소매-기타판매업-고체연료/관련제품 판매,207699472,
2019-10,경기도,광주시,생활서비스-장례/묘지-납골/묘지,84906869,
2019-10,경기도,의왕시,음식-한식-면/만두/수제비 전문점,361356159,
2019-10,경기도,동두천시,교통/운송-버스운송-여행사,0,
2019-10,경기도,이천시,소매-가정/주방/인테리어-커튼/카페트 판매,98136256,
2019-10,경기도,고양시 일산동구,관광/여가/오락-요가/단전/마사지-스포츠마사지,110958419,
2019-10,경기도,안성시,생활서비스-이/미용/건강-피부관리,43991161,
2019-10,경기도,성남시 중원구,소매-가정/주방/인테리어-생활용품 판매,155096873,
2019-10,경기도,안산시 단원구,음식-양식-스테이크 전문점,3865773,
2019-10,경기도,성남시 분당구,의료-병원-병원-내과,28287542229,
2019-10,경기도,하남시,음식-유흥주점-소주방/포장마차,351557098,
2019-10,경기도,수원시 권선구,음식-한식-보쌈/족발 전문점,550401244,
2019-10,경기도,용인시 수지구,음식-한식-콩나물국밥 전문점,17377605,
2019-10,경기도,가평군,관광/여가/오락-PC/오락/당구/볼링등-당구장,36247518,
2019-10,경기도,안양시 만안구,스포츠-운동시설-헬스클럽/스포츠센터,353621625,
2019-10,경기도,여주시,의료-병원-병원-신경외과,276588828,
2019-10,경기도,고양시 일산서구,관광/여가/오락-PC/오락/당구/볼링등-비디오감상실,3798223,
2019-10,경기도,부천시,생활서비스-주유소/충전소-차량가스충전소,6123115473,
