기준년월,시도명,시군구명,업종분류명,사용금액,카드사명
2015-10,경기도,과천시,주유.LPG,507010624,
2015-10,경기도,여주시,의료.일반병원,403747182,
2015-10,경기도,남양주시,교육/학원.음악/피아노학원,381050124,
2015-10,경기도,포천시,유통.상품권판매,39715800,
2015-10,경기도,파주시,의료.한의원,629773596,
2015-10,서울특별시,구로구,음/식료품.기타음/식료품,12116982,
2015-10,서울특별시,은평구,가정생활/서비스.인테리어,12058596,
2015-10,서울특별시,중랑구,자동차.자동차용품,7814400,
2015-10,강원도,춘천시,요식/유흥.한식(일반),40013280,
2015-10,경기도,김포시,유통.편의점,6222640836,
2015-10,서울특별시,강동구,스포츠/문화/레저.화원,404040,
2015-10,경기도,부천시,요식/유흥.제과,2539089875,
2015-10,충청남도,아산시,주유.주유소,191491618,
2015-10,경기도,수원시 권선구,교육/학원.미술/서예학원,235133520,
2015-10,경기도,안양시 동안구,음/식료품.농수산물,945920776,
2015-10,경기도,연천군,요식/유흥.패스트푸드,84521216,
2015-10,서울특별시,강서구,자동차.자동차판매,5949600,
2015-10,인천광역시,서구,요식/유흥.한식(일반),160847658,
2015-10,경기도,가평군,미용.미용실,61812845,
2015-10,경기도,고양시 일산서구,유통.백화점,21252036872,
2015-10,경기도,안산시 상록구,자동차.자동차판매,47652433,
2015-10,경기도,오산시,주유.LPG,2288725379,
2015-10,경기도,성남시 수정구,스포츠/문화/레저.PC게임방,26498852,
2015-10,경기도,수원시 팔달구,음/식료품.기타음/식료품,885761303,
2015-10,경기도,의정부시,교육/학원.입시보습학원,4047874034,
2015-10,인천광역시,부평구,가정생활/서비스.인테리어,666000,
2015-10,경기도,의왕시,가전/가구.가전,1413912250,
2015-10,경기도,성남시 분당구,가정생활/서비스.전문서비스(법률/회계/번역등),23124260343,
2015-10,서울특별시,노원구,교육/학원.유아교육,4697520,
2015-10,경기도,하남시,가정생활/서비스.상담서비스,9070920,
2015-10,서울특별시,금천구,음/식료품.정육점,5363520,
2015-10,서울특별시,송파구,스포츠/문화/레저.실내골프장,3374400,
2015-10,경기도,고양시 일산동구,여행/교통.모텔/여관/기타숙박,814450956,
2015-10,경기도,안성시,미용.피부/체형관리/마사지,87507960,
2015-10,경기도,안양시 만안구,의료.일반병원,1444940191,
2015-10,경기도,용인시 수지구,미용.목욕탕/사우나,234394837,
2015-10,경기도,용인시 처인구,교육/학원.미술/서예학원,43032480,
2015-10,경기도,이천시,교육/학원.태권도/투기도장,88409280,
2015-10,경기도,고양시 덕양구,유통.편의점,4821712434,
2015-10,경기도,수원시 영통구,유통.백화점,7822455714,
2015-10,경기도,양주시,미용.목욕탕/사우나,212216016,
2015-10,서울특별시,도봉구,주유.주유소,469216056,
2015-10,서울특별시,서초구,미용.화장품,976800,
2015-10,서울특별시,양천구,의류/잡화.의복/의류,5114880,
2015-10,경기도,광명시,스포츠/문화/레저.취미/오락,165729748,
2015-10,경기도,성남시 중원구,스포츠/문화/레저.스포츠시설,218750452,
2015-10,경기도,용인시 기흥구,교육/학원.미술/서예학원,325022430,
2015-10,충청북도,음성군,자동차.자동차경정비,1975800,
2015-10,경기도,구리시,가전/가구.가구,285478946,
2015-10,경기도,군포시,미용.화장품,1195450597,
2015-10,경기도,동두천시,요식/유흥.닭/오리,152139708,
2015-10,경기도,안산시 단원구,의류/잡화.안경,953575123,
2015-10,경기도,광주시,요식/유흥.유흥업소,301888920,
2015-10,경기도,수원시 장안구,스포츠/문화/레저.스포츠/레저용품,2644306326,
2015-10,인천광역시,계양구,유통.생활잡화,8510592,
2015-10,경기도,화성시,요식/유흥.피자전문점,920191678,
2015-10,경기도,양평군,요식/유흥.분식,318357324,
2015-10,경기도,평택시,유통.백화점,18221227244,
2015-10,서울특별시,마포구,요식/유흥.외식업기타,1001220,
2015-10,경기도,시흥시,요식/유흥.커피/음료,704841097,
