기준년월,시도명,시군구명,업종분류명,사용금액,카드사명
2020-08,경기도,고양시 일산동구,소매-애견/애완/동물-애완동물 미용실,28890870,
2020-08,경기도,화성시,생활서비스-운송/배달/택배-용달/개별화물,472061654,
2020-08,경기도,군포시,스포츠-운영관리시설-캠프장시설운영,6722285,
2020-08,경기도,성남시 중원구,소매-의복-아동복전문 판매,393026891,
2020-08,경기도,용인시 기흥구,음식-수산물-갈치 전문점,31157107,
2020-08,경기도,수원시 권선구,음식-분식-밀요리 전문점,24329592,
2020-08,경기도,양평군,음식-유흥주점-바/스텐드바,19050289,
2020-08,경기도,남양주시,소매-가정/주방/인테리어-천막/텐트 판매,375429447,
2020-08,경기도,안산시 상록구,의료-의료관련서비스업-치과기공소,5660457,
2020-08,경기도,안성시,학문/교육-학원-보습교습입시-학원-보습학원,4272043,
2020-08,경기도,평택시,학문/교육-학원-예능취미체육-학원-요리,25632262,
2020-08,경기도,과천시,소매-기타판매업-음반/영상매체 판매,835973,
2020-08,경기도,구리시,의료-병원-병원-피부과의원,2500019094,
2020-08,경기도,연천군,음식-한식-보리밥 전문점,16963368,
2020-08,경기도,하남시,소매-기타판매업-곡물/사료 판매,15743015,
2020-08,경기도,성남시 수정구,교통/운송-택시운송-택시회사-기타,1923487,
2020-08,경기도,안양시 동안구,생활서비스-자동차/이륜차-자동차경정비,8010190536,
2020-08,경기도,여주시,소매-의복-아동복전문 판매,8285021,
2020-08,경기도,파주시,생활서비스-자동차/이륜차-자동차경정비,5708405000,
2020-08,경기도,안양시 만안구,소매-가방/신발/액세서리-신발 판매-기타,13120061,
2020-08,경기도,가평군,생활서비스-운송/배달/택배-택배업,102631579,
2020-08,경기도,광명시,음식-유흥주점-호프/맥주,1500575698,
2020-08,경기도,광주시,음식-기타음식점-구내식당/자급식음식점,6362728,
2020-08,경기도,동두천시,의료-병원-병원-치과,3877966386,
2020-08,경기도,용인시 처인구,생활서비스-개인/가정용품수리-컴퓨터 수리,10102390,
2020-08,경기도,시흥시,음식-한식-돌솥/비빔밥 전문점,16914090,
2020-08,경기도,성남시 분당구,관광/여가/오락-놀이/여가/취미-기타오락관련시설,64961359,
2020-08,경기도,의왕시,학문/교육-학원기타-학원-기타,12816131,
2020-08,경기도,고양시 일산서구,음식-제과제빵떡케익-제과/제빵 전문점,2124336480,
2020-08,경기도,수원시 장안구,소매-종합소매점-시장,164861890,
2020-08,경기도,양주시,학문/교육-학원기타-고시원,19220067,
2020-08,경기도,오산시,의료-의료관련서비스업-유사의료업,5820659,
2020-08,경기도,안산시 단원구,소매-종합소매점-혼수전문점,3204032,
2020-08,경기도,용인시 수지구,생활서비스-개인/가정용품수리-보일러 수리,16006279,
2020-08,경기도,의정부시,음식-별식/퓨전요리-샤브샤브 전문점,504209855,
2020-08,경기도,포천시,음식-제과제빵떡케익-떡/한과 판매,15492989,
2020-08,경기도,이천시,스포츠-운동시설-헬스클럽/스포츠센터,532873483,
2020-08,경기도,수원시 팔달구,학문/교육-학원-창업취업취미-학원-정보/통신기술,621314294,
2020-08,경기도,수원시 영통구,음식-수산물-매운탕 전문점,335243894,
2020-08,경기도,김포시,소매-의약/의료품소매-의약품 판매,27508010,
2020-08,경기도,고양시 덕양구,음식-양식-기타세계요리 전문점,343336891,
2020-08,경기도,부천시,음식-유흥주점-소주방/포장마차,1039651516,
