기준년월,시도명,시군구명,업종분류명,사용금액,카드사명
2019-09,경기도,수원시 장안구,음식-음식배달서비스-야식집,74957389,
2019-09,경기도,김포시,소매-운동/경기용품-스포츠용품 판매,940603639,
2019-09,경기도,안성시,음식-중식-짬뽕 전문점,179561858,
2019-09,경기도,성남시 수정구,소매-가정/주방/인테리어-생활용품 판매,2955089246,
2019-09,경기도,포천시,소매-자동차/자동차용품-자동차 판매,187795625,
2019-09,경기도,시흥시,음식-유흥주점-꼬치구이 전문점,478200137,
2019-09,경기도,의정부시,생활서비스-대행업-고객관리대행,1836978,
2019-09,경기도,고양시 일산서구,음식-분식-라멘 전문점,53611737,
2019-09,경기도,과천시,음식-유흥주점-바/스텐드바,11461185,
2019-09,경기도,구리시,소매-취미/오락관련소매-문구용품 판매,177183871,
2019-09,경기도,용인시 수지구,의료-수용복지시설-복지시설,2883629,
2019-09,경기도,고양시 덕양구,음식-수산물-게장 전문점,51595924,
2019-09,경기도,성남시 분당구,소매-의복-양품점,7962555,
2019-09,경기도,안산시 상록구,음식-분식-밀요리 전문점,16557639,
2019-09,경기도,양주시,음식-별식/퓨전요리-샤브샤브 전문점,194997161,
2019-09,경기도,수원시 권선구,생활서비스-운송/배달/택배-용달/개별화물,465721803,
2019-09,경기도,안양시 동안구,소매-취미/오락관련소매-악기 판매,21644952,
2019-09,경기도,안산시 단원구,소매-의약/의료품소매-의료용품 판매,683376249,
2019-09,경기도,용인시 처인구,음식-양식-스테이크 전문점,4683205,
2019-09,경기도,가평군,관광/여가/오락-PC/오락/당구/볼링등-당구장,32830917,
2019-09,경기도,고양시 일산동구,교통/운송-자동차/이륜차-장의차량,6408065,
2019-09,경기도,수원시 팔달구,음식-한식-죽요리 전문점,168910361,
2019-09,경기도,안양시 만안구,학문/교육-학원-보습교습입시-수학전문 학원,24243848,
2019-09,경기도,연천군,음식-패스트푸드-샌드위치/토스트 전문점,5844876,
2019-09,경기도,파주시,관광/여가/오락-요가/단전/마사지-단전호흡,12506408,
2019-09,경기도,남양주시,의료-병원-병원-이비인후과,197982375,
2019-09,경기도,평택시,생활서비스-자동차/이륜차-세차/광택,137885701,
2019-09,경기도,수원시 영통구,음식-패스트푸드-아이스크림 판매,266107746,
2019-09,경기도,여주시,소매-통신장비-휴대폰 판매,918489,
2019-09,경기도,부천시,소매-종합소매점-수입품 판매,60459703,
2019-09,경기도,양평군,소매-의복-아동복전문 판매,78600687,
2019-09,경기도,의왕시,음식-수산물-조개구이 전문점,41645152,
2019-09,경기도,오산시,학문/교육-학원-보습교습입시-수학전문 학원,3738038,
2019-09,경기도,용인시 기흥구,학문/교육-학원-보습교습입시-수학전문 학원,63034005,
2019-09,경기도,성남시 중원구,생활서비스-개인/가정용품수리-농기구 수리,1057330,
2019-09,경기도,이천시,관광/여가/오락-PC/오락/당구/볼링등-당구장,185727338,
2019-09,경기도,군포시,소매-가정/주방/인테리어-주방가구 판매,3660073,
2019-09,경기도,하남시,음식-분식-떡볶이 전문점,174539064,
2019-09,경기도,광주시,생활서비스-광고/인쇄-인쇄업,1351140,
2019-09,경기도,화성시,소매-건강/미용식품-인삼제품 판매,456621975,
2019-09,경기도,동두천시,음식-수산물-오징어 전문점,7815704,
2019-09,경기도,광명시,소매-의복-셔츠/내의 판매,91587547,
