기준년월,시도명,시군구명,업종분류명,사용금액,카드사명
2020-05,경기도,군포시,소매-종합소매점-슈퍼마켓 일반점,4640197333,
2020-05,경기도,안양시 만안구,음식-양식-돈가스 전문점,263251119,
2020-05,경기도,수원시 권선구,소매-음/식료품-얼음 판매,80100,
2020-05,경기도,양평군,생활서비스-이/미용/건강-네일케어,14436874,
2020-05,경기도,수원시 영통구,학문/교육-학원-음악미술무용-학원-무용,28976204,
2020-05,경기도,하남시,소매-자동차/자동차용품-자동차 판매-기타,1591742940,
2020-05,경기도,고양시 일산서구,음식-유흥주점-소주방/포장마차,275827428,
2020-05,경기도,동두천시,소매-가전제품소매-휴대폰 수리-기타,5222573,
2020-05,경기도,성남시 수정구,음식-분식-국수 전문점,190652773,
2020-05,경기도,의정부시,소매-통신장비-휴대폰 판매,99224624,
2020-05,경기도,성남시 중원구,생활서비스-자동차/이륜차-자전거 판매,339109492,
2020-05,경기도,파주시,음식-한식-부침/전 전문점,14599709,
2020-05,경기도,용인시 처인구,소매-가방/신발/액세서리-신발 판매,221159570,
2020-05,경기도,화성시,음식-별식/퓨전요리-닭발 전문점,153007905,
2020-05,경기도,구리시,음식-음식배달서비스-야식집,2332698,
2020-05,경기도,수원시 장안구,음식-양식-스테이크 전문점,10471988,
2020-05,경기도,의왕시,학문/교육-학원-보습교습입시-학원-보습학원,53934552,
2020-05,경기도,평택시,스포츠-운동시설-무예/투기 도장,6301264,
2020-05,경기도,안산시 상록구,음식-수산물-참치 전문점,333658004,
2020-05,경기도,안성시,음식-한식-한정식 전문점,119903966,
2020-05,경기도,용인시 기흥구,음식-한식-면/수제비 전문점,4662935,
2020-05,경기도,가평군,관광/여가/오락-PC/오락/당구/볼링등-당구장,62577598,
2020-05,경기도,시흥시,생활서비스-운송/배달/택배-용달/개별화물,296566918,
2020-05,경기도,여주시,소매-의복-셔츠/내의 판매,24935078,
2020-05,경기도,용인시 수지구,관광/여가/오락-PC/오락/당구/볼링등-당구장,200272539,
2020-05,경기도,연천군,의료-병원-보건기관-기타,22400354,
2020-05,경기도,부천시,음식-기타음식점-구내식당/자급식음식점,29777212,
2020-05,경기도,광명시,음식-수산물-장어요리 전문점,83222431,
2020-05,경기도,안양시 동안구,의료-수용복지시설-복지시설-비수용,9184894,
2020-05,경기도,이천시,소매-취미/오락관련소매-장난감/오락기기/용품 판매,198725640,
2020-05,경기도,고양시 덕양구,관광/여가/오락-요가/단전/마사지-스포츠마사지,3868457,
2020-05,경기도,오산시,생활서비스-광고/인쇄-광고기획,640806,
2020-05,경기도,고양시 일산동구,소매-애견/애완/동물-애견훈련소/애견호텔,69335270,
2020-05,경기도,광주시,소매-음/식료품-얼음 판매,8498590,
2020-05,경기도,남양주시,소매-취미/오락관련소매-문구용품 판매,674108669,
2020-05,경기도,성남시 분당구,소매-화장품소매-화장품 판매,22618413900,
2020-05,경기도,안산시 단원구,소매-취미/오락관련소매-수족관,26425794,
2020-05,경기도,수원시 팔달구,소매-취미/오락관련소매-장난감/오락기기/용품 판매,60252060,
2020-05,경기도,김포시,학문/교육-학원-음악미술무용-학원-무용,32900076,
2020-05,경기도,양주시,음식-한식-설렁탕 전문점,152965866,
2020-05,경기도,과천시,음식-제과제빵떡케익-떡/한과 판매,12433601,
2020-05,경기도,포천시,학문/교육-학원기타-학원-기타,10519907,
