기준년월,시도명,시군구명,업종분류명,사용금액,카드사명
2016-03,경기도,과천시,미용.미용실,387127875,
2016-03,경기도,성남시 중원구,스포츠/문화/레저.당구장,83699905,
2016-03,경기도,용인시 처인구,교육/학원.문구용품,4941606256,
2016-03,서울특별시,금천구,유통.슈퍼마켓,31968000,
2016-03,경기도,포천시,가전/가구.가전,549316844,
2016-03,서울특별시,마포구,주유.LPG,2053450232,
2016-03,충청남도,아산시,유통.슈퍼마켓,84138,
2016-03,경기도,성남시 분당구,요식/유흥.중식,4790469899,
2016-03,경기도,안양시 동안구,요식/유흥.치킨,1520200402,
2016-03,경기도,안양시 만안구,요식/유흥.피자전문점,468878718,
2016-03,경기도,성남시 수정구,미용.피부/체형관리/마사지,21800400,
2016-03,경기도,파주시,미용.미용실,1997291740,
2016-03,경기도,용인시 수지구,스포츠/문화/레저.실외골프/스키,151035480,
2016-03,서울특별시,노원구,요식/유흥.한식(일반),115404924,
2016-03,서울특별시,은평구,자동차.자동차용품,53901600,
2016-03,경기도,고양시 일산동구,요식/유흥.중식,2067232693,
2016-03,경기도,고양시 일산서구,스포츠/문화/레저.취미/오락,147626004,
2016-03,경기도,안산시 상록구,요식/유흥.일식,616383355,
2016-03,인천광역시,계양구,유통.생활잡화,3128690,
2016-03,경기도,수원시 권선구,음/식료품.정육점,1710862225,
2016-03,경기도,시흥시,교육/학원.태권도/투기도장,274318740,
2016-03,경기도,안성시,음/식료품.기타음/식료품,645906464,
2016-03,경기도,이천시,요식/유흥.중식,999779002,
2016-03,경기도,구리시,의료.한의원,654586536,
2016-03,경기도,동두천시,미용.피부/체형관리/마사지,33594416,
2016-03,경기도,김포시,미용.피부/체형관리/마사지,209132880,
2016-03,경기도,용인시 기흥구,요식/유흥.패스트푸드,1310292795,
2016-03,경기도,의정부시,요식/유흥.치킨,1754489354,
2016-03,경기도,평택시,음/식료품.떡전문,92064732,
2016-03,경기도,부천시,자동차.자동차용품,1895501854,
2016-03,경기도,수원시 팔달구,가전/가구.가전,1923207978,
2016-03,경기도,의왕시,요식/유흥.노래방,299058375,
2016-03,경기도,군포시,요식/유흥.부페,38628000,
2016-03,경기도,여주시,의료.종합병원,11544355,
2016-03,충청북도,음성군,자동차.자동차경정비,976800,
2016-03,서울특별시,강동구,교육/학원.기타예체능학원,1909200,
2016-03,서울특별시,서초구,자동차.자동차용품,888000,
2016-03,강원도,춘천시,요식/유흥.한식(일반),91666020,
2016-03,경기도,남양주시,자동차.자동차판매,294210561,
2016-03,경기도,광주시,유통.상품권판매,76039884,
2016-03,경기도,수원시 영통구,의료.약국,3395443890,
2016-03,경기도,양주시,스포츠/문화/레저.당구장,71345472,
2016-03,경기도,연천군,의료.기타의료,4059492,
2016-03,경기도,하남시,요식/유흥.유흥업소,221018760,
2016-03,서울특별시,도봉구,유통.기타유통,6660000,
2016-03,서울특별시,중랑구,요식/유흥.한식(일반),104066940,
2016-03,경기도,고양시 덕양구,미용.피부/체형관리/마사지,239778648,
2016-03,경기도,수원시 장안구,스포츠/문화/레저.스포츠센타/레포츠클럽,486017762,
2016-03,경기도,안산시 단원구,의료.종합병원,7951332219,
2016-03,서울특별시,송파구,스포츠/문화/레저.스크린골프,11315340,
2016-03,인천광역시,부평구,유통.슈퍼마켓,13153500,
2016-03,경기도,광명시,요식/유흥.양식,348434550,
2016-03,경기도,오산시,의료.약국,1349251238,
2016-03,경기도,화성시,요식/유흥.패스트푸드,1506448132,
2016-03,서울특별시,양천구,의류/잡화.의복/의류,5292480,
2016-03,인천광역시,서구,유통.슈퍼마켓,21751338,
2016-03,서울특별시,구로구,요식/유흥.한식(일반),3090240,
2016-03,서울특별시,강서구,유통.기타유통,20536979667,
2016-03,경기도,가평군,여행/교통.교통,7166160,
2016-03,경기도,양평군,자동차.자동차공업사,36499464,
