기준년월,시도명,시군구명,업종분류명,사용금액,카드사명
2014-12,경기도,부천시,음/식료품.떡전문,112743347,
2014-12,경기도,성남시 수정구,교육/학원.음악/피아노학원,47972870,
2014-12,경기도,남양주시,스포츠/문화/레저.반려동물관련,967319858,
2014-12,서울특별시,도봉구,스포츠/문화/레저.스포츠/레저용품,1679073,
2014-12,경기도,안양시 만안구,가정생활/서비스.열쇠/도장/각종수리점,282268272,
2014-12,서울특별시,서초구,유통.기타유통,3488485,
2014-12,강원도,춘천시,요식/유흥.한식(일반),31087430,
2014-12,경기도,연천군,스포츠/문화/레저.문화용품,26702808,
2014-12,서울특별시,구로구,스포츠/문화/레저.스포츠/레저용품,721600,
2014-12,서울특별시,노원구,요식/유흥.중식,4818935,
2014-12,경기도,양평군,의료.일반병원,385438941,
2014-12,서울특별시,마포구,유통.기타유통,60711365,
2014-12,경기도,오산시,교육/학원.태권도/투기도장,200108700,
2014-12,경기도,의왕시,자동차.자동차공업사,81104583,
2014-12,서울특별시,강서구,주유.주유소,1954904618,
2014-12,경기도,양주시,의료.기타의료,47852453,
2014-12,경기도,이천시,여행/교통.교통,74687228,
2014-12,경기도,파주시,여행/교통.호텔/콘도,11162250,
2014-12,서울특별시,은평구,스포츠/문화/레저.문화용품,496100,
2014-12,경기도,안산시 단원구,여행/교통.교통,52228055,
2014-12,경기도,하남시,요식/유흥.커피/음료,295482283,
2014-12,서울특별시,금천구,유통.기타유통,7938051,
2014-12,경기도,가평군,여행/교통.모텔/여관/기타숙박,555504592,
2014-12,경기도,고양시 덕양구,의료.약국,2524893688,
2014-12,경기도,과천시,의료.한의원,148889532,
2014-12,인천광역시,서구,요식/유흥.노래방,20976010,
2014-12,경기도,수원시 권선구,스포츠/문화/레저.스크린골프,167436456,
2014-12,경기도,동두천시,가정생활/서비스.전문서비스(법률/회계/번역등),33962104,
2014-12,경기도,안양시 동안구,의류/잡화.의복/의류,2781275832,
2014-12,경기도,평택시,스포츠/문화/레저.당구장,185204575,
2014-12,서울특별시,양천구,미용.화장품,2660900,
2014-12,충청남도,아산시,주유.주유소,172903288,
2014-12,경기도,고양시 일산서구,가전/가구.기타가전/가구,243024534,
2014-12,경기도,안산시 상록구,요식/유흥.한식(일반),14809323120,
2014-12,경기도,안성시,요식/유흥.호프/간이주점,538869232,
2014-12,경기도,용인시 기흥구,스포츠/문화/레저.스포츠센타/레포츠클럽,783966774,
2014-12,경기도,수원시 팔달구,가전/가구.기타가전/가구,416146066,
2014-12,경기도,용인시 수지구,요식/유흥.한식(족발/보쌈),196886756,
2014-12,경기도,화성시,스포츠/문화/레저.종합레저시설,1741311,
2014-12,서울특별시,송파구,자동차.자동차용품,1470611026,
2014-12,경기도,수원시 장안구,요식/유흥.치킨,923553736,
2014-12,경기도,시흥시,의료.종합병원,1238046143,
2014-12,경기도,용인시 처인구,의류/잡화.의복/의류,1744223648,
2014-12,충청남도,천안시 서북구,가정생활/서비스.인테리어,9471000,
2014-12,경기도,고양시 일산동구,유통.생활잡화,1166786510,
2014-12,경기도,김포시,요식/유흥.분식,892466816,
2014-12,경기도,여주시,가전/가구.휴대폰,9221146,
2014-12,충청북도,음성군,자동차.자동차경정비,5006100,
2014-12,경기도,광명시,요식/유흥.중식,986709075,
2014-12,경기도,광주시,의료.종합병원,425026368,
2014-12,경기도,군포시,미용.네일케어,37518690,
2014-12,서울특별시,중랑구,가정생활/서비스.인테리어,2807926,
2014-12,경기도,의정부시,교육/학원.태권도/투기도장,192509350,
2014-12,인천광역시,계양구,가정생활/서비스.인테리어,1864885,
2014-12,인천광역시,부평구,스포츠/문화/레저.서점,9200400,
2014-12,경기도,수원시 영통구,스포츠/문화/레저.스포츠/레저용품,5295423197,
2014-12,경기도,성남시 분당구,스포츠/문화/레저.실내골프장,396728013,
2014-12,경기도,포천시,스포츠/문화/레저.스포츠센타/레포츠클럽,62705236,
2014-12,경기도,성남시 중원구,요식/유흥.치킨,1023712407,
2014-12,경기도,구리시,미용.네일케어,47857865,
