기준년월,시도명,시군구명,업종분류명,사용금액,카드사명
2020-06,경기도,군포시,소매-종합소매점-할인매장,18795365900,
2020-06,경기도,수원시 팔달구,음식-별식/퓨전요리-사철탕 전문점,7508399,
2020-06,경기도,안성시,소매-종합소매점-시장,162099885,
2020-06,경기도,수원시 영통구,음식-패스트푸드-아이스크림 판매,339178369,
2020-06,경기도,용인시 기흥구,학문/교육-학원기타-학원-기타,5970181,
2020-06,경기도,안산시 단원구,생활서비스-이/미용/건강-피부관리,14085032,
2020-06,경기도,고양시 일산서구,음식-수산물-갈치 전문점,75546056,
2020-06,경기도,성남시 분당구,학문/교육-유아교육-놀이방,122296864,
2020-06,경기도,안양시 동안구,학문/교육-학원기타-학원-기타,339950017,
2020-06,경기도,김포시,교통/운송-택시운송-콜택시-일반,1225008,
2020-06,경기도,구리시,학문/교육-유아교육-유아교육기관-기타,134728511,
2020-06,경기도,오산시,생활서비스-물품기기대여-도서 대여,6252808,
2020-06,경기도,이천시,소매-사무/문구/컴퓨터-인장/도장,907809,
2020-06,경기도,하남시,음식-일식-일식 전문점,2585578822,
2020-06,경기도,광주시,생활서비스-운송/배달/택배-용달/개별화물,820383457,
2020-06,경기도,용인시 처인구,관광/여가/오락-놀이/여가/취미-기타오락관련시설,9515977,
2020-06,경기도,수원시 권선구,관광/여가/오락-무도/유흥/가무-무도유흥주점-종합,110048127,
2020-06,경기도,연천군,음식-중식-중국음식/중국집,760965699,
2020-06,경기도,성남시 중원구,생활서비스-이/미용/건강-여성미용실,116948356,
2020-06,경기도,시흥시,소매-기타판매업-자동판매기 운영,241370,
2020-06,경기도,고양시 일산동구,소매-유아용품-유아용품 판매,395898217,
2020-06,경기도,과천시,소매-음/식료품-두유 판매,66488807,
2020-06,경기도,광명시,학문/교육-학원-예능취미체육-학원-에어로빅,23870044,
2020-06,경기도,양주시,관광/여가/오락-전시/관람-사적지관리,2910329,
2020-06,경기도,양평군,의료-병원-병원-산부인과,30690591,
2020-06,경기도,수원시 장안구,관광/여가/오락-놀이/여가/취미-기타오락관련시설,85440,
2020-06,경기도,여주시,교통/운송-버스운송-여행사,3759398,
2020-06,경기도,안양시 만안구,생활서비스-개인/가정용품수리-컴퓨터 수리,972625787,
2020-06,경기도,파주시,학문/교육-학원-음악미술무용-학원-무용,89659518,
2020-06,경기도,고양시 덕양구,음식-수산물-민물장어 전문점,1428334697,
2020-06,경기도,부천시,의료-병원-대체의학-기타,37593985,
2020-06,경기도,성남시 수정구,학문/교육-학원-음악미술무용-학원-무용,14845352,
2020-06,경기도,포천시,학문/교육-유아교육-놀이방,2848385,
2020-06,경기도,남양주시,생활서비스-대중목욕탕/휴게-목욕탕,83735521,
2020-06,경기도,용인시 수지구,관광/여가/오락-PC/오락/당구/볼링등-인터넷PC방,416964321,
2020-06,경기도,평택시,의료-병원-병원-비뇨기과,488820429,
2020-06,경기도,안산시 상록구,음식-한식-갈매기살 전문점,20790416,
2020-06,경기도,의정부시,음식-유흥주점-기타일반 유흥주점,36075013,
2020-06,경기도,화성시,학문/교육-학원기타-학원-기타종합,1523788075,
2020-06,경기도,동두천시,소매-의복-스포츠의류전문 판매,38247404,
2020-06,경기도,가평군,의료-수의업-수의업,13254936,
2020-06,경기도,의왕시,소매-의복-정장 판매,38944051,
