기준년월,시도명,시군구명,업종분류명,사용금액,카드사명
2014-11,경기도,화성시,의류/잡화.의복/의류,4205047395,
2014-11,경기도,광주시,교육/학원.영어학원,146142450,
2014-11,경기도,안양시 만안구,요식/유흥.일식,822237513,
2014-11,경기도,수원시 권선구,요식/유흥.닭/오리,405967715,
2014-11,경기도,고양시 덕양구,요식/유흥.커피/음료,748243247,
2014-11,경기도,용인시 처인구,주유.주유소,32520092526,
2014-11,서울특별시,송파구,요식/유흥.한식(일반),109857150,
2014-11,서울특별시,중랑구,가정생활/서비스.인테리어,4552350,
2014-11,충청북도,음성군,자동차.자동차경정비,538450,
2014-11,경기도,김포시,요식/유흥.한식(일반),13300914844,
2014-11,서울특별시,구로구,미용.미용실,823250,
2014-11,경기도,용인시 수지구,요식/유흥.분식,862494621,
2014-11,서울특별시,서초구,가정생활/서비스.세탁소,4913423,
2014-11,경기도,광명시,스포츠/문화/레저.문화용품,209989581,
2014-11,경기도,성남시 수정구,스포츠/문화/레저.화원,229145897,
2014-11,경기도,포천시,교육/학원.외국어학원,30451350,
2014-11,경기도,고양시 일산서구,음/식료품.정육점,1787589559,
2014-11,인천광역시,계양구,음/식료품.농수산물,13635690,
2014-11,경기도,남양주시,가정생활/서비스.상담서비스,50418500,
2014-11,경기도,의정부시,미용.화장품,1866827260,
2014-11,서울특별시,노원구,음/식료품.농수산물,191350,
2014-11,인천광역시,부평구,가전/가구.가전,1068000,
2014-11,경기도,수원시 영통구,유통.대형유통점,15198234520,
2014-11,경기도,군포시,여행/교통.호텔/콘도,23095500,
2014-11,경기도,성남시 분당구,의료.종합병원,24816130414,
2014-11,경기도,의왕시,음/식료품.농수산물,2807087202,
2014-11,경기도,안성시,요식/유흥.분식,208899020,
2014-11,경기도,이천시,가정생활/서비스.열쇠/도장/각종수리점,84972661,
2014-11,경기도,평택시,요식/유흥.커피/음료,696862902,
2014-11,서울특별시,도봉구,가정생활/서비스.열쇠/도장/각종수리점,3916000,
2014-11,서울특별시,마포구,유통.편의점,53126814,
2014-11,서울특별시,양천구,가정생활/서비스.인테리어,7280200,
2014-11,경기도,안산시 단원구,스포츠/문화/레저.스포츠시설,152631978,
2014-11,경기도,안산시 상록구,교육/학원.태권도/투기도장,172695600,
2014-11,경기도,양주시,스포츠/문화/레저.스포츠시설,283700850,
2014-11,경기도,파주시,요식/유흥.한식(일반),20517340506,
2014-11,경기도,하남시,요식/유흥.중식,511988982,
2014-11,인천광역시,서구,교육/학원.입시보습학원,24532850,
2014-11,경기도,동두천시,교육/학원.미술/서예학원,35266250,
2014-11,경기도,수원시 장안구,스포츠/문화/레저.스포츠/레저용품,2608065656,
2014-11,경기도,시흥시,스포츠/문화/레저.화원,405976659,
2014-11,경기도,연천군,자동차.자동차경정비,335379594,
2014-11,서울특별시,금천구,미용.미용실,3898200,
2014-11,강원도,춘천시,여행/교통.모텔/여관/기타숙박,3408700,
2014-11,경기도,가평군,의료.기타의료,33375,
2014-11,경기도,부천시,가전/가구.컴퓨터,474639981,
2014-11,경기도,여주시,요식/유흥.부페,1842300,
2014-11,충청남도,아산시,유통.기타유통,7698500,
2014-11,경기도,고양시 일산동구,요식/유흥.한식(갈비/삼겹살/곱창),1433056150,
2014-11,경기도,구리시,요식/유흥.닭/오리,172864700,
2014-11,경기도,수원시 팔달구,스포츠/문화/레저.종합레저시설,293700,
2014-11,경기도,안양시 동안구,스포츠/문화/레저.스크린골프,298722047,
2014-11,경기도,오산시,의료.한의원,322440992,
2014-11,서울특별시,은평구,가정생활/서비스.인테리어,5550040,
2014-11,경기도,용인시 기흥구,가전/가구.휴대폰,19890565,
2014-11,서울특별시,강서구,주유.주유소,1802820160,
2014-11,경기도,성남시 중원구,요식/유흥.한식(일반),9938940254,
2014-11,경기도,양평군,유통.대형유통점,657743957,
2014-11,경기도,과천시,유통.슈퍼마켓,4433432093,
