기준년월,시도명,시군구명,업종분류명,사용금액,카드사명
2014-09,경기도,동두천시,여행/교통.모텔/여관/기타숙박,221104787,
2014-09,서울특별시,강서구,스포츠/문화/레저.화원,44000,
2014-09,경기도,성남시 중원구,교육/학원.외국어학원,273275200,
2014-09,경기도,이천시,요식/유흥.한식(족발/보쌈),143172664,
2014-09,경기도,오산시,스포츠/문화/레저.화원,50672600,
2014-09,서울특별시,은평구,유통.슈퍼마켓,35220240,
2014-09,강원도,춘천시,여행/교통.모텔/여관/기타숙박,884400,
2014-09,경기도,부천시,요식/유흥.한식(일반),24829652672,
2014-09,경기도,연천군,스포츠/문화/레저.스포츠/레저용품,163736474,
2014-09,경기도,용인시 기흥구,스포츠/문화/레저.실외골프/스키,5738911948,
2014-09,경기도,군포시,요식/유흥.닭/오리,218761611,
2014-09,경기도,하남시,가정생활/서비스.상담서비스,7277600,
2014-09,경기도,안성시,유통.생활잡화,632563813,
2014-09,인천광역시,계양구,가정생활/서비스.인테리어,101640,
2014-09,인천광역시,서구,가정생활/서비스.세탁소,945560,
2014-09,경기도,수원시 장안구,주유.LPG,1835584995,
2014-09,경기도,수원시 팔달구,가정생활/서비스.열쇠/도장/각종수리점,81520120,
2014-09,경기도,양평군,스포츠/문화/레저.실외골프/스키,521201736,
2014-09,서울특별시,송파구,스포츠/문화/레저.스크린골프,6397600,
2014-09,경기도,가평군,요식/유흥.노래방,54645800,
2014-09,경기도,과천시,가전/가구.휴대폰,1482800,
2014-09,경기도,안양시 동안구,교육/학원.미술/서예학원,473660726,
2014-09,경기도,안양시 만안구,교육/학원.음악/피아노학원,141494320,
2014-09,경기도,구리시,교육/학원.영어학원,177493932,
2014-09,경기도,성남시 분당구,요식/유흥.외식업기타,11627800998,
2014-09,경기도,수원시 권선구,여행/교통.모텔/여관/기타숙박,853912554,
2014-09,경기도,포천시,가전/가구.가전,627025608,
2014-09,서울특별시,금천구,교육/학원.입시보습학원,12931600,
2014-09,경기도,광명시,미용.목욕탕/사우나,111925440,
2014-09,경기도,용인시 수지구,유통.생활잡화,210229756,
2014-09,경기도,평택시,요식/유흥.커피/음료,766631769,
2014-09,서울특별시,강동구,스포츠/문화/레저.화원,237600,
2014-09,서울특별시,노원구,음/식료품.기타음/식료품,10970740,
2014-09,경기도,안산시 단원구,여행/교통.교통,43370800,
2014-09,경기도,안산시 상록구,교육/학원.미술/서예학원,66105600,
2014-09,경기도,양주시,스포츠/문화/레저.영화/공연,93663028,
2014-09,경기도,여주시,요식/유흥.제과,191440326,
2014-09,서울특별시,서초구,교육/학원.입시보습학원,1364000,
2014-09,경기도,광주시,요식/유흥.한식(족발/보쌈),280755200,
2014-09,경기도,김포시,스포츠/문화/레저.PC게임방,4697836,
2014-09,경기도,성남시 수정구,요식/유흥.외식업기타,2421913903,
2014-09,서울특별시,중랑구,미용.화장품,15752000,
2014-09,경기도,수원시 영통구,교육/학원.문구용품,1517336326,
2014-09,서울특별시,마포구,주유.LPG,3531817643,
2014-09,서울특별시,양천구,음/식료품.농수산물,1394800,
2014-09,충청남도,아산시,유통.기타유통,506000,
2014-09,경기도,고양시 일산서구,스포츠/문화/레저.스포츠시설,26960120,
2014-09,경기도,의왕시,미용.목욕탕/사우나,59950880,
2014-09,서울특별시,구로구,음/식료품.농수산물,884620,
2014-09,경기도,고양시 덕양구,유통.대형유통점,13767414540,
2014-09,경기도,용인시 처인구,요식/유흥.커피/음료,292713608,
2014-09,인천광역시,부평구,유통.슈퍼마켓,12993640,
2014-09,경기도,남양주시,가정생활/서비스.열쇠/도장/각종수리점,380535320,
2014-09,경기도,파주시,가전/가구.휴대폰,15439600,
2014-09,서울특별시,도봉구,가정생활/서비스.인테리어,3968316,
2014-09,경기도,고양시 일산동구,스포츠/문화/레저.스포츠/레저용품,2714747640,
2014-09,경기도,의정부시,의료.약국,2476999487,
2014-09,경기도,시흥시,여행/교통.교통,58726140,
2014-09,경기도,화성시,스포츠/문화/레저.스포츠시설,427584300,
