기준년월,시도명,시군구명,업종분류명,사용금액,카드사명
2014-03,경기도,고양시 일산동구,미용.네일케어,132668896,
2014-03,경기도,포천시,교육/학원.미술/서예학원,11091150,
2014-03,경기도,부천시,요식/유흥.커피/음료,1818630577,
2014-03,서울특별시,구로구,자동차.자동차경정비,38882970,
2014-03,경기도,수원시 권선구,요식/유흥.커피/음료,720553979,
2014-03,서울특별시,노원구,의류/잡화.의복/의류,2672460,
2014-03,서울특별시,도봉구,유통.기타유통,2253510,
2014-03,서울특별시,은평구,요식/유흥.한식(일반),7082460,
2014-03,경기도,하남시,가정생활/서비스.인쇄/광고/이벤트,325978794,
2014-03,경기도,고양시 일산서구,음/식료품.농수산물,744424621,
2014-03,인천광역시,부평구,가정생활/서비스.인테리어,16109730,
2014-03,경기도,과천시,요식/유흥.치킨,202894883,
2014-03,경기도,양주시,여행/교통.여행사,16515891,
2014-03,경기도,용인시 수지구,의류/잡화.패션/잡화,340117722,
2014-03,경기도,이천시,가전/가구.휴대폰,16287320,
2014-03,강원도,춘천시,여행/교통.모텔/여관/기타숙박,74970,
2014-03,경기도,고양시 덕양구,교육/학원.기타예체능학원,93600045,
2014-03,경기도,남양주시,교육/학원.기타예체능학원,111985335,
2014-03,경기도,성남시 중원구,가전/가구.컴퓨터,364862739,
2014-03,경기도,안산시 상록구,미용.피부/체형관리/마사지,61862598,
2014-03,경기도,화성시,스포츠/문화/레저.취미/오락,220375814,
2014-03,서울특별시,마포구,주유.LPG,3608086411,
2014-03,경기도,구리시,스포츠/문화/레저.문화용품,122500098,
2014-03,경기도,김포시,스포츠/문화/레저.스포츠/레저용품,5020670340,
2014-03,경기도,동두천시,주유.주유소,5295821675,
2014-03,경기도,안산시 단원구,요식/유흥.분식,754264107,
2014-03,경기도,수원시 영통구,의료.한의원,1055914347,
2014-03,경기도,여주시,미용.화장품,311482710,
2014-03,서울특별시,서초구,가정생활/서비스.세탁소,6036319,
2014-03,경기도,군포시,가정생활/서비스.세탁소,162682562,
2014-03,경기도,성남시 분당구,요식/유흥.커피/음료,3914377470,
2014-03,경기도,성남시 수정구,미용.피부/체형관리/마사지,24616620,
2014-03,경기도,안성시,요식/유흥.닭/오리,191599329,
2014-03,서울특별시,강서구,스포츠/문화/레저.화원,4842180,
2014-03,경기도,용인시 처인구,요식/유흥.제과,588098566,
2014-03,서울특별시,강동구,스포츠/문화/레저.화원,904050,
2014-03,서울특별시,금천구,미용.화장품,13891500,
2014-03,서울특별시,중랑구,의류/잡화.패션/잡화,564480,
2014-03,충청북도,음성군,자동차.자동차경정비,839223,
2014-03,경기도,안양시 동안구,교육/학원.미술/서예학원,404119271,
2014-03,경기도,안양시 만안구,미용.네일케어,15075585,
2014-03,경기도,오산시,스포츠/문화/레저.서점,782646867,
2014-03,서울특별시,양천구,미용.화장품,970200,
2014-03,경기도,광명시,음/식료품.농수산물,681586271,
2014-03,경기도,양평군,유통.편의점,610636665,
2014-03,경기도,용인시 기흥구,가정생활/서비스.세탁소,547108498,
2014-03,충청남도,아산시,주유.주유소,123831410,
2014-03,경기도,시흥시,요식/유흥.분식,611940578,
2014-03,경기도,파주시,자동차.자동차경정비,2245433159,
2014-03,서울특별시,송파구,스포츠/문화/레저.실내골프장,4567437,
2014-03,경기도,평택시,자동차.자동차공업사,311842610,
2014-03,인천광역시,계양구,음/식료품.정육점,33050330,
2014-03,인천광역시,서구,가전/가구.기타가전/가구,13000680,
2014-03,경기도,수원시 팔달구,교육/학원.태권도/투기도장,101266830,
2014-03,경기도,의정부시,여행/교통.여행사,19487525,
2014-03,경기도,수원시 장안구,의료.일반병원,2016011434,
2014-03,경기도,연천군,의류/잡화.의복/의류,90546120,
2014-03,경기도,의왕시,스포츠/문화/레저.스포츠시설,153651235,
2014-03,경기도,가평군,스포츠/문화/레저.서점,54838791,
2014-03,경기도,광주시,유통.상품권판매,39050550,
