기준년월,시도명,시군구명,업종분류명,사용금액,카드사명
2019-03,경기도,김포시,학문/교육-학원-창업취업취미-학원-제과/제빵,16030844,
2019-03,경기도,의왕시,소매-화장품소매-화장품 판매,278029746,
2019-03,경기도,부천시,학문/교육-학원기타-학원-기타,73511192,
2019-03,경기도,평택시,소매-종합소매점-종합소매점-중고,120671434,
2019-03,경기도,안성시,음식-패스트푸드-패스트푸드 전문점,420285160,
2019-03,경기도,고양시 덕양구,의료-병원-보건기관-요양원,132645762,
2019-03,경기도,성남시 수정구,학문/교육-학원-창업취업취미-학원-이용/미용,7267814,
2019-03,경기도,수원시 팔달구,의료-병원-병원-한의학과,3885970820,
2019-03,경기도,안산시 단원구,의료-병원-병원-일반,9711142958,
2019-03,경기도,용인시 수지구,음식-일식-초밥 전문점,931270190,
2019-03,경기도,이천시,생활서비스-운송/배달/택배-택배업,371842105,
2019-03,경기도,파주시,생활서비스-법무세무회계-세무사,137559,
2019-03,경기도,가평군,관광/여가/오락-PC/오락/당구/볼링등-당구장,36475667,
2019-03,경기도,고양시 일산서구,관광/여가/오락-요가/단전/마사지-요가,26967276,
2019-03,경기도,광명시,소매-사무/문구/컴퓨터-컴퓨터/주변기기 판매,29474127,
2019-03,경기도,시흥시,음식-패스트푸드-패스트푸드 전문점,1326826099,
2019-03,경기도,안산시 상록구,소매-시계/귀금속소매-시계 판매,59648906,
2019-03,경기도,양주시,생활서비스-운송/배달/택배-종합이삿짐대행,7262474,
2019-03,경기도,양평군,학문/교육-학원-음악미술무용-학원-무용,6514866,
2019-03,경기도,용인시 기흥구,생활서비스-대행업-복사대행,61058513,
2019-03,경기도,포천시,음식-한식-기사식당,48489144,
2019-03,경기도,화성시,소매-책/서적/도서-서적 출판-종교,2897513,
2019-03,경기도,군포시,음식-유흥주점-기타일반 유흥주점,79171062,
2019-03,경기도,남양주시,소매-운동/경기용품-낚시용품 판매,5837747,
2019-03,경기도,동두천시,소매-책/서적/도서-서적 판매,146537597,
2019-03,경기도,수원시 영통구,생활서비스-자동차/이륜차-자동차부품/용품-판매,282965780,
2019-03,경기도,수원시 권선구,관광/여가/오락-연극/영화/극장-종합공연장,384483,
2019-03,경기도,용인시 처인구,생활서비스-대행업-복사대행,12390558,
2019-03,경기도,과천시,생활서비스-대행업-복사대행,1151740,
2019-03,경기도,안양시 만안구,소매-애견/애완/동물-애완동물 미용실,4069121,
2019-03,경기도,안양시 동안구,소매-음/식료품-미곡상,7786867,
2019-03,경기도,오산시,음식-유흥주점-바/스텐드바,69732921,
2019-03,경기도,광주시,생활서비스-광고/인쇄-인쇄업,4053101,
2019-03,경기도,수원시 장안구,소매-의복-양품점,136564956,
2019-03,경기도,구리시,소매-기타판매업-통신판매,17878503,
2019-03,경기도,하남시,의료-수용복지시설-장애인이용복지시설,2470309,
2019-03,경기도,성남시 분당구,소매-기타판매업-포장재료 판매,198650,
2019-03,경기도,여주시,생활서비스-이/미용/건강-이용업,265375,
2019-03,경기도,연천군,소매-기타판매업-유류판매,55094412,
2019-03,경기도,의정부시,음식-별식/퓨전요리-돌구이 전문점,4442925,
2019-03,경기도,고양시 일산동구,소매-운동/경기용품-골프용품 판매,66074632,
2019-03,경기도,성남시 중원구,의료-병원-병원-피부과의원,507936161,
