기준년월,시도명,시군구명,업종분류명,사용금액,카드사명
2016-04,경기도,하남시,자동차.자동차공업사,127660416,
2016-04,경기도,성남시 분당구,여행/교통.교통,98709310,
2016-04,경기도,화성시,의료.특화병원,2313844712,
2016-04,서울특별시,중랑구,의류/잡화.의복/의류,2726069,
2016-04,서울특별시,마포구,주유.LPG,1977193849,
2016-04,경기도,과천시,자동차.자동차판매,51997409,
2016-04,경기도,수원시 장안구,미용.화장품,790425125,
2016-04,경기도,시흥시,주유.LPG,2459885682,
2016-04,경기도,양주시,교육/학원.유아교육,1334469131,
2016-04,경기도,이천시,스포츠/문화/레저.스크린골프,98651063,
2016-04,경기도,용인시 기흥구,의료.기타의료,1142819973,
2016-04,서울특별시,서초구,요식/유흥.외식업기타,13926880,
2016-04,경기도,의정부시,가전/가구.기타가전/가구,242192727,
2016-04,경기도,평택시,스포츠/문화/레저.실외골프/스키,688144143,
2016-04,서울특별시,금천구,교육/학원.입시보습학원,17805480,
2016-04,경기도,성남시 수정구,스포츠/문화/레저.반려동물관련,225196828,
2016-04,경기도,포천시,주유.LPG,1913984247,
2016-04,서울특별시,구로구,교육/학원.입시보습학원,2706000,
2016-04,인천광역시,서구,가정생활/서비스.세탁소,3920543,
2016-04,경기도,구리시,가전/가구.컴퓨터,68453537,
2016-04,경기도,김포시,유통.대형유통점,12122787725,
2016-04,경기도,연천군,가정생활/서비스.인쇄/광고/이벤트,8529312,
2016-04,경기도,의왕시,음/식료품.농수산물,2849708398,
2016-04,경기도,수원시 권선구,가정생활/서비스.인테리어,2666245779,
2016-04,경기도,안양시 만안구,스포츠/문화/레저.스포츠/레저용품,1335080732,
2016-04,경기도,동두천시,여행/교통.여행사,42845,
2016-04,서울특별시,은평구,자동차.자동차용품,53790770,
2016-04,인천광역시,부평구,가정생활/서비스.인테리어,360800,
2016-04,경기도,가평군,의료.특화병원,10518312,
2016-04,경기도,광주시,교육/학원.음악/피아노학원,149267470,
2016-04,경기도,군포시,스포츠/문화/레저.스포츠센타/레포츠클럽,589278133,
2016-04,경기도,성남시 중원구,교육/학원.태권도/투기도장,106187950,
2016-04,경기도,양평군,스포츠/문화/레저.당구장,5987476,
2016-04,서울특별시,노원구,교육/학원.음악/피아노학원,2255000,
2016-04,경기도,남양주시,자동차.자동차용품,3649512597,
2016-04,경기도,안양시 동안구,음/식료품.떡전문,82589375,
2016-04,경기도,용인시 처인구,가전/가구.휴대폰,27299030,
2016-04,경기도,파주시,유통.생활잡화,1507755887,
2016-04,서울특별시,도봉구,자동차.자동차용품,35227610,
2016-04,충청남도,아산시,유통.기타유통,24395041,
2016-04,경기도,안산시 단원구,스포츠/문화/레저.문화용품,201818125,
2016-04,경기도,용인시 수지구,스포츠/문화/레저.PC게임방,153485411,
2016-04,서울특별시,강서구,유통.기타유통,21167497108,
2016-04,인천광역시,계양구,가정생활/서비스.인테리어,1671857,
2016-04,경기도,고양시 일산동구,스포츠/문화/레저.화원,500434425,
2016-04,경기도,고양시 일산서구,요식/유흥.치킨,1279675969,
2016-04,경기도,오산시,유통.생활잡화,343471560,
2016-04,충청북도,음성군,자동차.자동차경정비,4699420,
2016-04,경기도,수원시 영통구,교육/학원.영어학원,201785518,
2016-04,경기도,여주시,스포츠/문화/레저.취미/오락,17193022,
2016-04,서울특별시,양천구,가정생활/서비스.인테리어,11518540,
2016-04,경기도,부천시,가전/가구.기타가전/가구,205451706,
2016-04,경기도,안성시,요식/유흥.한식(족발/보쌈),464457840,
2016-04,강원도,춘천시,요식/유흥.한식(일반),117223920,
2016-04,경기도,광명시,유통.기타유통,721859505,
2016-04,경기도,고양시 덕양구,요식/유흥.한식(족발/보쌈),822292966,
2016-04,경기도,수원시 팔달구,교육/학원.태권도/투기도장,130325470,
2016-04,서울특별시,송파구,가정생활/서비스.열쇠/도장/각종수리점,2108425,
2016-04,경기도,안산시 상록구,미용.목욕탕/사우나,217433414,
2016-04,서울특별시,강동구,스포츠/문화/레저.화원,942590,
