기준년월,시도명,시군구명,업종분류명,사용금액,카드사명
2014-04,경기도,수원시 영통구,미용.화장품,1187481448,
2014-04,경기도,광명시,가정생활/서비스.전문서비스(법률/회계/번역등),93308659,
2014-04,경기도,안성시,교육/학원.유아교육,2866011,
2014-04,서울특별시,강동구,스포츠/문화/레저.화원,2563760,
2014-04,경기도,안양시 동안구,요식/유흥.외식업기타,6915421892,
2014-04,서울특별시,마포구,주유.LPG,4140872947,
2014-04,경기도,군포시,요식/유흥.유흥업소,715938760,
2014-04,경기도,동두천시,요식/유흥.분식,180060240,
2014-04,경기도,수원시 권선구,가전/가구.기타가전/가구,146878135,
2014-04,경기도,포천시,음/식료품.기타음/식료품,664848229,
2014-04,강원도,춘천시,여행/교통.모텔/여관/기타숙박,100970,
2014-04,서울특별시,금천구,미용.미용실,3757840,
2014-04,경기도,성남시 중원구,가전/가구.가구,236734569,
2014-04,경기도,이천시,교육/학원.문구용품,304764423,
2014-04,경기도,파주시,요식/유흥.호프/간이주점,771192178,
2014-04,서울특별시,양천구,가정생활/서비스.인테리어,1545280,
2014-04,경기도,가평군,요식/유흥.패스트푸드,43057559,
2014-04,경기도,고양시 덕양구,의료.일반병원,2159232123,
2014-04,경기도,안양시 만안구,스포츠/문화/레저.스크린골프,213233275,
2014-04,경기도,용인시 수지구,주유.주유소,13424105698,
2014-04,경기도,안산시 상록구,요식/유흥.치킨,1028184608,
2014-04,경기도,양주시,요식/유흥.한식(일반),7772624540,
2014-04,서울특별시,노원구,자동차.자동차경정비,15518650,
2014-04,인천광역시,서구,요식/유흥.분식,6071370,
2014-04,경기도,고양시 일산동구,여행/교통.교통,18784810,
2014-04,서울특별시,구로구,유통.슈퍼마켓,2731458,
2014-04,경기도,구리시,자동차.자동차공업사,156459604,
2014-04,경기도,시흥시,요식/유흥.분식,638308414,
2014-04,경기도,여주시,음/식료품.농수산물,499890397,
2014-04,경기도,화성시,요식/유흥.중식,2204598133,
2014-04,충청남도,아산시,주유.주유소,113850835,
2014-04,경기도,김포시,요식/유흥.유흥업소,423751343,
2014-04,경기도,의정부시,의료.일반병원,4556899349,
2014-04,서울특별시,중랑구,가정생활/서비스.인테리어,6060395,
2014-04,경기도,수원시 팔달구,유통.편의점,2373218722,
2014-04,경기도,안산시 단원구,유통.기타유통,635804139,
2014-04,경기도,양평군,요식/유흥.유흥업소,341383960,
2014-04,경기도,연천군,스포츠/문화/레저.서점,22596647,
2014-04,경기도,하남시,요식/유흥.제과,490455593,
2014-04,서울특별시,강서구,스포츠/문화/레저.화원,790200,
2014-04,경기도,고양시 일산서구,가전/가구.휴대폰,8488065,
2014-04,경기도,과천시,유통.상품권판매,7375200,
2014-04,경기도,성남시 분당구,유통.기타유통,518700889,
2014-04,경기도,용인시 처인구,여행/교통.면세점,514508,
2014-04,경기도,의왕시,요식/유흥.호프/간이주점,161441099,
2014-04,경기도,남양주시,의료.한의원,910022196,
2014-04,서울특별시,서초구,유통.슈퍼마켓,36141860,
2014-04,서울특별시,송파구,의류/잡화.의복/의류,14048000,
2014-04,충청북도,음성군,자동차.자동차경정비,500460,
2014-04,경기도,광주시,요식/유흥.유흥업소,329772410,
2014-04,경기도,성남시 수정구,교육/학원.미술/서예학원,19377460,
2014-04,서울특별시,은평구,가정생활/서비스.인테리어,5901038,
2014-04,서울특별시,도봉구,가정생활/서비스.인테리어,6941160,
2014-04,인천광역시,계양구,음/식료품.농수산물,28682504,
2014-04,경기도,용인시 기흥구,가전/가구.가구,1204610161,
2014-04,경기도,오산시,여행/교통.교통,34919056,
2014-04,인천광역시,부평구,미용.미용실,131700,
2014-04,경기도,평택시,요식/유흥.양식,1776327276,
2014-04,경기도,부천시,가전/가구.가전,4004584757,
2014-04,경기도,수원시 장안구,의료.치과병원,1642928087,
