기준년월,시도명,시군구명,업종분류명,사용금액,카드사명
2015-03,경기도,고양시 일산동구,교육/학원.기타예체능학원,102543130,
2015-03,경기도,용인시 수지구,가전/가구.기타가전/가구,42431284,
2015-03,경기도,고양시 일산서구,가정생활/서비스.상담서비스,169420400,
2015-03,서울특별시,도봉구,가정생활/서비스.열쇠/도장/각종수리점,9051300,
2015-03,경기도,안산시 상록구,자동차.자동차공업사,369369486,
2015-03,인천광역시,부평구,음/식료품.농수산물,5642600,
2015-03,충청남도,아산시,주유.주유소,142977347,
2015-03,경기도,가평군,가전/가구.가전,124090475,
2015-03,경기도,광주시,스포츠/문화/레저.취미/오락,189750892,
2015-03,경기도,안양시 만안구,유통.상품권판매,82369500,
2015-03,경기도,이천시,미용.미용실,786051835,
2015-03,경기도,용인시 기흥구,유통.편의점,3929210314,
2015-03,서울특별시,양천구,미용.화장품,2002500,
2015-03,경기도,과천시,주유.주유소,2946812712,
2015-03,경기도,김포시,요식/유흥.분식,978159573,
2015-03,경기도,성남시 수정구,의류/잡화.패션/잡화,154818615,
2015-03,경기도,수원시 팔달구,요식/유흥.중식,1148742308,
2015-03,경기도,안성시,교육/학원.음악/피아노학원,100296325,
2015-03,경기도,성남시 분당구,스포츠/문화/레저.당구장,212164430,
2015-03,경기도,수원시 영통구,교육/학원.영어학원,419528200,
2015-03,경기도,연천군,스포츠/문화/레저.문화용품,17205925,
2015-03,인천광역시,서구,유통.기타유통,24163500,
2015-03,강원도,춘천시,요식/유흥.한식(일반),36739200,
2015-03,경기도,수원시 권선구,스포츠/문화/레저.당구장,89238689,
2015-03,서울특별시,강동구,스포츠/문화/레저.화원,2029200,
2015-03,경기도,광명시,교육/학원.문구용품,1516613622,
2015-03,서울특별시,마포구,주유.LPG,2617527704,
2015-03,경기도,파주시,교육/학원.외국어학원,671849786,
2015-03,충청북도,음성군,자동차.자동차경정비,5633700,
2015-03,경기도,시흥시,요식/유흥.한식(갈비/삼겹살/곱창),1346178448,
2015-03,서울특별시,강서구,스포츠/문화/레저.화원,1116950,
2015-03,서울특별시,서초구,가정생활/서비스.세탁소,5151987,
2015-03,경기도,하남시,가정생활/서비스.상담서비스,8043375,
2015-03,서울특별시,금천구,미용.미용실,3408700,
2015-03,인천광역시,계양구,가정생활/서비스.인테리어,1668750,
2015-03,경기도,구리시,의료.기타의료,557843945,
2015-03,경기도,평택시,요식/유흥.노래방,1018849887,
2015-03,서울특별시,송파구,요식/유흥.한식(일반),95287850,
2015-03,경기도,남양주시,자동차.자동차판매,309372455,
2015-03,경기도,의왕시,요식/유흥.일식,673764069,
2015-03,서울특별시,중랑구,주유.주유소,860441244,
2015-03,경기도,안양시 동안구,요식/유흥.분식,1257799744,
2015-03,경기도,군포시,자동차.자동차용품,523324102,
2015-03,경기도,수원시 장안구,스포츠/문화/레저.화원,171970250,
2015-03,경기도,의정부시,음/식료품.인삼및건강제품,261380023,
2015-03,경기도,화성시,스포츠/문화/레저.반려동물관련,758683526,
2015-03,서울특별시,은평구,가정생활/서비스.인테리어,489500,
2015-03,경기도,부천시,요식/유흥.분식,1511922210,
2015-03,경기도,양평군,교육/학원.태권도/투기도장,5295500,
2015-03,경기도,포천시,요식/유흥.노래방,255951184,
2015-03,서울특별시,노원구,미용.미용실,13394500,
2015-03,경기도,동두천시,요식/유흥.부페,17343875,
2015-03,경기도,안산시 단원구,음/식료품.떡전문,84841831,
2015-03,경기도,여주시,요식/유흥.분식,245114232,
2015-03,경기도,오산시,요식/유흥.유흥업소,761615720,
2015-03,경기도,고양시 덕양구,가전/가구.가구,458516830,
2015-03,경기도,용인시 처인구,의료.일반병원,979703415,
2015-03,경기도,양주시,교육/학원.음악/피아노학원,158571300,
2015-03,서울특별시,구로구,의료.약국,29446896,
2015-03,경기도,성남시 중원구,가정생활/서비스.세탁소,164581425,
