기준년월,시도명,시군구명,업종분류명,사용금액,카드사명
2019-01,경기도,양주시,음식-패스트푸드-햄버거 전문점,244688832,
2019-01,경기도,의정부시,음식-다방/커피숍/카페-커피전문점,2775713003,
2019-01,경기도,용인시 기흥구,학문/교육-학원기타-학원-기타종합,212820403,
2019-01,경기도,구리시,소매-가정/주방/인테리어-주방기기 판매,19791310,
2019-01,경기도,화성시,음식-한식-소고기 전문점,685519135,
2019-01,경기도,평택시,학문/교육-학원기타-고시원,36719482,
2019-01,경기도,수원시 장안구,음식-분식-국수 전문점,429554169,
2019-01,경기도,포천시,소매-의약/의료품소매-의료용품 판매,9448692,
2019-01,경기도,과천시,소매-가방/신발/액세서리-신발 판매,74018867,
2019-01,경기도,광주시,소매-책/서적/도서-서적 판매,207423422,
2019-01,경기도,의왕시,생활서비스-자동차/이륜차-오토바이 판매,1515148,
2019-01,경기도,성남시 중원구,생활서비스-개인/가정용품수리-가전기기/용품 설비,20229628,
2019-01,경기도,이천시,생활서비스-사진-사진관,169035764,
2019-01,경기도,고양시 덕양구,관광/여가/오락-PC/오락/당구/볼링등-비디오감상실,22196955,
2019-01,경기도,고양시 일산동구,소매-예술품/골동품/수석/분재-표구/화랑,854408,
2019-01,경기도,안산시 상록구,소매-취미/오락관련소매-악기 판매-중고,4559507,
2019-01,경기도,안양시 만안구,생활서비스-개인/가정용품수리-열쇠 제작,1452494,
2019-01,경기도,고양시 일산서구,생활서비스-사진-사진관,448374313,
2019-01,경기도,군포시,음식-수산물-굴요리 전문점,69853385,
2019-01,경기도,남양주시,소매-기타판매업-고체연료/관련제품 판매,20016660,
2019-01,경기도,성남시 수정구,관광/여가/오락-연극/영화/극장-연극/음악/예술관련 기타,79780416,
2019-01,경기도,연천군,소매-의복-아동복전문 판매,2970606,
2019-01,경기도,용인시 수지구,음식-제과제빵떡케익-제과/제빵 전문점,2532535629,
2019-01,경기도,파주시,음식-유흥주점-바/스텐드바,80398870,
2019-01,경기도,하남시,생활서비스-이/미용/건강-네일케어,84092883,
2019-01,경기도,여주시,음식-별식/퓨전요리-순대 전문점,129331955,
2019-01,경기도,광명시,소매-취미/오락관련소매-장난감/오락기기/용품 판매,31198723,
2019-01,경기도,시흥시,음식-한식-기사식당,11107572,
2019-01,경기도,오산시,생활서비스-개인/가정용품수리-보일러 수리,57679425,
2019-01,경기도,용인시 처인구,의료-병원-병원-마취과,140209650,
2019-01,경기도,김포시,관광/여가/오락-전시/관람-미술관,12372016,
2019-01,경기도,수원시 영통구,생활서비스-사진-사진관,269111005,
2019-01,경기도,동두천시,음식-양식-경양식 전문점,186182456,
2019-01,경기도,안양시 동안구,음식-제과제빵떡케익-제과/제빵 전문점,2239599134,
2019-01,경기도,안성시,음식-유흥주점-기타일반 유흥주점,126187417,
2019-01,경기도,양평군,소매-종합소매점-편의점,1569573174,
2019-01,경기도,성남시 분당구,소매-종합소매점-구판장/직판장,8854690170,
2019-01,경기도,부천시,생활서비스-광고/인쇄-신문사,480604,
2019-01,경기도,수원시 팔달구,스포츠-운동시설-헬스클럽/스포츠센터,797578393,
2019-01,경기도,가평군,의료-병원-병원-치과,1264021008,
2019-01,경기도,안산시 단원구,음식-분식-떡볶이 전문점,261099274,
2019-01,경기도,수원시 권선구,생활서비스-광고/인쇄-광고기획,102874551,
