기준년월,시도명,시군구명,업종분류명,사용금액,카드사명
2013-01,경기도,성남시 수정구,요식/유흥.일식,287208076,
2013-01,경기도,의정부시,요식/유흥.노래방,1061510764,
2013-01,경기도,고양시 덕양구,스포츠/문화/레저.스포츠시설,96487632,
2013-01,서울특별시,중랑구,가정생활/서비스.인테리어,2598634,
2013-01,경기도,용인시 기흥구,교육/학원.문구용품,1726160670,
2013-01,인천광역시,부평구,스포츠/문화/레저.서점,8448300,
2013-01,경기도,수원시 권선구,스포츠/문화/레저.스크린골프,101794863,
2013-01,경기도,여주시,가전/가구.가전,699108983,
2013-01,경기도,오산시,교육/학원.입시보습학원,1713285250,
2013-01,경기도,용인시 수지구,유통.기타유통,389877199,
2013-01,경기도,안산시 상록구,의류/잡화.안경,548041221,
2013-01,충청북도,음성군,자동차.자동차경정비,1303005,
2013-01,경기도,의왕시,요식/유흥.일식,523023078,
2013-01,경기도,평택시,스포츠/문화/레저.서점,605146856,
2013-01,인천광역시,서구,가정생활/서비스.인테리어,24983277,
2013-01,경기도,구리시,미용.미용실,820805538,
2013-01,경기도,군포시,자동차.자동차경정비,1130656126,
2013-01,경기도,용인시 처인구,스포츠/문화/레저.반려동물관련,145781004,
2013-01,경기도,하남시,의료.일반병원,1145339754,
2013-01,서울특별시,구로구,유통.기타유통,34700610,
2013-01,경기도,성남시 분당구,스포츠/문화/레저.스포츠/레저용품,1987858567,
2013-01,경기도,안성시,교육/학원.문구용품,711673429,
2013-01,경기도,양주시,가전/가구.가전,508816009,
2013-01,충청남도,천안시 서북구,스포츠/문화/레저.스포츠/레저용품,2104476,
2013-01,경기도,고양시 일산서구,요식/유흥.노래방,656551812,
2013-01,경기도,파주시,스포츠/문화/레저.반려동물관련,216911667,
2013-01,경기도,수원시 팔달구,주유.LPG,6067092057,
2013-01,경기도,광주시,요식/유흥.일식,824729751,
2013-01,서울특별시,도봉구,유통.기타유통,3044070,
2013-01,서울특별시,서초구,음/식료품.기타음/식료품,295020,
2013-01,서울특별시,은평구,교육/학원.입시보습학원,185173951,
2013-01,경기도,가평군,스포츠/문화/레저.실외골프/스키,31285798,
2013-01,서울특별시,금천구,음/식료품.농수산물,852429,
2013-01,서울특별시,노원구,주유.주유소,1551016401,
2013-01,경기도,성남시 중원구,요식/유흥.패스트푸드,543507031,
2013-01,인천광역시,계양구,음/식료품.기타음/식료품,31120229,
2013-01,경기도,시흥시,가전/가구.기타가전/가구,243316180,
2013-01,서울특별시,마포구,요식/유흥.한식(일반),17388300,
2013-01,경기도,동두천시,교육/학원.문구용품,94812410,
2013-01,경기도,안양시 만안구,주유.주유소,13164361024,
2013-01,경기도,양평군,스포츠/문화/레저.스포츠센타/레포츠클럽,31206858,
2013-01,서울특별시,강서구,스포츠/문화/레저.화원,156450,
2013-01,서울특별시,송파구,요식/유흥.한식(일반),16668630,
2013-01,경기도,과천시,교육/학원.외국어학원,91590747,
2013-01,경기도,연천군,가정생활/서비스.전문서비스(법률/회계/번역등),894000,
2013-01,경기도,포천시,가정생활/서비스.인테리어,1154045075,
2013-01,경기도,화성시,주유.주유소,73401178951,
2013-01,충청남도,아산시,유통.기타유통,11242050,
2013-01,강원도,춘천시,요식/유흥.한식(일반),13776540,
2013-01,경기도,광명시,요식/유흥.일식,435446838,
2013-01,경기도,김포시,스포츠/문화/레저.서점,298402627,
2013-01,경기도,부천시,의료.한의원,3429615434,
2013-01,서울특별시,양천구,음/식료품.농수산물,7050531,
2013-01,경기도,고양시 일산동구,유통.상품권판매,1512297596,
2013-01,경기도,수원시 장안구,스포츠/문화/레저.PC게임방,7156023,
2013-01,경기도,안양시 동안구,의류/잡화.의복/의류,2452130786,
2013-01,경기도,안산시 단원구,음/식료품.농수산물,796555323,
2013-01,경기도,이천시,가정생활/서비스.상담서비스,3620700,
2013-01,경기도,남양주시,스포츠/문화/레저.서점,476400776,
2013-01,경기도,수원시 영통구,의류/잡화.패션/잡화,258075897,
