기준년월,시도명,시군구명,업종분류명,사용금액,카드사명
2016-06,경기도,구리시,스포츠/문화/레저.서점,334760539,
2016-06,충청남도,아산시,유통.슈퍼마켓,380380,
2016-06,경기도,성남시 수정구,스포츠/문화/레저.반려동물관련,226666394,
2016-06,경기도,포천시,자동차.자동차경정비,1680988377,
2016-06,경기도,여주시,미용.미용실,276760575,
2016-06,서울특별시,구로구,요식/유흥.한식(일반),14077700,
2016-06,서울특별시,마포구,주유.LPG,1995494705,
2016-06,경기도,광명시,음/식료품.농수산물,1080781392,
2016-06,경기도,부천시,스포츠/문화/레저.서점,1561537864,
2016-06,경기도,안성시,유통.대형유통점,5906107798,
2016-06,인천광역시,부평구,의류/잡화.패션/잡화,45500,
2016-06,경기도,용인시 기흥구,가정생활/서비스.상담서비스,120303820,
2016-06,경기도,성남시 중원구,가정생활/서비스.열쇠/도장/각종수리점,282961997,
2016-06,경기도,수원시 권선구,의류/잡화.의복/의류,2195171706,
2016-06,경기도,안산시 상록구,스포츠/문화/레저.화원,213843084,
2016-06,서울특별시,강서구,유통.슈퍼마켓,7736865,
2016-06,경기도,양평군,음/식료품.기타음/식료품,606000031,
2016-06,충청북도,음성군,자동차.자동차경정비,905450,
2016-06,경기도,의왕시,의료.기타의료,206171638,
2016-06,인천광역시,계양구,요식/유흥.한식(일반),666575,
2016-06,경기도,과천시,교육/학원.태권도/투기도장,31918250,
2016-06,경기도,안양시 동안구,여행/교통.모텔/여관/기타숙박,805429170,
2016-06,경기도,양주시,스포츠/문화/레저.반려동물관련,270559198,
2016-06,경기도,용인시 처인구,주유.LPG,3165731664,
2016-06,경기도,파주시,요식/유흥.부페,18743725,
2016-06,경기도,고양시 덕양구,요식/유흥.한식(일반),22980742630,
2016-06,서울특별시,서초구,유통.편의점,56532931,
2016-06,경기도,김포시,주유.LPG,2895155008,
2016-06,서울특별시,강동구,교육/학원.기타예체능학원,546000,
2016-06,서울특별시,송파구,요식/유흥.한식(일반),82696250,
2016-06,인천광역시,서구,요식/유흥.양식,71400875,
2016-06,경기도,수원시 영통구,교육/학원.입시보습학원,7226916401,
2016-06,경기도,수원시 팔달구,스포츠/문화/레저.스포츠/레저용품,1383025689,
2016-06,경기도,시흥시,미용.미용실,1565311702,
2016-06,서울특별시,금천구,음/식료품.농수산물,873600,
2016-06,서울특별시,중랑구,가전/가구.가구,3185000,
2016-06,경기도,남양주시,요식/유흥.한식(족발/보쌈),1042611115,
2016-06,경기도,성남시 분당구,교육/학원.영어학원,311551467,
2016-06,경기도,하남시,여행/교통.여행사,26950560,
2016-06,서울특별시,노원구,주유.주유소,858927241,
2016-06,서울특별시,도봉구,자동차.자동차용품,58993025,
2016-06,경기도,광주시,스포츠/문화/레저.스포츠/레저용품,2959523712,
2016-06,경기도,수원시 장안구,스포츠/문화/레저.문화용품,40661530,
2016-06,경기도,안산시 단원구,스포츠/문화/레저.서점,514404800,
2016-06,경기도,오산시,요식/유흥.패스트푸드,700554718,
2016-06,경기도,화성시,교육/학원.외국어학원,2693113878,
2016-06,경기도,동두천시,요식/유흥.외식업기타,887566111,
2016-06,경기도,용인시 수지구,요식/유흥.한식(갈비/삼겹살/곱창),1190318857,
2016-06,서울특별시,은평구,가정생활/서비스.인테리어,6496945,
2016-06,경기도,가평군,스포츠/문화/레저.실내골프장,33442500,
2016-06,경기도,고양시 일산동구,교육/학원.입시보습학원,6323739867,
2016-06,경기도,고양시 일산서구,자동차.자동차용품,1590691597,
2016-06,서울특별시,양천구,가정생활/서비스.인테리어,1301300,
2016-06,경기도,군포시,자동차.자동차공업사,782813740,
2016-06,경기도,이천시,가정생활/서비스.전문서비스(법률/회계/번역등),158850282,
2016-06,강원도,춘천시,요식/유흥.한식(일반),122895500,
2016-06,경기도,평택시,여행/교통.교통,87976088,
2016-06,경기도,의정부시,스포츠/문화/레저.스포츠/레저용품,3412864723,
2016-06,경기도,연천군,스포츠/문화/레저.스포츠시설,22388275,
2016-06,경기도,안양시 만안구,음/식료품.농수산물,837348134,
