기준년월,시도명,시군구명,업종분류명,사용금액,카드사명
2019-05,경기도,수원시 팔달구,음식-한식-소갈비 전문점,241869233,
2019-05,경기도,남양주시,음식-한식-버섯요리 전문점,146117419,
2019-05,경기도,안산시 상록구,음식-패스트푸드-도시락 전문점,275911140,
2019-05,경기도,용인시 수지구,소매-사무/문구/컴퓨터-문구용품 소매,747298224,
2019-05,경기도,고양시 일산동구,생활서비스-자동차/이륜차-세차/광택,328541524,
2019-05,경기도,수원시 영통구,학문/교육-학원기타-학습지 보급,123414003,
2019-05,경기도,김포시,음식-별식/퓨전요리-순대 전문점,745738633,
2019-05,경기도,성남시 분당구,음식-한식-만두 전문점,125117747,
2019-05,경기도,수원시 장안구,음식-중식-중국음식/중국집,3937711846,
2019-05,경기도,연천군,소매-종합소매점-시장,14963737,
2019-05,경기도,하남시,생활서비스-이/미용/건강-남성미용실,39569115,
2019-05,경기도,용인시 기흥구,소매-가전제품소매-가전제품 소매,2948633917,
2019-05,경기도,광주시,음식-유흥주점-바/스텐드바,404442084,
2019-05,경기도,시흥시,음식-패스트푸드-샌드위치/토스트 전문점,640420384,
2019-05,경기도,안양시 동안구,생활서비스-법무세무회계-속기/녹취,4111842,
2019-05,경기도,안양시 만안구,음식-다방/커피숍/카페-커피전문점,3347241217,
2019-05,경기도,여주시,소매-사진/광학/정밀기기-안경점,132019318,
2019-05,경기도,동두천시,음식-유흥주점-민속주점,107924225,
2019-05,경기도,안성시,음식-별식/퓨전요리-사철탕 전문점,4199949,
2019-05,경기도,양주시,관광/여가/오락-놀이/여가/취미-종합위락시설,69628439,
2019-05,경기도,이천시,생활서비스-법무세무회계-범무서비스-일반,48060,
2019-05,경기도,평택시,음식-수산물-장어요리 전문점,41648039,
2019-05,경기도,광명시,소매-기타판매업-성인용품 판매,2723427,
2019-05,경기도,수원시 권선구,음식-분식-분식 전문점,24016695672,
2019-05,경기도,용인시 처인구,음식-별식/퓨전요리-스파게티/파스타 전문점,11848806,
2019-05,경기도,부천시,생활서비스-법무세무회계-세무사,346558868,
2019-05,경기도,화성시,음식-중식-탕수육 전문점,13059765,
2019-05,경기도,양평군,학문/교육-학원-자격/국가고시-학원-간호사/조무사,2136021,
2019-05,경기도,가평군,관광/여가/오락-PC/오락/당구/볼링등-당구장,39205005,
2019-05,경기도,고양시 일산서구,음식-분식-라멘 전문점,80326585,
2019-05,경기도,파주시,생활서비스-이/미용/건강-네일케어,106306620,
2019-05,경기도,고양시 덕양구,음식-한식-보리밥 전문점,534816725,
2019-05,경기도,성남시 중원구,교통/운송-택시운송-콜택시-일반,24179767,
2019-05,경기도,의왕시,음식-패스트푸드-도너츠 전문점,73250563,
2019-05,경기도,구리시,관광/여가/오락-놀이/여가/취미-해수욕장,198397663,
2019-05,경기도,의정부시,소매-취미/오락관련소매-문구용품 판매,390151161,
2019-05,경기도,안산시 단원구,음식-유흥주점-민속주점,226846184,
2019-05,경기도,과천시,음식-별식/퓨전요리-샤브샤브 전문점,138460771,
2019-05,경기도,포천시,생활서비스-세탁/가사서비스-청소/소독 대행,14845352,
2019-05,경기도,성남시 수정구,학문/교육-학원-보습교습입시-학원-보습학원,75667507,
2019-05,경기도,군포시,학문/교육-학원-음악미술무용-학원-국악,2349624,
2019-05,경기도,오산시,의료-병원-병원-성형외과,1740701792,
