기준년월,시도명,시군구명,업종분류명,사용금액,카드사명
2015-01,경기도,의왕시,스포츠/문화/레저.반려동물관련,138131830,
2015-01,경기도,동두천시,유통.상품권판매,8505600,
2015-01,경기도,포천시,스포츠/문화/레저.스포츠센타/레포츠클럽,72009207,
2015-01,경기도,고양시 일산동구,의료.약국,3180073612,
2015-01,경기도,가평군,주유.주유소,7111050552,
2015-01,경기도,의정부시,요식/유흥.제과,1568170189,
2015-01,경기도,평택시,스포츠/문화/레저.스포츠센타/레포츠클럽,535351767,
2015-01,경기도,하남시,가전/가구.기타가전/가구,138136747,
2015-01,서울특별시,양천구,의류/잡화.의복/의류,4430000,
2015-01,강원도,춘천시,요식/유흥.한식(일반),41540110,
2015-01,경기도,성남시 분당구,스포츠/문화/레저.영화/공연,4615180866,
2015-01,경기도,고양시 일산서구,음/식료품.정육점,1628396296,
2015-01,경기도,수원시 팔달구,스포츠/문화/레저.스포츠/레저용품,1370216343,
2015-01,경기도,부천시,음/식료품.기타음/식료품,1569332160,
2015-01,경기도,수원시 영통구,가정생활/서비스.세탁소,181982406,
2015-01,경기도,시흥시,스포츠/문화/레저.당구장,111600117,
2015-01,서울특별시,금천구,음/식료품.기타음/식료품,2916047,
2015-01,서울특별시,중랑구,가전/가구.가구,3987000,
2015-01,경기도,남양주시,요식/유흥.패스트푸드,1019650397,
2015-01,경기도,성남시 수정구,여행/교통.교통,17059863,
2015-01,경기도,안산시 상록구,미용.네일케어,16049447,
2015-01,경기도,안양시 동안구,미용.미용실,2217503282,
2015-01,서울특별시,은평구,요식/유흥.한식(일반),6162130,
2015-01,경기도,구리시,스포츠/문화/레저.당구장,35851104,
2015-01,경기도,김포시,교육/학원.유아교육,167715237,
2015-01,충청남도,아산시,유통.기타유통,26535700,
2015-01,경기도,수원시 장안구,교육/학원.미술/서예학원,205544026,
2015-01,경기도,안성시,스포츠/문화/레저.스포츠/레저용품,1145044227,
2015-01,경기도,화성시,주유.LPG,5869951875,
2015-01,서울특별시,노원구,자동차.자동차경정비,15930280,
2015-01,충청남도,천안시 서북구,스포츠/문화/레저.스포츠시설,1475190,
2015-01,경기도,광주시,가전/가구.컴퓨터,55804710,
2015-01,경기도,안양시 만안구,여행/교통.모텔/여관/기타숙박,865290148,
2015-01,서울특별시,강동구,스포츠/문화/레저.화원,1063200,
2015-01,충청북도,음성군,자동차.자동차경정비,970170,
2015-01,경기도,수원시 권선구,음/식료품.기타음/식료품,1617901271,
2015-01,경기도,오산시,스포츠/문화/레저.당구장,53810235,
2015-01,서울특별시,도봉구,가정생활/서비스.인테리어,3175424,
2015-01,경기도,성남시 중원구,스포츠/문화/레저.당구장,53199825,
2015-01,경기도,안산시 단원구,의류/잡화.안경,895232341,
2015-01,경기도,용인시 처인구,가정생활/서비스.전문서비스(법률/회계/번역등),217824313,
2015-01,서울특별시,서초구,가정생활/서비스.세탁소,4606048,
2015-01,경기도,과천시,자동차.자동차용품,207048117,
2015-01,경기도,용인시 수지구,의류/잡화.패션/잡화,253849658,
2015-01,경기도,파주시,요식/유흥.중식,1884511523,
2015-01,서울특별시,마포구,자동차.자동차용품,60370711,
2015-01,인천광역시,서구,자동차.자동차용품,6338444,
2015-01,경기도,양평군,의료.종합병원,153185368,
2015-01,경기도,용인시 기흥구,교육/학원.유아교육,412287651,
2015-01,인천광역시,계양구,스포츠/문화/레저.취미/오락,567040,
2015-01,경기도,양주시,교육/학원.태권도/투기도장,104180310,
2015-01,서울특별시,강서구,자동차.자동차판매,4873000,
2015-01,서울특별시,구로구,가전/가구.가전,38009346,
2015-01,경기도,연천군,미용.화장품,165348243,
2015-01,경기도,이천시,요식/유흥.외식업기타,4228710373,
2015-01,서울특별시,송파구,자동차.자동차경정비,7885400,
2015-01,인천광역시,부평구,유통.슈퍼마켓,8063707,
2015-01,경기도,광명시,가정생활/서비스.인쇄/광고/이벤트,157906109,
2015-01,경기도,고양시 덕양구,요식/유흥.닭/오리,518764961,
2015-01,경기도,여주시,의료.기타의료,21380996,
2015-01,경기도,군포시,요식/유흥.패스트푸드,665206642,
