기준년월,시도명,시군구명,업종분류명,사용금액,카드사명
2016-02,경기도,수원시 권선구,음/식료품.농수산물,1925164578,
2016-02,경기도,부천시,의류/잡화.의복/의류,3667975579,
2016-02,경기도,수원시 영통구,유통.백화점,5587016647,
2016-02,서울특별시,강동구,스포츠/문화/레저.화원,1130000,
2016-02,경기도,용인시 수지구,주유.주유소,8793122138,
2016-02,서울특별시,강서구,주유.주유소,1564518999,
2016-02,경기도,가평군,스포츠/문화/레저.당구장,11624988,
2016-02,경기도,고양시 덕양구,여행/교통.호텔/콘도,31825320,
2016-02,경기도,성남시 분당구,가정생활/서비스.인쇄/광고/이벤트,326237590,
2016-02,경기도,안성시,교육/학원.문구용품,976069677,
2016-02,경기도,안양시 만안구,미용.피부/체형관리/마사지,45828732,
2016-02,경기도,이천시,가정생활/서비스.인쇄/광고/이벤트,109704920,
2016-02,서울특별시,서초구,요식/유흥.닭/오리,11001680,
2016-02,서울특별시,양천구,요식/유흥.한식(일반),1419280,
2016-02,충청남도,아산시,유통.기타유통,42824740,
2016-02,경기도,광명시,유통.편의점,3216452927,
2016-02,경기도,수원시 팔달구,미용.미용실,1781467744,
2016-02,경기도,양평군,의료.약국,238985734,
2016-02,서울특별시,노원구,자동차.자동차경정비,19282320,
2016-02,서울특별시,마포구,주유.주유소,751828418,
2016-02,경기도,안양시 동안구,스포츠/문화/레저.스포츠/레저용품,3137456028,
2016-02,경기도,양주시,여행/교통.교통,16154480,
2016-02,경기도,평택시,교육/학원.유아교육,2082768630,
2016-02,경기도,화성시,교육/학원.외국어학원,2672066116,
2016-02,경기도,구리시,유통.생활잡화,270937388,
2016-02,경기도,의정부시,유통.백화점,12464740403,
2016-02,경기도,여주시,의류/잡화.패션/잡화,333758156,
2016-02,경기도,과천시,가정생활/서비스.전문서비스(법률/회계/번역등),227919775,
2016-02,경기도,용인시 처인구,요식/유흥.한식(갈비/삼겹살/곱창),818067568,
2016-02,강원도,춘천시,여행/교통.모텔/여관/기타숙박,244080,
2016-02,경기도,오산시,유통.대형유통점,10916590909,
2016-02,경기도,수원시 장안구,가전/가구.컴퓨터,341251217,
2016-02,서울특별시,중랑구,가전/가구.가구,1808000,
2016-02,경기도,광주시,교육/학원.문구용품,943267346,
2016-02,경기도,시흥시,스포츠/문화/레저.PC게임방,37195938,
2016-02,경기도,연천군,가정생활/서비스.전문서비스(법률/회계/번역등),15930288,
2016-02,경기도,용인시 기흥구,의류/잡화.안경,1027876024,
2016-02,경기도,파주시,유통.편의점,6052423374,
2016-02,경기도,포천시,스포츠/문화/레저.PC게임방,9646584,
2016-02,인천광역시,부평구,여행/교통.교통,2445320,
2016-02,인천광역시,서구,의료.특화병원,25284428,
2016-02,경기도,고양시 일산동구,교육/학원.음악/피아노학원,272759942,
2016-02,경기도,김포시,가정생활/서비스.상담서비스,46000944,
2016-02,경기도,성남시 수정구,가정생활/서비스.열쇠/도장/각종수리점,14350548,
2016-02,서울특별시,금천구,미용.미용실,4660120,
2016-02,서울특별시,은평구,유통.슈퍼마켓,44377586,
2016-02,충청북도,음성군,자동차.자동차경정비,2802400,
2016-02,경기도,안산시 상록구,요식/유흥.외식업기타,5996557317,
2016-02,서울특별시,구로구,유통.편의점,24962739,
2016-02,서울특별시,도봉구,가정생활/서비스.열쇠/도장/각종수리점,2535720,
2016-02,인천광역시,계양구,가정생활/서비스.인테리어,4431860,
2016-02,경기도,고양시 일산서구,가정생활/서비스.전문서비스(법률/회계/번역등),71042684,
2016-02,서울특별시,송파구,가정생활/서비스.열쇠/도장/각종수리점,1566180,
2016-02,경기도,군포시,의료.특화병원,1255371117,
2016-02,경기도,남양주시,가전/가구.가구,2931079486,
2016-02,경기도,의왕시,스포츠/문화/레저.스포츠/레저용품,700976787,
2016-02,경기도,성남시 중원구,스포츠/문화/레저.문화용품,117503954,
2016-02,경기도,하남시,자동차.자동차공업사,152030520,
2016-02,경기도,동두천시,교육/학원.문구용품,103766905,
2016-02,경기도,안산시 단원구,유통.기타유통,791604138,
