기준년월,시도명,시군구명,업종분류명,사용금액,카드사명
2015-07,경기도,파주시,의료.일반병원,2101591601,
2015-07,경기도,과천시,교육/학원.기타예체능학원,2015650,
2015-07,경기도,군포시,요식/유흥.닭/오리,402931979,
2015-07,경기도,수원시 권선구,스포츠/문화/레저.반려동물관련,693792090,
2015-07,경기도,성남시 분당구,미용.화장품,4243875388,
2015-07,경기도,안산시 상록구,스포츠/문화/레저.취미/오락,125030548,
2015-07,경기도,의왕시,여행/교통.교통,779680,
2015-07,서울특별시,금천구,요식/유흥.한식(일반),2826340,
2015-07,인천광역시,서구,요식/유흥.분식,5490985,
2015-07,경기도,양평군,스포츠/문화/레저.실외골프/스키,599071602,
2015-07,서울특별시,도봉구,자동차.자동차용품,71967565,
2015-07,경기도,연천군,교육/학원.외국어학원,4252800,
2015-07,서울특별시,양천구,의류/잡화.패션/잡화,3756640,
2015-07,경기도,안성시,요식/유흥.닭/오리,347688550,
2015-07,경기도,용인시 기흥구,의료.기타의료,934282614,
2015-07,경기도,용인시 수지구,주유.주유소,11979397231,
2015-07,경기도,의정부시,교육/학원.미술/서예학원,286518534,
2015-07,서울특별시,노원구,교육/학원.음악/피아노학원,531600,
2015-07,경기도,고양시 덕양구,요식/유흥.한식(일반),23663667451,
2015-07,경기도,용인시 처인구,의류/잡화.의복/의류,1825503462,
2015-07,서울특별시,서초구,스포츠/문화/레저.화원,177200,
2015-07,경기도,김포시,유통.편의점,6076976225,
2015-07,경기도,성남시 수정구,유통.대형유통점,6307648101,
2015-07,인천광역시,계양구,음/식료품.농수산물,27430560,
2015-07,경기도,구리시,스포츠/문화/레저.실내골프장,145679221,
2015-07,경기도,수원시 영통구,요식/유흥.노래방,910327345,
2015-07,경기도,이천시,스포츠/문화/레저.반려동물관련,285233125,
2015-07,경기도,수원시 팔달구,주유.주유소,6650102008,
2015-07,경기도,양주시,교육/학원.유아교육,867458412,
2015-07,서울특별시,강동구,스포츠/문화/레저.화원,1041050,
2015-07,서울특별시,중랑구,가정생활/서비스.인테리어,6334900,
2015-07,경기도,동두천시,요식/유흥.중식,216506995,
2015-07,경기도,안양시 동안구,유통.기타유통,704423571,
2015-07,경기도,여주시,요식/유흥.노래방,295094261,
2015-07,충청남도,아산시,주유.주유소,186579346,
2015-07,충청북도,음성군,자동차.자동차경정비,1284700,
2015-07,경기도,고양시 일산서구,스포츠/문화/레저.취미/오락,83559324,
2015-07,경기도,광주시,요식/유흥.중식,1020907264,
2015-07,경기도,안양시 만안구,음/식료품.떡전문,21132872,
2015-07,경기도,화성시,의료.약국,3610563381,
2015-07,서울특별시,구로구,가정생활/서비스.세탁소,2563441,
2015-07,서울특별시,마포구,주유.LPG,2284743811,
2015-07,서울특별시,송파구,음/식료품.기타음/식료품,36215693,
2015-07,서울특별시,은평구,유통.슈퍼마켓,33346634,
2015-07,경기도,시흥시,가전/가구.컴퓨터,232229685,
2015-07,경기도,안산시 단원구,가정생활/서비스.열쇠/도장/각종수리점,659613488,
2015-07,인천광역시,부평구,가전/가구.컴퓨터,4873000,
2015-07,경기도,광명시,스포츠/문화/레저.스포츠센타/레포츠클럽,660264920,
2015-07,경기도,수원시 장안구,가정생활/서비스.전문서비스(법률/회계/번역등),121548568,
2015-07,경기도,남양주시,의류/잡화.의복/의류,3343909153,
2015-07,경기도,부천시,요식/유흥.분식,1855654060,
2015-07,경기도,평택시,스포츠/문화/레저.스포츠/레저용품,3829165789,
2015-07,경기도,가평군,교육/학원.음악/피아노학원,6157700,
2015-07,경기도,포천시,요식/유흥.닭/오리,433319967,
2015-07,경기도,하남시,요식/유흥.외식업기타,1782289472,
2015-07,경기도,고양시 일산동구,스포츠/문화/레저.스포츠/레저용품,2748532432,
2015-07,서울특별시,강서구,요식/유흥.패스트푸드,67756672,
2015-07,경기도,성남시 중원구,음/식료품.떡전문,11402820,
2015-07,경기도,오산시,교육/학원.문구용품,181903286,
2015-07,강원도,춘천시,여행/교통.모텔/여관/기타숙박,642350,
