기준년월,시도명,시군구명,업종분류명,사용금액,카드사명
2016-05,경기도,과천시,스포츠/문화/레저.스포츠센타/레포츠클럽,229572525,
2016-05,경기도,시흥시,가정생활/서비스.열쇠/도장/각종수리점,421247089,
2016-05,경기도,수원시 영통구,요식/유흥.패스트푸드,1617362110,
2016-05,경기도,의왕시,요식/유흥.커피/음료,515778103,
2016-05,경기도,안산시 단원구,의료.한의원,1638495308,
2016-05,경기도,광주시,스포츠/문화/레저.문화용품,156522320,
2016-05,경기도,성남시 분당구,요식/유흥.호프/간이주점,2991875705,
2016-05,경기도,연천군,의류/잡화.안경,65588250,
2016-05,서울특별시,금천구,자동차.자동차경정비,12783225,
2016-05,인천광역시,부평구,음/식료품.농수산물,7766850,
2016-05,충청북도,음성군,자동차.자동차경정비,1155700,
2016-05,경기도,고양시 일산동구,여행/교통.호텔/콘도,697043656,
2016-05,경기도,양주시,여행/교통.호텔/콘도,40790750,
2016-05,경기도,평택시,음/식료품.인삼및건강제품,584792799,
2016-05,서울특별시,중랑구,주유.주유소,1111588391,
2016-05,경기도,고양시 덕양구,요식/유흥.일식,1274226226,
2016-05,경기도,의정부시,자동차.자동차판매,637184047,
2016-05,서울특별시,마포구,주유.LPG,1904529067,
2016-05,경기도,구리시,요식/유흥.일식,844364430,
2016-05,경기도,성남시 수정구,의료.종합병원,584176138,
2016-05,경기도,수원시 장안구,여행/교통.모텔/여관/기타숙박,304802225,
2016-05,경기도,여주시,자동차.자동차용품,604797329,
2016-05,경기도,용인시 처인구,여행/교통.여행사,9275175,
2016-05,경기도,화성시,스포츠/문화/레저.PC게임방,84038272,
2016-05,서울특별시,도봉구,주유.주유소,367067150,
2016-05,서울특별시,강서구,요식/유흥.패스트푸드,79924208,
2016-05,경기도,부천시,스포츠/문화/레저.반려동물관련,1424782268,
2016-05,서울특별시,은평구,가정생활/서비스.인테리어,13122200,
2016-05,충청남도,아산시,주유.주유소,168402302,
2016-05,강원도,춘천시,여행/교통.모텔/여관/기타숙박,2438800,
2016-05,경기도,군포시,의료.특화병원,1292213750,
2016-05,경기도,성남시 중원구,요식/유흥.패스트푸드,682436163,
2016-05,경기도,용인시 기흥구,의료.일반병원,3879962559,
2016-05,서울특별시,양천구,유통.생활잡화,145600,
2016-05,경기도,고양시 일산서구,여행/교통.모텔/여관/기타숙박,816661300,
2016-05,경기도,광명시,여행/교통.교통,58906802,
2016-05,경기도,동두천시,음/식료품.인삼및건강제품,45224952,
2016-05,서울특별시,송파구,스포츠/문화/레저.실내골프장,3071250,
2016-05,경기도,안산시 상록구,의료.특화병원,1059185563,
2016-05,경기도,이천시,요식/유흥.외식업기타,4837115319,
2016-05,경기도,포천시,스포츠/문화/레저.PC게임방,7635218,
2016-05,서울특별시,노원구,스포츠/문화/레저.스포츠시설,2319590,
2016-05,경기도,가평군,음/식료품.정육점,329534801,
2016-05,경기도,수원시 팔달구,가전/가구.휴대폰,37381662,
2016-05,경기도,양평군,가전/가구.휴대폰,7435655,
2016-05,서울특별시,강동구,스포츠/문화/레저.화원,389025,
2016-05,경기도,김포시,요식/유흥.치킨,1718884212,
2016-05,경기도,안성시,음/식료품.기타음/식료품,871637425,
2016-05,경기도,오산시,요식/유흥.분식,765608935,
2016-05,인천광역시,계양구,자동차.자동차용품,750750,
2016-05,경기도,수원시 권선구,주유.주유소,17921746174,
2016-05,서울특별시,구로구,가정생활/서비스.인테리어,2002000,
2016-05,서울특별시,서초구,요식/유흥.중식,35430850,
2016-05,경기도,남양주시,가정생활/서비스.열쇠/도장/각종수리점,597141130,
2016-05,경기도,안양시 만안구,스포츠/문화/레저.스포츠/레저용품,1344564243,
2016-05,경기도,하남시,유통.대형유통점,2545605972,
2016-05,경기도,파주시,음/식료품.떡전문,99236865,
2016-05,경기도,안양시 동안구,요식/유흥.제과,1942284011,
2016-05,인천광역시,서구,음/식료품.기타음/식료품,618800,
2016-05,경기도,용인시 수지구,미용.화장품,878545540,
