기준년월,시도명,시군구명,업종분류명,사용금액,카드사명
2020-04,경기도,수원시 장안구,소매-건강/미용식품-건강식품 판매,86847527,
2020-04,경기도,화성시,생활서비스-대행업-이민유학 알선,11983082,
2020-04,경기도,안양시 만안구,음식-부페-종합 부페,7315260,
2020-04,경기도,가평군,생활서비스-자동차/이륜차-자동차부품/용품 판매-중고,2456425,
2020-04,경기도,연천군,음식-한식-해장국/감자탕 전문,242923450,
2020-04,경기도,고양시 일산서구,생활서비스-이/미용/건강-비만/체형관리/마사지,736329238,
2020-04,경기도,과천시,의료-병원-병원-일반,69629464,
2020-04,경기도,수원시 팔달구,음식-패스트푸드-패스트푸드 전문점,1022003955,
2020-04,경기도,수원시 권선구,관광/여가/오락-PC/오락/당구/볼링등-볼링장,25292634,
2020-04,경기도,안산시 단원구,의료-병원-보건기관-요양원,30163405,
2020-04,경기도,성남시 수정구,학문/교육-유아교육-놀이방,8894394,
2020-04,경기도,용인시 처인구,학문/교육-학원-음악미술무용-학원-서예/서화/미술,42554895,
2020-04,경기도,안양시 동안구,학문/교육-학원-예능취미체육-학원-사진,11214114,
2020-04,경기도,고양시 덕양구,소매-종합소매점-조합/연금매장,9080228,
2020-04,경기도,구리시,음식-다방/커피숍/카페-커피전문점,2875328429,
2020-04,경기도,수원시 영통구,소매-취미/오락관련소매-악기 판매,50804355,
2020-04,경기도,동두천시,음식-일식-초밥 전문점,137216718,
2020-04,경기도,용인시 수지구,음식-다방/커피숍/카페-전통찻집,2749874,
2020-04,경기도,오산시,스포츠-운동시설-스포츠강습/훈련/교실,4934210,
2020-04,경기도,고양시 일산동구,소매-예술품/골동품/수석/분재-수석 판매,9701170,
2020-04,경기도,안산시 상록구,관광/여가/오락-무도/유흥/가무-무도유흥주점-종합,408870751,
2020-04,경기도,용인시 기흥구,생활서비스-광고/인쇄-인쇄업,587405,
2020-04,경기도,의정부시,음식-분식-밀요리 전문점,44604253,
2020-04,경기도,광명시,관광/여가/오락-놀이/여가/취미-주말농장,1644736,
2020-04,경기도,부천시,음식-한식-냉면 전문점,1087260137,
2020-04,경기도,광주시,소매-음/식료품-생수 판매,1174812,
2020-04,경기도,성남시 분당구,생활서비스-법무세무회계-변호사,6784539,
2020-04,경기도,시흥시,음식-패스트푸드-아이스크림 판매,459972001,
2020-04,경기도,양주시,음식-수산물-게장 전문점,67799616,
2020-04,경기도,평택시,소매-의복-의류 판매-여성전문,243383142,
2020-04,경기도,성남시 중원구,의료-병원-병원-한의학과,630397942,
2020-04,경기도,파주시,소매-가정/주방/인테리어-주방가구 판매,71789559,
2020-04,경기도,포천시,음식-패스트푸드-도시락 전문점,24993199,
2020-04,경기도,안성시,소매-종합소매점-잡화점,7499543,
2020-04,경기도,하남시,관광/여가/오락-무도/유흥/가무-무도유흥주점-종합,278261126,
2020-04,경기도,군포시,음식-제과제빵떡케익-떡/한과 판매,97857861,
2020-04,경기도,이천시,학문/교육-유아교육-놀이방,13451597,
2020-04,경기도,여주시,소매-애견/애완/동물-애견훈련소/애견호텔,35870642,
2020-04,경기도,남양주시,생활서비스-개인/가정용품수리-가전기기/용품 설비,54860747,
2020-04,경기도,의왕시,소매-가정/주방/인테리어-주방용품 판매,1074953,
2020-04,경기도,김포시,학문/교육-학원-창업취업취미-학원-이용/미용,103703861,
2020-04,경기도,양평군,생활서비스-광고/인쇄-인쇄업,3798380,
