기준년월,시도명,시군구명,업종분류명,사용금액,카드사명
2020-07,경기도,고양시 일산서구,소매-음/식료품-닭집,14717190,
2020-07,경기도,수원시 팔달구,소매-기타판매업-통신판매,9131493,
2020-07,경기도,구리시,음식-한식-보쌈/족발 전문점,368253625,
2020-07,경기도,성남시 중원구,음식-한식-돼지고기 전문점,251691250,
2020-07,경기도,부천시,소매-의복-교복 판매,89153491,
2020-07,경기도,수원시 영통구,생활서비스-주유소/충전소-차량가스충전소,1020638563,
2020-07,경기도,이천시,음식-한식-삼계탕/초계탕,309613467,
2020-07,경기도,평택시,생활서비스-이/미용/건강-미용실,5141962316,
2020-07,경기도,양평군,소매-의약/의료품소매-의료용품 판매,17289281,
2020-07,경기도,여주시,의료-병원-병원-이비인후과,4044527,
2020-07,경기도,동두천시,생활서비스-사진-사진관,5994716,
2020-07,경기도,용인시 기흥구,소매-의복-한복/포목점,2307971,
2020-07,경기도,시흥시,음식-한식-한식/백반 전문점,14713043722,
2020-07,경기도,양주시,음식-한식-삼겹살 전문점,11331448,
2020-07,경기도,수원시 권선구,음식-유흥주점-기타일반 유흥주점,26927631,
2020-07,경기도,용인시 수지구,소매-기타판매업-자동판매기 운영,5019650,
2020-07,경기도,가평군,소매-가정/주방/인테리어-주방용품 판매,17803742,
2020-07,경기도,광주시,소매-종합소매점-종합소매점,4742210141,
2020-07,경기도,남양주시,음식-한식-돼지갈비 전문점,61086542,
2020-07,경기도,성남시 수정구,소매-가정/주방/인테리어-주방용품 판매,539345,
2020-07,경기도,안성시,음식-유흥주점-민속주점,112686492,
2020-07,경기도,안양시 만안구,소매-기타판매업-곡물/사료 판매,23055151,
2020-07,경기도,오산시,소매-의복-셔츠/내의 판매,199604252,
2020-07,경기도,포천시,음식-한식-순두부/두부요리 전문점,60043574,
2020-07,경기도,과천시,의료-병원-병원-한의학과,73078963,
2020-07,경기도,광명시,숙박-모텔/여관/여인숙-모텔,238300875,
2020-07,경기도,안양시 동안구,음식-한식-기타고기요리 전문점,4908133865,
2020-07,경기도,군포시,음식-한식-추어탕 전문점,293621487,
2020-07,경기도,화성시,학문/교육-학원기타-학원-기타종합,1547976119,
2020-07,경기도,안산시 상록구,생활서비스-자동차/이륜차-자동차부품/용품 판매-중고,113337320,
2020-07,경기도,용인시 처인구,음식-한식-족발/보쌈전문,124056849,
2020-07,경기도,수원시 장안구,관광/여가/오락-요가/단전/마사지-스포츠마사지,65628691,
2020-07,경기도,연천군,생활서비스-주유소/충전소-주유소,1833830936,
2020-07,경기도,고양시 일산동구,소매-의복-아동복전문 판매,90475297,
2020-07,경기도,안산시 단원구,생활서비스-물품기기대여-도서 대여,48710691,
2020-07,경기도,고양시 덕양구,음식-한식-국/찌개/탕요리-기타,623826386,
2020-07,경기도,김포시,음식-한식-돼지고기 전문점,129418103,
2020-07,경기도,파주시,학문/교육-학원기타-학원-기타,50036312,
2020-07,경기도,의정부시,의료-병원-보건기관-요양원,144022769,
2020-07,경기도,성남시 분당구,소매-의약/의료품소매-의료용품 판매,2204442124,
2020-07,경기도,하남시,소매-취미/오락관련소매-수족관,4699248,
2020-07,경기도,의왕시,생활서비스-이/미용/건강-미용실,689700500,
