기준년월,시도명,시군구명,업종분류명,사용금액,카드사명
2013-05,경기도,동두천시,미용.목욕탕/사우나,78503400,
2013-05,경기도,연천군,의료.일반병원,59778900,
2013-05,경기도,양평군,교육/학원.기타예체능학원,1710000,
2013-05,서울특별시,은평구,주유.주유소,336322093,
2013-05,경기도,용인시 수지구,미용.미용실,1021822425,
2013-05,인천광역시,부평구,의류/잡화.패션/잡화,621000,
2013-05,경기도,군포시,가정생활/서비스.세탁소,137761227,
2013-05,경기도,부천시,의류/잡화.패션/잡화,1842003292,
2013-05,경기도,파주시,요식/유흥.부페,89550000,
2013-05,서울특별시,강동구,스포츠/문화/레저.화원,679500,
2013-05,경기도,광주시,가전/가구.가구,1324614420,
2013-05,서울특별시,강서구,스포츠/문화/레저.화원,1881000,
2013-05,경기도,수원시 팔달구,요식/유흥.한식(족발/보쌈),210332250,
2013-05,경기도,하남시,요식/유흥.치킨,251789157,
2013-05,충청남도,천안시 서북구,스포츠/문화/레저.스포츠/레저용품,9751500,
2013-05,강원도,춘천시,요식/유흥.한식(일반),26847000,
2013-05,경기도,안산시 상록구,요식/유흥.분식,484080039,
2013-05,서울특별시,도봉구,자동차.자동차용품,37606500,
2013-05,서울특별시,중랑구,의류/잡화.패션/잡화,162000,
2013-05,경기도,수원시 장안구,스포츠/문화/레저.PC게임방,9314550,
2013-05,경기도,시흥시,가전/가구.컴퓨터,245652448,
2013-05,경기도,평택시,주유.LPG,8462105536,
2013-05,서울특별시,서초구,요식/유흥.중식,85993200,
2013-05,경기도,남양주시,스포츠/문화/레저.당구장,34244604,
2013-05,경기도,수원시 권선구,스포츠/문화/레저.스포츠/레저용품,2138412285,
2013-05,서울특별시,마포구,요식/유흥.외식업기타,1766250,
2013-05,경기도,여주시,요식/유흥.패스트푸드,46187325,
2013-05,충청북도,음성군,자동차.자동차경정비,891000,
2013-05,경기도,안양시 만안구,스포츠/문화/레저.스포츠/레저용품,1890104580,
2013-05,경기도,오산시,미용.미용실,847902654,
2013-05,경기도,용인시 기흥구,의료.특화병원,1086127515,
2013-05,경기도,수원시 영통구,교육/학원.기타예체능학원,66669750,
2013-05,경기도,안성시,유통.대형유통점,6687464220,
2013-05,인천광역시,계양구,음/식료품.정육점,5719995,
2013-05,경기도,가평군,의료.약국,93811986,
2013-05,경기도,고양시 일산서구,가전/가구.휴대폰,12150000,
2013-05,경기도,광명시,가전/가구.기타가전/가구,539216955,
2013-05,경기도,성남시 중원구,의료.약국,1376434435,
2013-05,경기도,안산시 단원구,요식/유흥.유흥업소,4324402845,
2013-05,경기도,용인시 처인구,가전/가구.가구,830140695,
2013-05,충청남도,아산시,주유.주유소,174128940,
2013-05,경기도,안양시 동안구,유통.생활잡화,397426243,
2013-05,경기도,의정부시,요식/유흥.제과,1340406162,
2013-05,경기도,이천시,스포츠/문화/레저.스포츠시설,84176100,
2013-05,경기도,포천시,스포츠/문화/레저.스포츠시설,105432570,
2013-05,경기도,화성시,스포츠/문화/레저.스포츠/레저용품,8007831765,
2013-05,서울특별시,금천구,요식/유흥.한식(일반),3991500,
2013-05,경기도,과천시,요식/유흥.커피/음료,121831110,
2013-05,경기도,김포시,요식/유흥.피자전문점,422028585,
2013-05,서울특별시,구로구,음/식료품.농수산물,2670300,
2013-05,서울특별시,양천구,의류/잡화.의복/의류,2628000,
2013-05,경기도,구리시,스포츠/문화/레저.취미/오락,72184050,
2013-05,경기도,양주시,자동차.자동차판매,76729500,
2013-05,서울특별시,노원구,유통.편의점,10374673,
2013-05,경기도,고양시 덕양구,교육/학원.외국어학원,1980866916,
2013-05,경기도,성남시 수정구,교육/학원.미술/서예학원,21392550,
2013-05,경기도,고양시 일산동구,교육/학원.입시보습학원,6309040509,
2013-05,인천광역시,서구,요식/유흥.중식,5420250,
2013-05,경기도,의왕시,스포츠/문화/레저.반려동물관련,126258930,
2013-05,서울특별시,송파구,요식/유흥.한식(일반),26424000,
2013-05,경기도,성남시 분당구,요식/유흥.중식,3250510641,
