기준년월,시도명,시군구명,업종분류명,사용금액,카드사명
2013-11,서울특별시,강서구,주유.주유소,1556931034,
2013-11,경기도,부천시,스포츠/문화/레저.문화용품,367417030,
2013-11,서울특별시,금천구,요식/유흥.중식,6819340,
2013-11,경기도,의정부시,요식/유흥.커피/음료,538805464,
2013-11,경기도,광주시,가전/가구.휴대폰,32248030,
2013-11,경기도,이천시,의류/잡화.의복/의류,2434271345,
2013-11,서울특별시,강동구,교육/학원.기타예체능학원,713600,
2013-11,서울특별시,마포구,가정생활/서비스.열쇠/도장/각종수리점,343420,
2013-11,경기도,가평군,의료.치과병원,159879627,
2013-11,경기도,고양시 일산서구,유통.생활잡화,818886417,
2013-11,경기도,성남시 수정구,유통.대형유통점,6325952678,
2013-11,경기도,과천시,미용.피부/체형관리/마사지,49553945,
2013-11,경기도,수원시 장안구,가전/가구.가전,2400079825,
2013-11,경기도,의왕시,의료.일반병원,640475044,
2013-11,서울특별시,은평구,유통.슈퍼마켓,40976696,
2013-11,충청남도,천안시 서북구,스포츠/문화/레저.스포츠/레저용품,5381882,
2013-11,강원도,춘천시,요식/유흥.한식(일반),36560850,
2013-11,경기도,수원시 팔달구,가전/가구.기타가전/가구,568446111,
2013-11,경기도,양평군,스포츠/문화/레저.PC게임방,4693258,
2013-11,경기도,오산시,요식/유흥.커피/음료,254790599,
2013-11,경기도,수원시 영통구,스포츠/문화/레저.PC게임방,60220704,
2013-11,경기도,안양시 만안구,스포츠/문화/레저.취미/오락,74475310,
2013-11,서울특별시,송파구,스포츠/문화/레저.스포츠/레저용품,15743800,
2013-11,경기도,광명시,의류/잡화.의복/의류,2302396013,
2013-11,경기도,안산시 상록구,교육/학원.음악/피아노학원,165622100,
2013-11,서울특별시,도봉구,가정생활/서비스.인테리어,31086958,
2013-11,경기도,용인시 기흥구,요식/유흥.닭/오리,649967396,
2013-11,서울특별시,서초구,요식/유흥.노래방,16051540,
2013-11,경기도,구리시,여행/교통.모텔/여관/기타숙박,744505975,
2013-11,경기도,안산시 단원구,가전/가구.휴대폰,22855270,
2013-11,경기도,양주시,유통.생활잡화,212203945,
2013-11,경기도,여주시,스포츠/문화/레저.실외골프/스키,13422068695,
2013-11,경기도,파주시,스포츠/문화/레저.스포츠/레저용품,1583938069,
2013-11,경기도,평택시,교육/학원.유아교육,61432040,
2013-11,서울특별시,중랑구,의류/잡화.패션/잡화,423700,
2013-11,경기도,고양시 일산동구,스포츠/문화/레저.서점,1036483399,
2013-11,경기도,동두천시,여행/교통.교통,3050640,
2013-11,경기도,수원시 권선구,스포츠/문화/레저.스포츠/레저용품,2640412295,
2013-11,경기도,용인시 수지구,유통.슈퍼마켓,12229444161,
2013-11,경기도,포천시,교육/학원.기타예체능학원,758200,
2013-11,서울특별시,양천구,요식/유흥.한식(일반),1462880,
2013-11,경기도,성남시 분당구,미용.미용실,5068526587,
2013-11,경기도,성남시 중원구,요식/유흥.치킨,680324921,
2013-11,경기도,안양시 동안구,요식/유흥.호프/간이주점,1937683170,
2013-11,경기도,연천군,요식/유흥.유흥업소,182735120,
2013-11,경기도,하남시,요식/유흥.치킨,250288064,
2013-11,경기도,화성시,의료.종합병원,3145422809,
2013-11,충청북도,음성군,자동차.자동차경정비,1717100,
2013-11,경기도,군포시,미용.화장품,1168774889,
2013-11,서울특별시,구로구,음/식료품.농수산물,774702,
2013-11,서울특별시,노원구,유통.생활잡화,19666593,
2013-11,인천광역시,부평구,의류/잡화.패션/잡화,423700,
2013-11,충청남도,아산시,주유.주유소,177439525,
2013-11,경기도,김포시,가정생활/서비스.인쇄/광고/이벤트,242853779,
2013-11,인천광역시,계양구,음/식료품.정육점,13962030,
2013-11,인천광역시,서구,요식/유흥.노래방,7943260,
2013-11,경기도,시흥시,미용.네일케어,20422340,
2013-11,경기도,남양주시,교육/학원.문구용품,1844753459,
2013-11,경기도,용인시 처인구,요식/유흥.한식(갈비/삼겹살/곱창),518318561,
2013-11,경기도,안성시,가정생활/서비스.인테리어,1184764350,
2013-11,경기도,고양시 덕양구,음/식료품.농수산물,1507513931,
