기준년월,시도명,시군구명,업종분류명,사용금액,카드사명
2014-07,경기도,수원시 팔달구,스포츠/문화/레저.실내골프장,59077160,
2014-07,경기도,의정부시,교육/학원.입시보습학원,4649507621,
2014-07,경기도,양평군,스포츠/문화/레저.화원,54824550,
2014-07,인천광역시,부평구,스포츠/문화/레저.서점,9098400,
2014-07,경기도,용인시 기흥구,가정생활/서비스.인테리어,984862926,
2014-07,강원도,춘천시,여행/교통.모텔/여관/기타숙박,57980,
2014-07,경기도,광주시,여행/교통.모텔/여관/기타숙박,472024546,
2014-07,경기도,동두천시,스포츠/문화/레저.서점,60460741,
2014-07,서울특별시,중랑구,미용.화장품,14718000,
2014-07,인천광역시,계양구,유통.생활잡화,9464120,
2014-07,경기도,안산시 단원구,여행/교통.모텔/여관/기타숙박,993617532,
2014-07,경기도,남양주시,요식/유흥.노래방,828324134,
2014-07,경기도,연천군,의류/잡화.의복/의류,96620102,
2014-07,경기도,고양시 덕양구,여행/교통.교통,44747180,
2014-07,경기도,고양시 일산서구,유통.상품권판매,313034912,
2014-07,서울특별시,강서구,스포츠/문화/레저.화원,4014000,
2014-07,서울특별시,구로구,가전/가구.가전,35175190,
2014-07,경기도,안산시 상록구,교육/학원.태권도/투기도장,177099910,
2014-07,서울특별시,강동구,스포츠/문화/레저.화원,651160,
2014-07,서울특별시,노원구,가전/가구.가전,7002200,
2014-07,인천광역시,서구,의료.약국,24909769,
2014-07,경기도,부천시,가정생활/서비스.인테리어,2709029747,
2014-07,경기도,수원시 영통구,스포츠/문화/레저.종합레저시설,399170,
2014-07,경기도,수원시 장안구,스포츠/문화/레저.스포츠/레저용품,1964099777,
2014-07,경기도,양주시,자동차.자동차용품,1225156362,
2014-07,경기도,과천시,요식/유흥.중식,241703010,
2014-07,서울특별시,마포구,주유.주유소,1093072057,
2014-07,경기도,구리시,스포츠/문화/레저.스포츠시설,77356916,
2014-07,경기도,포천시,가정생활/서비스.인테리어,1841558574,
2014-07,경기도,하남시,유통.대형유통점,2771436953,
2014-07,서울특별시,도봉구,주유.주유소,1142564311,
2014-07,서울특별시,은평구,스포츠/문화/레저.화원,517360,
2014-07,경기도,시흥시,여행/교통.모텔/여관/기타숙박,1090167723,
2014-07,경기도,안성시,여행/교통.모텔/여관/기타숙박,385647632,
2014-07,경기도,안양시 동안구,스포츠/문화/레저.실외골프/스키,94890960,
2014-07,경기도,파주시,여행/교통.호텔/콘도,116049200,
2014-07,경기도,성남시 수정구,요식/유흥.한식(일반),8410435379,
2014-07,경기도,안양시 만안구,유통.기타유통,90441664,
2014-07,경기도,용인시 처인구,요식/유흥.양식,182153536,
2014-07,충청남도,아산시,주유.주유소,103948519,
2014-07,경기도,여주시,가정생활/서비스.세탁소,8786958,
2014-07,경기도,용인시 수지구,유통.편의점,1454282480,
2014-07,경기도,화성시,교육/학원.음악/피아노학원,524538370,
2014-07,경기도,고양시 일산동구,요식/유흥.닭/오리,1233697726,
2014-07,경기도,광명시,교육/학원.외국어학원,1935908938,
2014-07,서울특별시,금천구,요식/유흥.치킨,10041690,
2014-07,경기도,성남시 중원구,자동차.자동차공업사,104249824,
2014-07,경기도,이천시,스포츠/문화/레저.취미/오락,64901920,
2014-07,경기도,평택시,요식/유흥.제과,1434404304,
2014-07,경기도,가평군,여행/교통.호텔/콘도,74309844,
2014-07,경기도,성남시 분당구,의료.기타의료,1564527659,
2014-07,서울특별시,서초구,요식/유흥.중식,45342144,
2014-07,경기도,군포시,교육/학원.미술/서예학원,113975077,
2014-07,경기도,김포시,미용.네일케어,38139690,
2014-07,경기도,의왕시,교육/학원.기타예체능학원,42542156,
2014-07,충청북도,음성군,자동차.자동차경정비,2004770,
2014-07,경기도,수원시 권선구,여행/교통.여행사,43498380,
2014-07,서울특별시,송파구,음/식료품.정육점,708694,
2014-07,서울특별시,양천구,요식/유흥.한식(일반),1824140,
2014-07,경기도,오산시,요식/유흥.일식,616898280,
