기준년월,시도명,시군구명,업종분류명,사용금액,카드사명
2019-02,경기도,평택시,생활서비스-행사/이벤트-이벤트/행사용품 판매,0,
2019-02,경기도,고양시 덕양구,관광/여가/오락-PC/오락/당구/볼링등-탁구장,6803229,
2019-02,경기도,하남시,소매-예술품/골동품/수석/분재-수석 판매,10680109,
2019-02,경기도,여주시,음식-한식-보리밥 전문점,123973775,
2019-02,경기도,성남시 분당구,생활서비스-주유소/충전소-차량가스충전소,386558559,
2019-02,경기도,성남시 중원구,음식-다방/커피숍/카페-전통찻집,1569261,
2019-02,경기도,안산시 단원구,소매-종합소매점-종합소매점,2460600895,
2019-02,경기도,양주시,스포츠-운영관리시설-스포츠시설운영,104013585,
2019-02,경기도,수원시 권선구,소매-종합소매점-수입품 판매,66216678,
2019-02,경기도,안성시,스포츠-운동시설-골프장,1127556785,
2019-02,경기도,군포시,음식-수산물-회 전문점,868571629,
2019-02,경기도,수원시 팔달구,음식-부페-종합 부페,116743107,
2019-02,경기도,연천군,생활서비스-이/미용/건강-여성미용실,4405667,
2019-02,경기도,고양시 일산서구,음식-한식-삼계탕/초계탕,269653512,
2019-02,경기도,광주시,소매-사진/광학/정밀기기-안경점,895987955,
2019-02,경기도,김포시,소매-유아용품-유아용품 판매,180511257,
2019-02,경기도,용인시 수지구,생활서비스-사진-사진관,166239076,
2019-02,경기도,파주시,학문/교육-도서관/독서실-도서관,427204,
2019-02,경기도,화성시,학문/교육-학원기타-학원-기타종합,2521078265,
2019-02,경기도,구리시,생활서비스-개인/가정용품수리-가전기기/용품 설비,62827641,
2019-02,경기도,동두천시,의료-수의업-수의업,19375725,
2019-02,경기도,부천시,음식-일식-일식 전문점,2710525200,
2019-02,경기도,안양시 동안구,소매-자동차/자동차용품-자동차 판매,502727379,
2019-02,경기도,양평군,음식-수산물-장어요리 전문점,6149622,
2019-02,경기도,포천시,음식-양식-경양식 전문점,294667497,
2019-02,경기도,용인시 처인구,생활서비스-자동차/이륜차-주차장운영,45363230,
2019-02,경기도,가평군,관광/여가/오락-PC/오락/당구/볼링등-당구장,48632345,
2019-02,경기도,의정부시,소매-기타판매업-통신판매,489232206,
2019-02,경기도,이천시,생활서비스-자동차/이륜차-자동차경정비,3264662335,
2019-02,경기도,고양시 일산동구,생활서비스-세탁/가사서비스-세탁소/빨래방,240031104,
2019-02,경기도,과천시,생활서비스-세탁/가사서비스-세탁소/빨래방,15695959,
2019-02,경기도,수원시 영통구,학문/교육-학원-보습교습입시-학원-입시전문,7740997954,
2019-02,경기도,남양주시,음식-중식-중국음식/중국집,4202732369,
2019-02,경기도,성남시 수정구,숙박-모텔/여관/여인숙-모텔,278596161,
2019-02,경기도,안산시 상록구,소매-취미/오락관련소매-악기 판매,3391829,
2019-02,경기도,광명시,관광/여가/오락-요가/단전/마사지-스포츠마사지,25703752,
2019-02,경기도,의왕시,음식-한식-해장국/감자탕 전문,430475822,
2019-02,경기도,오산시,관광/여가/오락-PC/오락/당구/볼링등-당구장,311000836,
2019-02,경기도,시흥시,소매-종합소매점-조합/연금매장,167051702,
2019-02,경기도,안양시 만안구,관광/여가/오락-PC/오락/당구/볼링등-볼링장,72484834,
2019-02,경기도,용인시 기흥구,생활서비스-개인/가정용품수리-가전기기/용품 설비,93651231,
2019-02,경기도,수원시 장안구,소매-의복-의류 판매-여성전문,391362114,
