기준년월,시도명,시군구명,업종분류명,사용금액,카드사명
2013-10,경기도,고양시 덕양구,유통.대형유통점,13057391988,
2013-10,서울특별시,마포구,주유.LPG,4366761645,
2013-10,경기도,광주시,요식/유흥.부페,27820040,
2013-10,경기도,시흥시,미용.피부/체형관리/마사지,117990465,
2013-10,경기도,구리시,요식/유흥.치킨,379057474,
2013-10,경기도,안성시,교육/학원.입시보습학원,709634258,
2013-10,경기도,의정부시,가정생활/서비스.세탁소,158770279,
2013-10,충청남도,아산시,유통.기타유통,19095970,
2013-10,경기도,고양시 일산동구,유통.기타유통,551608609,
2013-10,경기도,김포시,교육/학원.음악/피아노학원,247284505,
2013-10,경기도,포천시,유통.편의점,1596164858,
2013-10,경기도,남양주시,가정생활/서비스.인쇄/광고/이벤트,257270624,
2013-10,경기도,과천시,스포츠/문화/레저.실내골프장,5455350,
2013-10,경기도,성남시 중원구,요식/유흥.닭/오리,411520623,
2013-10,경기도,안양시 만안구,자동차.자동차경정비,1068247779,
2013-10,서울특별시,도봉구,가정생활/서비스.인테리어,24761452,
2013-10,경기도,수원시 팔달구,여행/교통.여행사,16164000,
2013-10,경기도,용인시 처인구,요식/유흥.제과,488715949,
2013-10,경기도,이천시,가정생활/서비스.인테리어,1099985586,
2013-10,인천광역시,계양구,가정생활/서비스.인테리어,44096290,
2013-10,경기도,안산시 상록구,스포츠/문화/레저.스포츠/레저용품,5774928174,
2013-10,경기도,연천군,요식/유흥.한식(족발/보쌈),112365393,
2013-10,경기도,의왕시,요식/유흥.제과,754129852,
2013-10,인천광역시,서구,유통.생활잡화,52617007,
2013-10,경기도,광명시,스포츠/문화/레저.스포츠센타/레포츠클럽,479567471,
2013-10,서울특별시,금천구,음/식료품.정육점,3308232,
2013-10,경기도,동두천시,의료.한의원,72886170,
2013-10,서울특별시,은평구,가정생활/서비스.인테리어,9934125,
2013-10,서울특별시,중랑구,의류/잡화.의복/의류,11162589,
2013-10,경기도,고양시 일산서구,의료.기타의료,508644347,
2013-10,경기도,양주시,미용.피부/체형관리/마사지,34887300,
2013-10,서울특별시,노원구,요식/유흥.치킨,16583815,
2013-10,경기도,가평군,가정생활/서비스.전문서비스(법률/회계/번역등),157724271,
2013-10,경기도,수원시 장안구,스포츠/문화/레저.스포츠/레저용품,2714811819,
2013-10,경기도,수원시 권선구,스포츠/문화/레저.스포츠센타/레포츠클럽,291489004,
2013-10,경기도,군포시,미용.미용실,1002608127,
2013-10,경기도,안산시 단원구,스포츠/문화/레저.스포츠시설,131262994,
2013-10,경기도,안양시 동안구,의류/잡화.패션/잡화,797864469,
2013-10,경기도,하남시,미용.목욕탕/사우나,168066088,
2013-10,경기도,화성시,의류/잡화.패션/잡화,574462274,
2013-10,서울특별시,송파구,가정생활/서비스.열쇠/도장/각종수리점,8317276,
2013-10,충청북도,음성군,자동차.자동차경정비,1430065,
2013-10,경기도,성남시 수정구,요식/유흥.치킨,585105145,
2013-10,경기도,용인시 기흥구,요식/유흥.양식,1042105203,
2013-10,경기도,용인시 수지구,스포츠/문화/레저.취미/오락,58895195,
2013-10,경기도,파주시,가정생활/서비스.인테리어,1613217241,
2013-10,서울특별시,강동구,스포츠/문화/레저.화원,449000,
2013-10,서울특별시,강서구,스포츠/문화/레저.화원,1266180,
2013-10,서울특별시,서초구,자동차.자동차경정비,10102500,
2013-10,서울특별시,양천구,요식/유흥.한식(일반),1598440,
2013-10,경기도,수원시 영통구,교육/학원.미술/서예학원,300686364,
2013-10,서울특별시,구로구,가전/가구.가전,10829929,
2013-10,인천광역시,부평구,음/식료품.농수산물,3569550,
2013-10,강원도,춘천시,요식/유흥.한식(일반),49012840,
2013-10,경기도,부천시,가전/가구.가구,1089786309,
2013-10,충청남도,천안시 서북구,스포츠/문화/레저.스포츠/레저용품,6005824,
2013-10,경기도,양평군,교육/학원.외국어학원,4283460,
2013-10,경기도,여주시,유통.상품권판매,17286500,
2013-10,경기도,성남시 분당구,유통.대형유통점,19471640083,
2013-10,경기도,오산시,가정생활/서비스.인쇄/광고/이벤트,195917109,
2013-10,경기도,평택시,요식/유흥.패스트푸드,969610067,
