기준년월,시도명,시군구명,업종분류명,사용금액,카드사명
2013-09,경기도,군포시,의료.일반병원,2089082011,
2013-09,경기도,수원시 장안구,요식/유흥.닭/오리,270028600,
2013-09,경기도,안산시 상록구,가정생활/서비스.인테리어,1400905045,
2013-09,경기도,이천시,음/식료품.농수산물,441048187,
2013-09,경기도,안성시,요식/유흥.양식,302327594,
2013-09,경기도,평택시,요식/유흥.제과,1137347069,
2013-09,서울특별시,양천구,미용.화장품,314300,
2013-09,서울특별시,은평구,요식/유흥.한식(갈비/삼겹살/곱창),460225,
2013-09,경기도,광명시,요식/유흥.분식,684546387,
2013-09,경기도,구리시,가전/가구.가전,2169214098,
2013-09,서울특별시,송파구,가전/가구.가전,17798624,
2013-09,경기도,남양주시,음/식료품.인삼및건강제품,498594730,
2013-09,경기도,김포시,음/식료품.인삼및건강제품,422445915,
2013-09,경기도,안양시 동안구,교육/학원.입시보습학원,8531853302,
2013-09,경기도,의왕시,스포츠/문화/레저.PC게임방,8438057,
2013-09,경기도,화성시,교육/학원.미술/서예학원,304337812,
2013-09,경기도,고양시 일산동구,의료.한의원,1309038711,
2013-09,경기도,파주시,스포츠/문화/레저.문화용품,230028357,
2013-09,서울특별시,서초구,유통.슈퍼마켓,39895356,
2013-09,충청남도,아산시,주유.주유소,149416572,
2013-09,경기도,고양시 덕양구,교육/학원.태권도/투기도장,154565556,
2013-09,서울특별시,강동구,스포츠/문화/레저.화원,449000,
2013-09,서울특별시,도봉구,자동차.자동차용품,42434990,
2013-09,경기도,부천시,스포츠/문화/레저.서점,1652840467,
2013-09,경기도,용인시 기흥구,요식/유흥.제과,1617069921,
2013-09,충청북도,음성군,자동차.자동차경정비,2276430,
2013-09,서울특별시,금천구,음/식료품.기타음/식료품,606150,
2013-09,경기도,가평군,교육/학원.유아교육,3053200,
2013-09,경기도,성남시 중원구,요식/유흥.유흥업소,1510721159,
2013-09,경기도,수원시 팔달구,스포츠/문화/레저.스포츠/레저용품,1585244563,
2013-09,경기도,양주시,가정생활/서비스.인쇄/광고/이벤트,29035483,
2013-09,경기도,여주시,스포츠/문화/레저.실외골프/스키,12770648802,
2013-09,경기도,의정부시,스포츠/문화/레저.스크린골프,296943905,
2013-09,경기도,하남시,가정생활/서비스.열쇠/도장/각종수리점,102941951,
2013-09,인천광역시,부평구,유통.슈퍼마켓,10905985,
2013-09,경기도,광주시,가정생활/서비스.인테리어,2405023308,
2013-09,경기도,수원시 영통구,교육/학원.영어학원,384099295,
2013-09,경기도,시흥시,가전/가구.기타가전/가구,498671972,
2013-09,충청남도,천안시 서북구,스포츠/문화/레저.스포츠/레저용품,10124950,
2013-09,경기도,동두천시,스포츠/문화/레저.취미/오락,18350630,
2013-09,경기도,안산시 단원구,여행/교통.여행사,61969633,
2013-09,경기도,포천시,음/식료품.농수산물,435853818,
2013-09,인천광역시,서구,미용.피부/체형관리/마사지,1418840,
2013-09,경기도,고양시 일산서구,유통.기타유통,452178268,
2013-09,경기도,과천시,교육/학원.태권도/투기도장,5208400,
2013-09,경기도,양평군,요식/유흥.중식,179846950,
2013-09,경기도,용인시 수지구,스포츠/문화/레저.영화/공연,538800,
2013-09,서울특별시,강서구,주유.주유소,1206431044,
2013-09,서울특별시,구로구,미용.화장품,6595810,
2013-09,서울특별시,노원구,의류/잡화.의복/의류,278380,
2013-09,인천광역시,계양구,음/식료품.기타음/식료품,107413641,
2013-09,경기도,연천군,요식/유흥.한식(일반),1270068007,
2013-09,서울특별시,마포구,주유.LPG,3424270670,
2013-09,서울특별시,중랑구,요식/유흥.한식(일반),43135430,
2013-09,경기도,성남시 수정구,스포츠/문화/레저.문화용품,245682922,
2013-09,경기도,안양시 만안구,요식/유흥.외식업기타,4007509426,
2013-09,강원도,춘천시,요식/유흥.한식(일반),27891880,
2013-09,경기도,성남시 분당구,요식/유흥.노래방,1364179651,
2013-09,경기도,용인시 처인구,주유.LPG,5041779534,
2013-09,경기도,오산시,요식/유흥.닭/오리,261677262,
2013-09,경기도,수원시 권선구,스포츠/문화/레저.실내골프장,69734190,
