기준년월,시도명,시군구명,업종분류명,사용금액,카드사명
2015-08,경기도,과천시,가전/가구.컴퓨터,979629917,
2015-08,서울특별시,노원구,요식/유흥.한식(일반),136046680,
2015-08,경기도,안양시 만안구,가정생활/서비스.인테리어,852380289,
2015-08,경기도,의왕시,스포츠/문화/레저.문화용품,93259980,
2015-08,경기도,양평군,교육/학원.미술/서예학원,5588000,
2015-08,서울특별시,마포구,주유.LPG,2293742536,
2015-08,경기도,고양시 덕양구,요식/유흥.노래방,1240732240,
2015-08,경기도,안양시 동안구,의료.특화병원,2617898184,
2015-08,경기도,용인시 수지구,의류/잡화.의복/의류,2750841258,
2015-08,경기도,평택시,요식/유흥.부페,289711840,
2015-08,경기도,의정부시,스포츠/문화/레저.스포츠시설,444115936,
2015-08,경기도,하남시,유통.편의점,1881713323,
2015-08,경기도,이천시,음/식료품.기타음/식료품,1036445564,
2015-08,경기도,양주시,교육/학원.미술/서예학원,13706000,
2015-08,경기도,화성시,스포츠/문화/레저.스크린골프,369557760,
2015-08,경기도,김포시,가전/가구.가구,941505708,
2015-08,경기도,수원시 권선구,스포츠/문화/레저.스포츠센타/레포츠클럽,489229488,
2015-08,경기도,여주시,스포츠/문화/레저.문화용품,224021160,
2015-08,서울특별시,구로구,요식/유흥.치킨,5183200,
2015-08,서울특별시,금천구,유통.기타유통,5759600,
2015-08,서울특별시,도봉구,가정생활/서비스.인테리어,36699740,
2015-08,인천광역시,서구,유통.슈퍼마켓,24583680,
2015-08,경기도,고양시 일산동구,가정생활/서비스.상담서비스,261584400,
2015-08,경기도,남양주시,가전/가구.휴대폰,32212444,
2015-08,경기도,수원시 장안구,요식/유흥.제과,882299000,
2015-08,충청남도,아산시,주유.주유소,163496388,
2015-08,인천광역시,계양구,유통.생활잡화,4268880,
2015-08,경기도,동두천시,교육/학원.유아교육,356075456,
2015-08,경기도,성남시 수정구,의료.치과병원,1079823800,
2015-08,경기도,안성시,요식/유흥.일식,194049240,
2015-08,경기도,연천군,가정생활/서비스.세탁소,7888188,
2015-08,서울특별시,강동구,가정생활/서비스.인테리어,53240,
2015-08,서울특별시,은평구,가정생활/서비스.인테리어,2420000,
2015-08,경기도,구리시,가전/가구.휴대폰,55508200,
2015-08,경기도,수원시 팔달구,미용.네일케어,166822260,
2015-08,경기도,용인시 처인구,의료.일반병원,929847256,
2015-08,서울특별시,중랑구,가정생활/서비스.인테리어,5065060,
2015-08,경기도,광명시,요식/유흥.호프/간이주점,1406204888,
2015-08,경기도,오산시,음/식료품.정육점,845191890,
2015-08,경기도,포천시,유통.생활잡화,368259157,
2015-08,충청북도,음성군,자동차.자동차경정비,2098800,
2015-08,경기도,광주시,교육/학원.음악/피아노학원,131201400,
2015-08,경기도,안산시 단원구,음/식료품.떡전문,60400516,
2015-08,서울특별시,강서구,자동차.자동차경정비,5825600,
2015-08,경기도,부천시,스포츠/문화/레저.문화용품,625164817,
2015-08,경기도,안산시 상록구,가정생활/서비스.인쇄/광고/이벤트,302074665,
2015-08,경기도,파주시,스포츠/문화/레저.화원,76742160,
2015-08,경기도,고양시 일산서구,의료.기타의료,419904306,
2015-08,경기도,군포시,요식/유흥.일식,823085120,
2015-08,서울특별시,송파구,음/식료품.기타음/식료품,31661520,
2015-08,경기도,가평군,스포츠/문화/레저.영화/공연,3432000,
2015-08,경기도,수원시 영통구,스포츠/문화/레저.스포츠/레저용품,2581015738,
2015-08,경기도,시흥시,주유.LPG,2727594927,
2015-08,경기도,성남시 분당구,의료.약국,6728257606,
2015-08,서울특별시,양천구,요식/유흥.한식(일반),2274800,
2015-08,인천광역시,부평구,음/식료품.농수산물,506000,
2015-08,경기도,성남시 중원구,유통.상품권판매,103298800,
2015-08,경기도,용인시 기흥구,교육/학원.태권도/투기도장,400494600,
2015-08,강원도,춘천시,요식/유흥.한식(일반),96066520,
2015-08,서울특별시,서초구,교육/학원.입시보습학원,1540000,
