기준년월,시도명,시군구명,업종분류명,사용금액,카드사명
2016-10,경기도,오산시,의료.일반병원,2039898738,
2016-10,경기도,수원시 권선구,미용.화장품,1416122726,
2016-10,경기도,고양시 덕양구,의료.약국,2871905085,
2016-10,경기도,안산시 단원구,유통.생활잡화,1456433959,
2016-10,경기도,군포시,교육/학원.기타예체능학원,66743490,
2016-10,경기도,안성시,음/식료품.정육점,1187299979,
2016-10,충청남도,아산시,유통.기타유통,14756720,
2016-10,경기도,성남시 수정구,스포츠/문화/레저.스크린골프,39940560,
2016-10,경기도,수원시 장안구,가정생활/서비스.세탁소,154755463,
2016-10,경기도,의정부시,요식/유흥.커피/음료,1209621800,
2016-10,경기도,안양시 동안구,미용.미용실,2445202421,
2016-10,인천광역시,부평구,미용.미용실,10034750,
2016-10,서울특별시,노원구,자동차.자동차경정비,1037300,
2016-10,서울특별시,은평구,자동차.자동차용품,33355960,
2016-10,경기도,과천시,의료.기타의료,105872565,
2016-10,경기도,성남시 분당구,유통.기타유통,64256098323,
2016-10,경기도,수원시 영통구,가전/가구.컴퓨터,176878682,
2016-10,경기도,연천군,요식/유흥.일식,81356115,
2016-10,경기도,용인시 처인구,스포츠/문화/레저.스포츠시설,527505790,
2016-10,서울특별시,도봉구,가전/가구.기타가전/가구,3815460,
2016-10,서울특별시,중랑구,가전/가구.가구,1438690,
2016-10,경기도,구리시,가전/가구.휴대폰,48187095,
2016-10,경기도,양평군,교육/학원.유아교육,271981864,
2016-10,경기도,용인시 수지구,의료.특화병원,1467115447,
2016-10,경기도,파주시,스포츠/문화/레저.스포츠센타/레포츠클럽,545517648,
2016-10,서울특별시,금천구,요식/유흥.한식(일반),4049980,
2016-10,경기도,하남시,유통.대형유통점,11701852873,
2016-10,서울특별시,송파구,가정생활/서비스.인테리어,101169957,
2016-10,경기도,남양주시,스포츠/문화/레저.영화/공연,233371659,
2016-10,경기도,이천시,요식/유흥.제과,791257603,
2016-10,경기도,포천시,교육/학원.문구용품,416170469,
2016-10,경기도,화성시,요식/유흥.일식,1871758379,
2016-10,서울특별시,강동구,스포츠/문화/레저.화원,130790,
2016-10,서울특별시,서초구,요식/유흥.노래방,20525010,
2016-10,서울특별시,양천구,교육/학원.입시보습학원,721600,
2016-10,인천광역시,계양구,스포츠/문화/레저.화원,820820,
2016-10,강원도,춘천시,요식/유흥.한식(일반),117160780,
2016-10,경기도,동두천시,스포츠/문화/레저.실내골프장,21530740,
2016-10,경기도,안산시 상록구,미용.미용실,1546280722,
2016-10,경기도,양주시,의료.기타의료,122573231,
2016-10,인천광역시,서구,요식/유흥.한식(갈비/삼겹살/곱창),5402980,
2016-10,경기도,가평군,요식/유흥.커피/음료,206363429,
2016-10,경기도,고양시 일산서구,요식/유흥.커피/음료,779888728,
2016-10,경기도,수원시 팔달구,요식/유흥.부페,44974734,
2016-10,경기도,여주시,요식/유흥.외식업기타,590158079,
2016-10,서울특별시,마포구,주유.주유소,864813155,
2016-10,경기도,광주시,자동차.자동차경정비,3344159344,
2016-10,경기도,부천시,여행/교통.모텔/여관/기타숙박,1697823054,
2016-10,경기도,용인시 기흥구,요식/유흥.닭/오리,779282223,
2016-10,경기도,시흥시,의류/잡화.의복/의류,2730611913,
2016-10,경기도,의왕시,가정생활/서비스.인테리어,1132133943,
2016-10,서울특별시,구로구,교육/학원.유아교육,23033832,
2016-10,경기도,안양시 만안구,스포츠/문화/레저.스포츠시설,124855606,
2016-10,경기도,평택시,유통.슈퍼마켓,29450144499,
2016-10,서울특별시,강서구,가정생활/서비스.열쇠/도장/각종수리점,13716714,
2016-10,경기도,김포시,스포츠/문화/레저.스포츠시설,268492477,
2016-10,경기도,성남시 중원구,의료.종합병원,522751213,
2016-10,경기도,광명시,요식/유흥.유흥업소,1324907210,
2016-10,경기도,고양시 일산동구,요식/유흥.일식,2702868233,
