기준년월,시도명,시군구명,업종분류명,사용금액,카드사명
2019-11,경기도,과천시,학문/교육-기타교육기관-정치단체,2136021,
2019-11,경기도,연천군,음식-유흥주점-꼬치구이 전문점,24576878,
2019-11,경기도,양주시,생활서비스-물품기기대여-렌터카,3844839,
2019-11,경기도,안성시,학문/교육-학원-창업취업취미-학원-운전,183634868,
2019-11,경기도,하남시,생활서비스-운송/배달/택배-택배업,378473684,
2019-11,경기도,이천시,관광/여가/오락-PC/오락/당구/볼링등-당구장,222118506,
2019-11,경기도,고양시 일산동구,소매-종합소매점-구판장/직판장,2085291,
2019-11,경기도,동두천시,소매-화장품소매-화장품 판매,285134322,
2019-11,경기도,의왕시,음식-양식-경양식 전문점,45802411,
2019-11,경기도,안산시 상록구,교통/운송-버스운송-고속버스,9612098,
2019-11,경기도,안산시 단원구,학문/교육-유아교육-유아교육기관-기타,190259206,
2019-11,경기도,가평군,음식-분식-국수 전문점,19024390,
2019-11,경기도,여주시,의료-병원-병원-이비인후과,6221397,
2019-11,경기도,의정부시,소매-종합소매점-슈퍼마켓 일반점,8729913769,
2019-11,경기도,군포시,관광/여가/오락-요가/단전/마사지-스포츠마사지,9364123,
2019-11,경기도,성남시 수정구,학문/교육-학원-음악미술무용-학원-서예/서화/미술,141982441,
2019-11,경기도,용인시 기흥구,관광/여가/오락-요가/단전/마사지-스포츠마사지,632260112,
2019-11,경기도,화성시,학문/교육-학원기타-학원-기타종합,2696638435,
2019-11,경기도,부천시,음식-패스트푸드-샌드위치/토스트 전문점,1288344476,
2019-11,경기도,수원시 장안구,생활서비스-세탁/가사서비스-세탁소/빨래방,342985235,
2019-11,경기도,시흥시,음식-한식-닭요리/탕/백숙,62550432,
2019-11,경기도,고양시 덕양구,소매-운동/경기용품-골프용품 판매,82400247,
2019-11,경기도,수원시 권선구,생활서비스-이/미용/건강-남성미용실,6633067,
2019-11,경기도,포천시,생활서비스-자동차/이륜차-세차/광택,50104665,
2019-11,경기도,광주시,의료-의료관련서비스업-유사의료업,8522727,
2019-11,경기도,남양주시,생활서비스-대행업-이민유학 알선,50516917,
2019-11,경기도,용인시 수지구,의료-병원-보건기관-요양원,81572218,
2019-11,경기도,안양시 동안구,음식-수산물-회 전문점,1714145575,
2019-11,경기도,안양시 만안구,소매-의복-일상복 판매,10631154218,
2019-11,경기도,수원시 영통구,소매-종합소매점-시장,32305781,
2019-11,경기도,수원시 팔달구,의료-병원-병원-한의학과,3532329278,
2019-11,경기도,오산시,소매-의복-섬유/직물 제품 가공,60438738,
2019-11,경기도,성남시 분당구,생활서비스-개인/가정용품수리-의류 수선,45184338,
2019-11,경기도,양평군,생활서비스-자동차/이륜차-주차장운영,89234982,
2019-11,경기도,구리시,음식-수산물-쭈꾸미 전문점,21087875,
2019-11,경기도,파주시,음식-수산물-바닷가재/게요리 전문점,55897676,
2019-11,경기도,김포시,생활서비스-개인/가정용품수리-컴퓨터 수리,21890656,
2019-11,경기도,평택시,생활서비스-개인서비스-운명/감정/작명,2883629,
2019-11,경기도,성남시 중원구,소매-기타판매업-유류판매,27009996,
2019-11,경기도,광명시,학문/교육-학원기타-학원-기타종합,716881696,
2019-11,경기도,고양시 일산서구,음식-유흥주점-소주방/포장마차,360540259,
2019-11,경기도,용인시 처인구,생활서비스-대행업-심부름센터,1495215,
