기준년월,시도명,시군구명,업종분류명,사용금액,카드사명
2016-08,경기도,파주시,가전/가구.컴퓨터,261601587,
2016-08,경기도,양주시,스포츠/문화/레저.문화용품,114854282,
2016-08,경기도,광주시,의료.기타의료,369636716,
2016-08,경기도,시흥시,스포츠/문화/레저.서점,555055110,
2016-08,경기도,동두천시,요식/유흥.피자전문점,134781635,
2016-08,경기도,연천군,의류/잡화.패션/잡화,24289000,
2016-08,서울특별시,강동구,스포츠/문화/레저.화원,649220,
2016-08,서울특별시,송파구,음/식료품.농수산물,1816000,
2016-08,인천광역시,계양구,스포츠/문화/레저.취미/오락,385900,
2016-08,경기도,고양시 일산서구,가전/가구.가전,1473615809,
2016-08,경기도,평택시,스포츠/문화/레저.취미/오락,158587239,
2016-08,경기도,안성시,스포츠/문화/레저.스포츠/레저용품,1051883950,
2016-08,서울특별시,서초구,요식/유흥.닭/오리,22958780,
2016-08,서울특별시,양천구,가정생활/서비스.인테리어,6256120,
2016-08,서울특별시,중랑구,요식/유흥.한식(일반),156373490,
2016-08,강원도,춘천시,여행/교통.모텔/여관/기타숙박,3750040,
2016-08,경기도,안양시 만안구,음/식료품.떡전문,25578360,
2016-08,경기도,의정부시,요식/유흥.패스트푸드,1665225555,
2016-08,충청남도,천안시 서북구,스포츠/문화/레저.스포츠시설,499400,
2016-08,경기도,고양시 덕양구,스포츠/문화/레저.화원,626075988,
2016-08,경기도,성남시 중원구,요식/유흥.부페,31491256,
2016-08,경기도,안산시 상록구,여행/교통.교통,51342860,
2016-08,경기도,의왕시,스포츠/문화/레저.문화용품,203443075,
2016-08,경기도,구리시,유통.상품권판매,2333224040,
2016-08,경기도,안양시 동안구,여행/교통.호텔/콘도,23262960,
2016-08,경기도,고양시 일산동구,스포츠/문화/레저.취미/오락,377565922,
2016-08,경기도,이천시,요식/유흥.치킨,967932903,
2016-08,경기도,여주시,주유.LPG,1844864071,
2016-08,서울특별시,금천구,요식/유흥.치킨,9484060,
2016-08,충청북도,음성군,자동차.자동차경정비,499400,
2016-08,경기도,수원시 영통구,스포츠/문화/레저.스포츠/레저용품,2286559922,
2016-08,경기도,안산시 단원구,가정생활/서비스.인쇄/광고/이벤트,286714302,
2016-08,인천광역시,서구,유통.편의점,59767828,
2016-08,경기도,김포시,여행/교통.모텔/여관/기타숙박,530864470,
2016-08,서울특별시,구로구,가전/가구.컴퓨터,10568212,
2016-08,서울특별시,도봉구,자동차.자동차용품,59261528,
2016-08,경기도,성남시 수정구,스포츠/문화/레저.화원,129926628,
2016-08,경기도,양평군,스포츠/문화/레저.실내골프장,27407980,
2016-08,경기도,오산시,요식/유흥.일식,982117316,
2016-08,경기도,용인시 수지구,유통.대형유통점,17902768094,
2016-08,서울특별시,노원구,음/식료품.기타음/식료품,8240554,
2016-08,경기도,가평군,교육/학원.유아교육,151286056,
2016-08,경기도,과천시,교육/학원.기타예체능학원,3242014,
2016-08,서울특별시,마포구,음/식료품.농수산물,2465220,
2016-08,인천광역시,부평구,가전/가구.가전,9080000,
2016-08,경기도,성남시 분당구,의료.한의원,3486748506,
2016-08,경기도,수원시 장안구,미용.목욕탕/사우나,380314438,
2016-08,경기도,용인시 처인구,의료.일반병원,946848562,
2016-08,경기도,화성시,요식/유흥.중식,3611958310,
2016-08,경기도,군포시,가정생활/서비스.인쇄/광고/이벤트,102244976,
2016-08,경기도,남양주시,교육/학원.외국어학원,1359016716,
2016-08,서울특별시,은평구,미용.화장품,3559360,
2016-08,경기도,수원시 권선구,요식/유흥.커피/음료,1401054578,
2016-08,경기도,포천시,스포츠/문화/레저.종합레저시설,4172260,
2016-08,서울특별시,강서구,요식/유흥.패스트푸드,91918020,
2016-08,충청남도,아산시,주유.주유소,150512817,
2016-08,경기도,하남시,여행/교통.모텔/여관/기타숙박,482769980,
2016-08,경기도,용인시 기흥구,미용.미용실,2359960186,
2016-08,경기도,수원시 팔달구,의료.종합병원,8220647916,
2016-08,경기도,부천시,요식/유흥.일식,2287190473,
2016-08,경기도,광명시,여행/교통.호텔/콘도,90940740,
