기준년월,시도명,시군구명,업종분류명,사용금액,카드사명
2016-12,경기도,연천군,음/식료품.정육점,188863642,
2016-12,서울특별시,서초구,요식/유흥.중식,28332450,
2016-12,경기도,의왕시,교육/학원.기타예체능학원,87864075,
2016-12,서울특별시,금천구,자동차.자동차경정비,18205680,
2016-12,경기도,고양시 덕양구,유통.기타유통,928803508,
2016-12,서울특별시,노원구,요식/유흥.한식(일반),184089315,
2016-12,서울특별시,양천구,교육/학원.유아교육,1757700,
2016-12,서울특별시,은평구,요식/유흥.중식,14287125,
2016-12,경기도,시흥시,교육/학원.외국어학원,524739945,
2016-12,경기도,안산시 상록구,의류/잡화.의복/의류,2400393202,
2016-12,경기도,광명시,스포츠/문화/레저.종합레저시설,49499715,
2016-12,경기도,평택시,스포츠/문화/레저.서점,617463846,
2016-12,경기도,성남시 중원구,스포츠/문화/레저.스포츠/레저용품,2461586891,
2016-12,경기도,여주시,유통.대형유통점,3112267924,
2016-12,경기도,수원시 권선구,가전/가구.컴퓨터,220787026,
2016-12,경기도,양평군,스포츠/문화/레저.화원,51098850,
2016-12,서울특별시,중랑구,가정생활/서비스.인테리어,5120115,
2016-12,경기도,가평군,요식/유흥.유흥업소,115957050,
2016-12,경기도,김포시,요식/유흥.닭/오리,611259472,
2016-12,경기도,동두천시,스포츠/문화/레저.문화용품,35794770,
2016-12,경기도,안산시 단원구,자동차.자동차공업사,196575495,
2016-12,경기도,용인시 처인구,가전/가구.컴퓨터,190158313,
2016-12,서울특별시,송파구,스포츠/문화/레저.스크린골프,9825450,
2016-12,경기도,성남시 수정구,자동차.자동차판매,229711990,
2016-12,경기도,안양시 동안구,가정생활/서비스.전문서비스(법률/회계/번역등),763425049,
2016-12,서울특별시,도봉구,가정생활/서비스.인테리어,9226111,
2016-12,경기도,이천시,음/식료품.정육점,1202449424,
2016-12,강원도,춘천시,요식/유흥.한식(일반),83355900,
2016-12,경기도,성남시 분당구,요식/유흥.노래방,1939276971,
2016-12,경기도,오산시,가전/가구.기타가전/가구,93104592,
2016-12,경기도,용인시 기흥구,교육/학원.유아교육,4714797099,
2016-12,경기도,용인시 수지구,요식/유흥.일식,1393661032,
2016-12,경기도,화성시,의료.일반병원,5546707357,
2016-12,경기도,수원시 장안구,요식/유흥.중식,1057906387,
2016-12,경기도,수원시 팔달구,교육/학원.외국어학원,534643468,
2016-12,서울특별시,강서구,유통.기타유통,17296070584,
2016-12,서울특별시,구로구,자동차.자동차경정비,46236810,
2016-12,충청남도,아산시,유통.슈퍼마켓,1246665,
2016-12,경기도,고양시 일산동구,자동차.자동차판매,1183557873,
2016-12,경기도,군포시,의료.치과병원,1994507202,
2016-12,경기도,양주시,유통.대형유통점,3526808635,
2016-12,경기도,파주시,스포츠/문화/레저.스포츠시설,483280312,
2016-12,인천광역시,서구,요식/유흥.노래방,7393500,
2016-12,경기도,고양시 일산서구,여행/교통.교통,76773546,
2016-12,경기도,구리시,가전/가구.컴퓨터,167433033,
2016-12,경기도,안성시,스포츠/문화/레저.문화용품,313433250,
2016-12,경기도,광주시,의류/잡화.의복/의류,4227249560,
2016-12,경기도,하남시,요식/유흥.부페,344567278,
2016-12,서울특별시,강동구,스포츠/문화/레저.화원,465000,
2016-12,경기도,남양주시,의류/잡화.의복/의류,4279763521,
2016-12,충청북도,음성군,자동차.자동차경정비,1185750,
2016-12,경기도,부천시,요식/유흥.한식(일반),32134700134,
2016-12,인천광역시,부평구,의류/잡화.패션/잡화,1007655,
2016-12,경기도,수원시 영통구,요식/유흥.피자전문점,891392631,
2016-12,서울특별시,마포구,주유.LPG,1917062605,
2016-12,경기도,포천시,여행/교통.모텔/여관/기타숙박,680477024,
2016-12,인천광역시,계양구,음/식료품.기타음/식료품,36348445,
2016-12,경기도,의정부시,유통.백화점,17648020426,
2016-12,경기도,과천시,자동차.자동차공업사,34203075,
2016-12,경기도,안양시 만안구,유통.기타유통,179285865,
