기준년월,시도명,시군구명,업종분류명,사용금액,카드사명
2019-08,경기도,성남시 중원구,교통/운송-택시운송-콜택시-일반,25786056,
2019-08,경기도,수원시 팔달구,생활서비스-이/미용/건강-미용실,3063633970,
2019-08,경기도,수원시 장안구,생활서비스-개인/가정용품수리-컴퓨터 수리,10223269,
2019-08,경기도,양주시,관광/여가/오락-PC/오락/당구/볼링등-당구장,165591334,
2019-08,경기도,시흥시,음식-일식-초밥 전문점,1098431310,
2019-08,경기도,과천시,생활서비스-대중목욕탕/휴게-찜질방/사우나,7962021,
2019-08,경기도,군포시,소매-책/서적/도서-서적 판매,383985220,
2019-08,경기도,용인시 처인구,소매-취미/오락관련소매-수족관,544685,
2019-08,경기도,의왕시,학문/교육-학원-음악미술무용-학원-서예/서화/미술,6835269,
2019-08,경기도,남양주시,관광/여가/오락-무도/유흥/가무-노래방,1439077223,
2019-08,경기도,광명시,생활서비스-행사/이벤트-이벤트/행사용품 판매,6522342,
2019-08,경기도,안양시 동안구,소매-가정/주방/인테리어-주방가구 판매,412648453,
2019-08,경기도,평택시,음식-양식-스테이크 전문점,13484225,
2019-08,경기도,포천시,숙박-캠프/별장/펜션-캠프/별장/펜션,194023744,
2019-08,경기도,양평군,생활서비스-장례/묘지-납골/묘지,122243997,
2019-08,경기도,오산시,음식-한식-유부/묵/두부요리 전문점,143807228,
2019-08,경기도,이천시,음식-수산물-장어요리 전문점,8451127,
2019-08,경기도,김포시,소매-음/식료품-미곡상,79518754,
2019-08,경기도,수원시 권선구,소매-음/식료품-건어물상,3054511,
2019-08,경기도,연천군,음식-한식-설렁탕 전문점,32809296,
2019-08,경기도,구리시,생활서비스-개인/가정용품수리-컴퓨터 수리,1157351,
2019-08,경기도,안산시 상록구,관광/여가/오락-요가/단전/마사지-스포츠마사지,43289883,
2019-08,경기도,부천시,학문/교육-학원-어학-학원-외국어/어학,1844879934,
2019-08,경기도,안산시 단원구,생활서비스-운송/배달/택배-종합이삿짐대행,19117395,
2019-08,경기도,성남시 분당구,소매-의복-예복/위딩드레스 판매,7048872,
2019-08,경기도,광주시,생활서비스-광고/인쇄-광고물/간판 제작,58911483,
2019-08,경기도,용인시 기흥구,음식-별식/퓨전요리-돌구이 전문점,6685748,
2019-08,경기도,동두천시,생활서비스-이/미용/건강-미용실,626515370,
2019-08,경기도,수원시 영통구,음식-분식-국수 전문점,1062328024,
2019-08,경기도,안성시,숙박-호텔/콘도-호텔/콘도,23496240,
2019-08,경기도,의정부시,음식-분식-국수 전문점,615471120,
2019-08,경기도,고양시 일산서구,음식-한식-면/만두/수제비 전문점,526046553,
2019-08,경기도,여주시,음식-별식/퓨전요리-사철탕 전문점,35382591,
2019-08,경기도,화성시,생활서비스-개인/가정용품수리-보일러 수리,168580720,
2019-08,경기도,용인시 수지구,의료-병원-병원-성형외과,4128701116,
2019-08,경기도,파주시,생활서비스-대행업-복사대행,41127045,
2019-08,경기도,고양시 일산동구,생활서비스-자동차/이륜차-오토바이 판매,404039,
2019-08,경기도,고양시 덕양구,의료-의료관련서비스업-치과기공소,69933356,
2019-08,경기도,하남시,음식-수산물-고등어 전문점,33406231,
2019-08,경기도,안양시 만안구,관광/여가/오락-PC/오락/당구/볼링등-당구장,283392530,
2019-08,경기도,가평군,관광/여가/오락-PC/오락/당구/볼링등-당구장,38055810,
2019-08,경기도,성남시 수정구,음식-수산물-낙지전문점,11117993,
