기준년월,시도명,시군구명,업종분류명,사용금액,카드사명
2013-12,경기도,가평군,의류/잡화.의복/의류,111468609,
2013-12,경기도,오산시,주유.주유소,16707080830,
2013-12,경기도,고양시 덕양구,자동차.자동차경정비,2763364639,
2013-12,경기도,양평군,가정생활/서비스.인테리어,613482030,
2013-12,경기도,과천시,자동차.자동차용품,326092185,
2013-12,서울특별시,마포구,스포츠/문화/레저.스포츠/레저용품,81684000,
2013-12,경기도,광명시,스포츠/문화/레저.스포츠/레저용품,1572185151,
2013-12,경기도,김포시,가전/가구.가구,460354288,
2013-12,경기도,수원시 영통구,유통.대형유통점,17391486915,
2013-12,경기도,포천시,스포츠/문화/레저.PC게임방,4678650,
2013-12,경기도,구리시,의료.한의원,385609050,
2013-12,인천광역시,계양구,음/식료품.기타음/식료품,67013775,
2013-12,경기도,남양주시,요식/유흥.피자전문점,1087184898,
2013-12,경기도,성남시 분당구,미용.화장품,4073436517,
2013-12,서울특별시,은평구,교육/학원.입시보습학원,147392100,
2013-12,강원도,춘천시,요식/유흥.한식(일반),24853500,
2013-12,경기도,용인시 기흥구,스포츠/문화/레저.스포츠시설,288461331,
2013-12,경기도,용인시 수지구,스포츠/문화/레저.스포츠센타/레포츠클럽,746466075,
2013-12,인천광역시,부평구,스포츠/문화/레저.서점,8505000,
2013-12,경기도,군포시,요식/유흥.피자전문점,495826425,
2013-12,경기도,안양시 만안구,음/식료품.인삼및건강제품,173249055,
2013-12,충청남도,아산시,주유.주유소,152973742,
2013-12,경기도,시흥시,요식/유흥.호프/간이주점,1234468813,
2013-12,경기도,하남시,가전/가구.컴퓨터,117943650,
2013-12,서울특별시,강서구,스포츠/문화/레저.화원,630000,
2013-12,경기도,동두천시,교육/학원.영어학원,21060000,
2013-12,경기도,의왕시,유통.기타유통,139247550,
2013-12,경기도,성남시 수정구,요식/유흥.패스트푸드,213041227,
2013-12,경기도,수원시 팔달구,주유.주유소,7820239171,
2013-12,경기도,연천군,주유.LPG,516218953,
2013-12,서울특별시,구로구,유통.기타유통,81132300,
2013-12,서울특별시,노원구,주유.주유소,1242984321,
2013-12,충청북도,음성군,자동차.자동차경정비,630000,
2013-12,경기도,수원시 장안구,요식/유흥.피자전문점,332310838,
2013-12,경기도,안산시 상록구,요식/유흥.외식업기타,4966989624,
2013-12,경기도,용인시 처인구,스포츠/문화/레저.취미/오락,33518700,
2013-12,경기도,의정부시,스포츠/문화/레저.PC게임방,21057840,
2013-12,경기도,파주시,스포츠/문화/레저.스포츠/레저용품,4652094204,
2013-12,경기도,안산시 단원구,스포츠/문화/레저.반려동물관련,620343837,
2013-12,경기도,양주시,여행/교통.교통,52200000,
2013-12,서울특별시,양천구,교육/학원.입시보습학원,675000,
2013-12,충청남도,천안시 서북구,스포츠/문화/레저.스포츠/레저용품,123750,
2013-12,경기도,고양시 일산동구,가전/가구.가전,3647201310,
2013-12,경기도,광주시,스포츠/문화/레저.화원,149672475,
2013-12,경기도,안성시,음/식료품.떡전문,33288750,
2013-12,경기도,안양시 동안구,여행/교통.호텔/콘도,36414000,
2013-12,경기도,여주시,여행/교통.호텔/콘도,199167570,
2013-12,경기도,평택시,자동차.자동차판매,265680810,
2013-12,서울특별시,강동구,스포츠/문화/레저.화원,441000,
2013-12,서울특별시,금천구,요식/유흥.한식(일반),940500,
2013-12,경기도,이천시,의류/잡화.안경,292991400,
2013-12,경기도,화성시,미용.미용실,1966734864,
2013-12,서울특별시,중랑구,주유.주유소,651532455,
2013-12,인천광역시,서구,요식/유흥.닭/오리,43258950,
2013-12,경기도,부천시,가정생활/서비스.전문서비스(법률/회계/번역등),717495601,
2013-12,경기도,수원시 권선구,교육/학원.문구용품,1705981194,
2013-12,서울특별시,송파구,스포츠/문화/레저.스크린골프,9747000,
2013-12,경기도,고양시 일산서구,요식/유흥.중식,1035968040,
2013-12,경기도,성남시 중원구,가전/가구.가구,161311900,
2013-12,서울특별시,도봉구,자동차.자동차용품,36485100,
2013-12,서울특별시,서초구,요식/유흥.중식,85918050,
