기준년월,시도명,시군구명,업종분류명,사용금액,카드사명
2015-12,경기도,평택시,자동차.자동차경정비,6140136800,
2015-12,경기도,오산시,가전/가구.가구,597951424,
2015-12,경기도,과천시,요식/유흥.제과,446416593,
2015-12,경기도,성남시 수정구,스포츠/문화/레저.스크린골프,24850560,
2015-12,경기도,군포시,교육/학원.외국어학원,852006579,
2015-12,경기도,여주시,의료.종합병원,6353715,
2015-12,서울특별시,마포구,주유.LPG,1870008542,
2015-12,서울특별시,중랑구,요식/유흥.한식(일반),94183040,
2015-12,경기도,고양시 덕양구,자동차.자동차경정비,3093353303,
2015-12,경기도,동두천시,교육/학원.유아교육,412332300,
2015-12,서울특별시,서초구,요식/유흥.닭/오리,14941606,
2015-12,경기도,안산시 상록구,교육/학원.외국어학원,351887110,
2015-12,인천광역시,서구,유통.편의점,42833459,
2015-12,경기도,광명시,여행/교통.여행사,49831532,
2015-12,경기도,시흥시,스포츠/문화/레저.종합레저시설,4076800,
2015-12,경기도,안양시 만안구,유통.기타유통,135774464,
2015-12,서울특별시,금천구,요식/유흥.한식(일반),1626240,
2015-12,서울특별시,송파구,스포츠/문화/레저.실내골프장,4910080,
2015-12,경기도,수원시 권선구,가전/가구.기타가전/가구,218824699,
2015-12,경기도,안성시,교육/학원.태권도/투기도장,79399040,
2015-12,경기도,하남시,요식/유흥.부페,75837440,
2015-12,서울특별시,은평구,가정생활/서비스.인테리어,6889344,
2015-12,경기도,수원시 영통구,가전/가구.가구,101603071,
2015-12,경기도,용인시 기흥구,여행/교통.교통,38546726,
2015-12,경기도,용인시 수지구,음/식료품.인삼및건강제품,871615534,
2015-12,경기도,고양시 일산동구,교육/학원.외국어학원,1684202732,
2015-12,경기도,파주시,음/식료품.농수산물,1014099116,
2015-12,경기도,양평군,교육/학원.외국어학원,32973696,
2015-12,인천광역시,계양구,유통.생활잡화,333132,
2015-12,경기도,수원시 팔달구,요식/유흥.닭/오리,601193779,
2015-12,경기도,화성시,자동차.자동차공업사,656003376,
2015-12,서울특별시,강서구,가정생활/서비스.열쇠/도장/각종수리점,9089024,
2015-12,경기도,김포시,스포츠/문화/레저.스포츠시설,258408864,
2015-12,경기도,수원시 장안구,의류/잡화.의복/의류,1169977894,
2015-12,인천광역시,부평구,의류/잡화.패션/잡화,237440,
2015-12,경기도,고양시 일산서구,가전/가구.휴대폰,3789184,
2015-12,경기도,안산시 단원구,요식/유흥.노래방,1784692309,
2015-12,경기도,의정부시,스포츠/문화/레저.서점,964935256,
2015-12,충청북도,음성군,자동차.자동차경정비,806400,
2015-12,경기도,양주시,스포츠/문화/레저.PC게임방,14352643,
2015-12,경기도,용인시 처인구,의료.특화병원,621513984,
2015-12,경기도,포천시,의류/잡화.안경,160211072,
2015-12,서울특별시,양천구,가정생활/서비스.인테리어,2365440,
2015-12,경기도,구리시,요식/유흥.양식,771822455,
2015-12,경기도,성남시 중원구,가전/가구.가구,142225659,
2015-12,경기도,연천군,가전/가구.가구,38608864,
2015-12,경기도,이천시,미용.미용실,851528384,
2015-12,서울특별시,노원구,요식/유흥.치킨,15447040,
2015-12,경기도,안양시 동안구,요식/유흥.닭/오리,444953600,
2015-12,경기도,의왕시,의료.기타의료,225332795,
2015-12,충청남도,아산시,유통.슈퍼마켓,179200,
2015-12,경기도,광주시,스포츠/문화/레저.당구장,50096256,
2015-12,경기도,부천시,가전/가구.기타가전/가구,202555973,
2015-12,서울특별시,도봉구,주유.주유소,450840436,
2015-12,경기도,가평군,요식/유흥.노래방,58232832,
2015-12,서울특별시,구로구,의료.약국,28842284,
2015-12,경기도,성남시 분당구,가전/가구.휴대폰,63695439,
2015-12,강원도,춘천시,요식/유흥.한식(일반),89349120,
2015-12,경기도,남양주시,가정생활/서비스.인테리어,3469454620,
