기준년월,시도명,시군구명,업종분류명,사용금액,카드사명
2019-07,경기도,수원시 팔달구,음식-유흥주점-꼬치구이 전문점,223546200,
2019-07,경기도,양평군,음식-수산물-낙지전문점,45561346,
2019-07,경기도,의정부시,음식-중식-짬뽕 전문점,231870881,
2019-07,경기도,동두천시,학문/교육-학원-어학-학원-영어,4058441,
2019-07,경기도,평택시,소매-예술품/골동품/수석/분재-수석 판매,5035671,
2019-07,경기도,안양시 동안구,음식-한식-설렁탕 전문점,290221292,
2019-07,경기도,안양시 만안구,음식-분식-밀요리 전문점,33791101,
2019-07,경기도,여주시,음식-한식-쌈/쌈밥 전문점,86480006,
2019-07,경기도,하남시,음식-수산물-오징어 전문점,23816643,
2019-07,경기도,고양시 일산서구,음식-양식-기타세계요리 전문점,154697097,
2019-07,경기도,화성시,학문/교육-학원기타-학원-기타종합,2829698714,
2019-07,경기도,부천시,생활서비스-개인/가정용품수리-보일러 수리,42295369,
2019-07,경기도,고양시 덕양구,음식-한식-설렁탕 전문점,421568480,
2019-07,경기도,고양시 일산동구,음식-한식-설렁탕 전문점,664347660,
2019-07,경기도,성남시 수정구,음식-한식-소갈비 전문점,61438930,
2019-07,경기도,용인시 수지구,소매-종합소매점-종합소매점,15841608498,
2019-07,경기도,광주시,소매-음/식료품-식료품 판매,4408564876,
2019-07,경기도,성남시 분당구,소매-음/식료품-수산물 가공,267101952,
2019-07,경기도,오산시,학문/교육-학원-보습교습입시-학원-입시전문,1834070379,
2019-07,경기도,과천시,소매-가정/주방/인테리어-주방가구 판매,1708817,
2019-07,경기도,양주시,관광/여가/오락-PC/오락/당구/볼링등-볼링장,72020249,
2019-07,경기도,안산시 단원구,의료-수의업-병원-동물병원,1121411150,
2019-07,경기도,용인시 기흥구,소매-운동/경기용품-낚시용품 판매,15379357,
2019-07,경기도,김포시,스포츠-운영관리시설-스포츠시설운영,160570104,
2019-07,경기도,수원시 권선구,의료-병원-병원-비뇨기과,227797793,
2019-07,경기도,수원시 영통구,관광/여가/오락-스포츠/운동-실내야구연습장,9996582,
2019-07,경기도,이천시,관광/여가/오락-요가/단전/마사지-안마시술소,1495215,
2019-07,경기도,안성시,음식-한식-쌈/쌈밥 전문점,88305438,
2019-07,경기도,용인시 처인구,소매-종합소매점-구판장/직판장,397300,
2019-07,경기도,파주시,학문/교육-기타교육기관-생활상담,3118591,
2019-07,경기도,남양주시,학문/교육-학원기타-학원-기타,137976332,
2019-07,경기도,수원시 장안구,의료-병원-병원-안과,127383459,
2019-07,경기도,시흥시,음식-한식-국/찌개/탕요리-기타,1197744327,
2019-07,경기도,광명시,음식-유흥주점-꼬치구이전문점,104545430,
2019-07,경기도,연천군,음식-수산물-낙지/오징어 전문점,1089371,
2019-07,경기도,군포시,의료-수의업-수의업,182222270,
2019-07,경기도,안산시 상록구,의료-병원-병원-안과,18236842,
2019-07,경기도,가평군,의료-병원-병원-치과,1198197479,
2019-07,경기도,의왕시,의료-병원-병원-산부인과,28512625,
2019-07,경기도,포천시,음식-별식/퓨전요리-스파게티/파스타 전문점,4683433,
2019-07,경기도,성남시 중원구,학문/교육-기타교육기관-직업훈련소,5607057,
2019-07,경기도,구리시,생활서비스-자동차/이륜차-자동차경정비,4038243511,
