기준년월,시도명,시군구명,업종분류명,사용금액,카드사명
2013-07,경기도,성남시 분당구,의료.약국,5569927261,
2013-07,경기도,용인시 기흥구,여행/교통.모텔/여관/기타숙박,782191675,
2013-07,경기도,안양시 동안구,가전/가구.휴대폰,45568650,
2013-07,경기도,용인시 처인구,유통.대형유통점,3195541261,
2013-07,경기도,안양시 만안구,가전/가구.기타가전/가구,43535489,
2013-07,경기도,의정부시,요식/유흥.패스트푸드,1103599704,
2013-07,경기도,포천시,의류/잡화.의복/의류,1472922736,
2013-07,경기도,과천시,요식/유흥.닭/오리,328214510,
2013-07,경기도,광명시,교육/학원.문구용품,1254159057,
2013-07,경기도,동두천시,교육/학원.입시보습학원,214277886,
2013-07,서울특별시,은평구,가정생활/서비스.인테리어,3012790,
2013-07,경기도,하남시,스포츠/문화/레저.스포츠시설,403527165,
2013-07,경기도,광주시,의류/잡화.의복/의류,2651844386,
2013-07,경기도,양평군,자동차.자동차경정비,488990800,
2013-07,경기도,여주시,가정생활/서비스.인테리어,454388246,
2013-07,경기도,이천시,교육/학원.미술/서예학원,82988670,
2013-07,서울특별시,구로구,미용.화장품,5989660,
2013-07,인천광역시,서구,요식/유흥.분식,7657695,
2013-07,경기도,고양시 덕양구,스포츠/문화/레저.PC게임방,3876666,
2013-07,경기도,고양시 일산동구,음/식료품.정육점,1360385507,
2013-07,경기도,안산시 단원구,스포츠/문화/레저.스포츠/레저용품,2059582486,
2013-07,충청북도,음성군,자동차.자동차경정비,2581750,
2013-07,경기도,김포시,자동차.자동차판매,175836944,
2013-07,경기도,부천시,가정생활/서비스.상담서비스,168838368,
2013-07,경기도,시흥시,교육/학원.유아교육,37309206,
2013-07,경기도,남양주시,가전/가구.컴퓨터,569627513,
2013-07,인천광역시,계양구,스포츠/문화/레저.취미/오락,2249490,
2013-07,경기도,수원시 팔달구,요식/유흥.피자전문점,392910556,
2013-07,경기도,파주시,의료.기타의료,459488958,
2013-07,경기도,성남시 수정구,요식/유흥.유흥업소,482250246,
2013-07,경기도,수원시 영통구,스포츠/문화/레저.스크린골프,175317949,
2013-07,서울특별시,마포구,자동차.자동차용품,138731571,
2013-07,경기도,양주시,요식/유흥.닭/오리,195901075,
2013-07,경기도,용인시 수지구,스포츠/문화/레저.취미/오락,51283882,
2013-07,서울특별시,서초구,가정생활/서비스.세탁소,2729066,
2013-07,경기도,안산시 상록구,미용.피부/체형관리/마사지,71283240,
2013-07,경기도,평택시,요식/유흥.중식,1631754367,
2013-07,서울특별시,노원구,유통.생활잡화,17149016,
2013-07,경기도,성남시 중원구,음/식료품.농수산물,569024156,
2013-07,경기도,수원시 장안구,스포츠/문화/레저.화원,127661925,
2013-07,경기도,연천군,유통.편의점,540368392,
2013-07,서울특별시,중랑구,가전/가구.가구,1436800,
2013-07,인천광역시,부평구,스포츠/문화/레저.스크린골프,440020,
2013-07,충청남도,아산시,유통.기타유통,906980,
2013-07,충청남도,천안시 서북구,스포츠/문화/레저.스포츠/레저용품,6079909,
2013-07,경기도,군포시,교육/학원.입시보습학원,2438366128,
2013-07,경기도,수원시 권선구,여행/교통.호텔/콘도,265512517,
2013-07,경기도,안성시,유통.대형유통점,6576035231,
2013-07,서울특별시,강서구,주유.주유소,1400223256,
2013-07,경기도,구리시,요식/유흥.분식,377177286,
2013-07,경기도,화성시,미용.네일케어,10237200,
2013-07,서울특별시,금천구,음/식료품.농수산물,915960,
2013-07,서울특별시,도봉구,스포츠/문화/레저.스포츠/레저용품,7460584,
2013-07,경기도,고양시 일산서구,스포츠/문화/레저.반려동물관련,623798057,
2013-07,경기도,의왕시,가정생활/서비스.세탁소,67051953,
2013-07,강원도,춘천시,여행/교통.모텔/여관/기타숙박,570230,
2013-07,서울특별시,양천구,가정생활/서비스.인테리어,5967210,
2013-07,경기도,오산시,가정생활/서비스.인테리어,537675223,
2013-07,서울특별시,송파구,가정생활/서비스.인테리어,1809470,
2013-07,경기도,가평군,미용.미용실,44666520,
