기준년월,시도명,시군구명,업종분류명,사용금액,카드사명
2014-08,경기도,고양시 일산동구,의료.일반병원,6425820808,
2014-08,경기도,고양시 일산서구,스포츠/문화/레저.취미/오락,86602627,
2014-08,경기도,안양시 동안구,요식/유흥.닭/오리,417548265,
2014-08,경기도,이천시,요식/유흥.한식(일반),12800088937,
2014-08,경기도,연천군,가전/가구.휴대폰,9001651,
2014-08,서울특별시,노원구,요식/유흥.중식,5090205,
2014-08,서울특별시,양천구,미용.화장품,658500,
2014-08,경기도,고양시 덕양구,유통.슈퍼마켓,23151161267,
2014-08,경기도,김포시,교육/학원.음악/피아노학원,250719485,
2014-08,경기도,수원시 권선구,의료.치과병원,1786621962,
2014-08,인천광역시,서구,의류/잡화.패션/잡화,9965300,
2014-08,경기도,양평군,음/식료품.떡전문,5419455,
2014-08,충청북도,음성군,자동차.자동차경정비,2743750,
2014-08,경기도,광주시,스포츠/문화/레저.서점,545076184,
2014-08,경기도,구리시,여행/교통.모텔/여관/기타숙박,845944768,
2014-08,경기도,남양주시,요식/유흥.커피/음료,1003648674,
2014-08,충청남도,아산시,주유.주유소,109647857,
2014-08,충청남도,천안시 서북구,가정생활/서비스.인테리어,10448200,
2014-08,경기도,수원시 영통구,요식/유흥.치킨,1083422442,
2014-08,경기도,여주시,미용.피부/체형관리/마사지,26155620,
2014-08,서울특별시,강동구,스포츠/문화/레저.화원,1198470,
2014-08,경기도,성남시 수정구,의료.치과병원,1027945279,
2014-08,경기도,안양시 만안구,스포츠/문화/레저.당구장,67073932,
2014-08,경기도,용인시 수지구,주유.주유소,14103976165,
2014-08,경기도,의정부시,주유.주유소,23155204852,
2014-08,인천광역시,부평구,음/식료품.농수산물,671670,
2014-08,경기도,평택시,스포츠/문화/레저.영화/공연,822759800,
2014-08,경기도,과천시,요식/유흥.호프/간이주점,162695595,
2014-08,경기도,광명시,여행/교통.호텔/콘도,133148261,
2014-08,경기도,성남시 분당구,요식/유흥.호프/간이주점,2639643507,
2014-08,경기도,수원시 팔달구,교육/학원.음악/피아노학원,242459700,
2014-08,경기도,시흥시,스포츠/문화/레저.반려동물관련,433506793,
2014-08,경기도,안성시,여행/교통.호텔/콘도,81742019,
2014-08,강원도,춘천시,여행/교통.모텔/여관/기타숙박,2058910,
2014-08,경기도,수원시 장안구,음/식료품.인삼및건강제품,207357176,
2014-08,서울특별시,도봉구,가정생활/서비스.인테리어,6162506,
2014-08,서울특별시,송파구,의류/잡화.의복/의류,15992770,
2014-08,경기도,동두천시,스포츠/문화/레저.서점,44659733,
2014-08,경기도,양주시,요식/유흥.한식(갈비/삼겹살/곱창),540405005,
2014-08,경기도,화성시,의료.기타의료,463447910,
2014-08,인천광역시,계양구,음/식료품.정육점,2853500,
2014-08,경기도,안산시 단원구,유통.편의점,3432632369,
2014-08,경기도,파주시,스포츠/문화/레저.스포츠시설,388567987,
2014-08,서울특별시,강서구,스포츠/문화/레저.화원,1712100,
2014-08,서울특별시,구로구,가정생활/서비스.인쇄/광고/이벤트,15979600,
2014-08,경기도,성남시 중원구,의료.기타의료,3719456004,
2014-08,경기도,포천시,스포츠/문화/레저.영화/공연,62370486,
2014-08,서울특별시,마포구,주유.LPG,3670928549,
2014-08,경기도,군포시,유통.기타유통,189928740,
2014-08,경기도,안산시 상록구,요식/유흥.분식,645218968,
2014-08,경기도,용인시 처인구,요식/유흥.양식,165848493,
2014-08,경기도,의왕시,유통.기타유통,120410983,
2014-08,서울특별시,중랑구,의류/잡화.의복/의류,10095024,
2014-08,경기도,하남시,요식/유흥.중식,575165266,
2014-08,서울특별시,은평구,유통.슈퍼마켓,39232222,
2014-08,서울특별시,서초구,요식/유흥.외식업기타,25093240,
2014-08,서울특별시,금천구,유통.슈퍼마켓,8119963,
2014-08,경기도,오산시,음/식료품.인삼및건강제품,176201210,
2014-08,경기도,용인시 기흥구,스포츠/문화/레저.취미/오락,395110536,
2014-08,경기도,부천시,여행/교통.교통,80552680,
2014-08,경기도,가평군,스포츠/문화/레저.스포츠시설,604412127,
