기준년월,시도명,시군구명,업종분류명,사용금액,카드사명
2013-08,경기도,가평군,교육/학원.기타예체능학원,3077400,
2013-08,경기도,안양시 만안구,의료.특화병원,715150180,
2013-08,경기도,고양시 덕양구,교육/학원.태권도/투기도장,164132460,
2013-08,경기도,성남시 수정구,가전/가구.휴대폰,17383652,
2013-08,경기도,고양시 일산동구,자동차.자동차경정비,3032107384,
2013-08,경기도,안성시,스포츠/문화/레저.반려동물관련,136036913,
2013-08,경기도,연천군,스포츠/문화/레저.서점,23048316,
2013-08,경기도,용인시 수지구,스포츠/문화/레저.실내골프장,276446856,
2013-08,서울특별시,은평구,주유.주유소,288790039,
2013-08,경기도,과천시,가전/가구.컴퓨터,851251852,
2013-08,경기도,오산시,교육/학원.입시보습학원,1426843623,
2013-08,경기도,구리시,스포츠/문화/레저.종합레저시설,4042544,
2013-08,경기도,이천시,요식/유흥.닭/오리,343498683,
2013-08,경기도,평택시,요식/유흥.외식업기타,4737542744,
2013-08,충청남도,아산시,유통.기타유통,4656240,
2013-08,충청북도,음성군,자동차.자동차경정비,3019420,
2013-08,경기도,수원시 팔달구,음/식료품.떡전문,21505674,
2013-08,경기도,화성시,유통.상품권판매,323816962,
2013-08,서울특별시,노원구,요식/유흥.치킨,17661600,
2013-08,서울특별시,서초구,가정생활/서비스.세탁소,1995537,
2013-08,경기도,군포시,스포츠/문화/레저.PC게임방,7059689,
2013-08,경기도,동두천시,의료.기타의료,9488650,
2013-08,경기도,성남시 분당구,음/식료품.떡전문,84835310,
2013-08,경기도,수원시 권선구,가정생활/서비스.세탁소,87672360,
2013-08,경기도,파주시,자동차.자동차판매,821776408,
2013-08,경기도,광주시,요식/유흥.양식,363581938,
2013-08,경기도,하남시,요식/유흥.분식,468428002,
2013-08,경기도,수원시 장안구,유통.편의점,1360695321,
2013-08,경기도,시흥시,요식/유흥.피자전문점,451268700,
2013-08,경기도,안산시 상록구,요식/유흥.분식,490507526,
2013-08,경기도,양평군,교육/학원.유아교육,1645740,
2013-08,경기도,용인시 기흥구,교육/학원.입시보습학원,4438976773,
2013-08,서울특별시,강서구,주유.주유소,1466884906,
2013-08,인천광역시,부평구,미용.미용실,32923720,
2013-08,경기도,성남시 중원구,주유.LPG,10339925784,
2013-08,경기도,수원시 영통구,가정생활/서비스.인테리어,245451840,
2013-08,경기도,안양시 동안구,스포츠/문화/레저.실내골프장,122529580,
2013-08,경기도,포천시,요식/유흥.호프/간이주점,244368752,
2013-08,인천광역시,서구,가정생활/서비스.인테리어,23246412,
2013-08,경기도,양주시,음/식료품.기타음/식료품,991815080,
2013-08,경기도,용인시 처인구,스포츠/문화/레저.영화/공연,254190015,
2013-08,경기도,의왕시,교육/학원.기타예체능학원,38516560,
2013-08,서울특별시,송파구,스포츠/문화/레저.스포츠/레저용품,857078,
2013-08,충청남도,천안시 서북구,스포츠/문화/레저.스포츠/레저용품,824208,
2013-08,경기도,광명시,요식/유흥.중식,682164671,
2013-08,경기도,김포시,요식/유흥.호프/간이주점,468208570,
2013-08,경기도,의정부시,미용.목욕탕/사우나,163913474,
2013-08,서울특별시,금천구,요식/유흥.중식,7379070,
2013-08,인천광역시,계양구,음/식료품.기타음/식료품,14135880,
2013-08,경기도,남양주시,요식/유흥.일식,468441426,
2013-08,경기도,안산시 단원구,스포츠/문화/레저.스포츠/레저용품,1596088340,
2013-08,서울특별시,마포구,주유.주유소,1245727100,
2013-08,경기도,부천시,자동차.자동차공업사,384042607,
2013-08,서울특별시,구로구,가전/가구.휴대폰,44600,
2013-08,서울특별시,도봉구,유통.생활잡화,1561000,
2013-08,강원도,춘천시,요식/유흥.한식(일반),53591360,
2013-08,경기도,여주시,교육/학원.기타예체능학원,3734804,
2013-08,경기도,고양시 일산서구,의류/잡화.패션/잡화,308722315,
2013-08,서울특별시,중랑구,미용.화장품,17215600,
2013-08,서울특별시,양천구,가정생활/서비스.인테리어,4089820,
