기준년월,시도명,시군구명,업종분류명,사용금액,카드사명
2019-04,경기도,수원시 영통구,소매-애견/애완/동물-애견훈련소/애견호텔,35293489,
2019-04,경기도,양평군,학문/교육-학원기타-학원-기타종합,48067968,
2019-04,경기도,연천군,음식-한식-기타고기요리 전문점,242335074,
2019-04,경기도,구리시,소매-건강/미용식품-건강식품 판매,146405361,
2019-04,경기도,오산시,의료-의료관련서비스업-의료시설-산후조리원,65148667,
2019-04,경기도,동두천시,학문/교육-학원-어학-학원-외국어/어학,93595138,
2019-04,경기도,안산시 단원구,학문/교육-학원-음악미술무용-학원-서예/서화/미술,220677759,
2019-04,경기도,안성시,음식-한식-해장국/감자탕 전문,1510050534,
2019-04,경기도,평택시,생활서비스-운송/배달/택배-택배업,896091725,
2019-04,경기도,남양주시,음식-한식-보리밥 전문점,139268615,
2019-04,경기도,안양시 만안구,생활서비스-물품기기대여-농기계 대여,25407980,
2019-04,경기도,성남시 수정구,소매-가정/주방/인테리어-천막/텐트 판매,29829545,
2019-04,경기도,김포시,생활서비스-세탁/가사서비스-세탁소/빨래방,922142725,
2019-04,경기도,수원시 권선구,생활서비스-사진-사진관,226386912,
2019-04,경기도,시흥시,음식-제과제빵떡케익-제과/제빵 전문점,3388136063,
2019-04,경기도,과천시,학문/교육-기타교육기관-문화센터,1068010,
2019-04,경기도,부천시,소매-음/식료품-식자재 판매,836035116,
2019-04,경기도,용인시 수지구,소매-종합소매점-슈퍼마켓 일반점,7672428433,
2019-04,경기도,군포시,관광/여가/오락-PC/오락/당구/볼링등-당구장,358974479,
2019-04,경기도,수원시 팔달구,생활서비스-개인/가정용품수리-정보통신기기 수리,21776742,
2019-04,경기도,고양시 덕양구,생활서비스-광고/인쇄-광고기획,683527,
2019-04,경기도,고양시 일산동구,관광/여가/오락-무도/유흥/가무-한국식유흥주점,16954604,
2019-04,경기도,고양시 일산서구,소매-의복-셔츠/내의 판매,97484160,
2019-04,경기도,안양시 동안구,소매-기타판매업-유류판매,7859492,
2019-04,경기도,여주시,음식-부페-종합 부페,110513605,
2019-04,경기도,이천시,관광/여가/오락-요가/단전/마사지-요가,43134825,
2019-04,경기도,용인시 처인구,소매-가전제품소매-가전제품 소매,1813649636,
2019-04,경기도,파주시,소매-선물/팬시/기념품-토산품/기념품 판매,17203840,
2019-04,경기도,가평군,생활서비스-대중목욕탕/휴게-찜질방/사우나,36787636,
2019-04,경기도,성남시 중원구,음식-제과제빵떡케익-제과/제빵 전문점,1457523047,
2019-04,경기도,수원시 장안구,관광/여가/오락-PC/오락/당구/볼링등-볼링장,226063738,
2019-04,경기도,양주시,의료-수의업-수의업,185106417,
2019-04,경기도,의정부시,학문/교육-학원-어학-학원-영어,17600820,
2019-04,경기도,하남시,생활서비스-물품기기대여-가정용가구/기기 대여,0,
2019-04,경기도,광명시,학문/교육-학원-어학-학원-외국어/어학,1294274447,
2019-04,경기도,성남시 분당구,학문/교육-학원-보습교습입시-학원-입시전문,11791480799,
2019-04,경기도,용인시 기흥구,학문/교육-학원-보습교습입시-수학전문 학원,2776828,
2019-04,경기도,의왕시,생활서비스-이/미용/건강-비만/체형관리/마사지,536376274,
2019-04,경기도,안산시 상록구,학문/교육-학원-보습교습입시-수학전문 학원,11107313,
2019-04,경기도,화성시,학문/교육-학원-음악미술무용-학원-서예/서화/미술,428171458,
2019-04,경기도,광주시,음식-수산물-민물장어 전문점,641319053,
2019-04,경기도,포천시,소매-애견/애완/동물-애완동물 판매,134739939,
