기준년월,시도명,시군구명,업종분류명,사용금액,카드사명
2013-03,경기도,구리시,유통.편의점,1281205883,
2013-03,경기도,화성시,여행/교통.교통,94190029,
2013-03,경기도,동두천시,음/식료품.정육점,187402635,
2013-03,경기도,연천군,가전/가구.컴퓨터,23090420,
2013-03,경기도,성남시 중원구,가전/가구.컴퓨터,1325381610,
2013-03,서울특별시,송파구,가정생활/서비스.열쇠/도장/각종수리점,4614016,
2013-03,경기도,고양시 일산동구,자동차.자동차공업사,198954354,
2013-03,경기도,남양주시,음/식료품.정육점,2464486852,
2013-03,경기도,성남시 분당구,스포츠/문화/레저.서점,2796746723,
2013-03,경기도,용인시 기흥구,음/식료품.정육점,1374002784,
2013-03,경기도,광명시,음/식료품.인삼및건강제품,187026526,
2013-03,경기도,하남시,요식/유흥.한식(일반),7694483669,
2013-03,경기도,오산시,자동차.자동차경정비,1226834206,
2013-03,서울특별시,양천구,음/식료품.농수산물,5170880,
2013-03,경기도,김포시,여행/교통.여행사,206918368,
2013-03,경기도,파주시,요식/유흥.양식,770971202,
2013-03,서울특별시,구로구,유통.슈퍼마켓,3645606,
2013-03,서울특별시,은평구,스포츠/문화/레저.화원,18994848,
2013-03,경기도,수원시 장안구,스포츠/문화/레저.스포츠시설,174720871,
2013-03,서울특별시,강동구,가정생활/서비스.인테리어,298320,
2013-03,서울특별시,마포구,주유.LPG,4057453221,
2013-03,경기도,과천시,자동차.자동차용품,175891551,
2013-03,경기도,부천시,가전/가구.휴대폰,110799212,
2013-03,경기도,안성시,요식/유흥.일식,380954188,
2013-03,경기도,용인시 수지구,요식/유흥.외식업기타,2690328900,
2013-03,인천광역시,계양구,스포츠/문화/레저.취미/오락,1220400,
2013-03,경기도,의정부시,요식/유흥.피자전문점,481300176,
2013-03,충청북도,음성군,자동차.자동차경정비,5424000,
2013-03,경기도,광주시,스포츠/문화/레저.스포츠/레저용품,4953909988,
2013-03,경기도,안양시 동안구,미용.네일케어,12337340,
2013-03,경기도,여주시,음/식료품.농수산물,541003229,
2013-03,경기도,의왕시,음/식료품.정육점,1090125414,
2013-03,서울특별시,도봉구,유통.생활잡화,2214800,
2013-03,서울특별시,중랑구,요식/유흥.한식(일반),71556120,
2013-03,인천광역시,부평구,요식/유흥.제과,31173798,
2013-03,경기도,고양시 일산서구,요식/유흥.피자전문점,340302618,
2013-03,경기도,안산시 상록구,미용.화장품,1106806524,
2013-03,경기도,양평군,의류/잡화.의복/의류,285030024,
2013-03,경기도,이천시,요식/유흥.닭/오리,236653640,
2013-03,서울특별시,강서구,주유.주유소,1433188858,
2013-03,서울특별시,금천구,요식/유흥.치킨,4499660,
2013-03,경기도,군포시,가전/가구.휴대폰,32103300,
2013-03,경기도,성남시 수정구,주유.LPG,4185281023,
2013-03,경기도,수원시 권선구,의료.한의원,601970436,
2013-03,경기도,안산시 단원구,가정생활/서비스.상담서비스,74507680,
2013-03,경기도,안양시 만안구,자동차.자동차경정비,1113593896,
2013-03,경기도,고양시 덕양구,가전/가구.기타가전/가구,210310745,
2013-03,경기도,수원시 영통구,의료.일반병원,2676281635,
2013-03,경기도,포천시,스포츠/문화/레저.반려동물관련,218356734,
2013-03,충청남도,천안시 서북구,스포츠/문화/레저.스포츠/레저용품,9937039,
2013-03,경기도,수원시 팔달구,교육/학원.입시보습학원,2914751786,
2013-03,경기도,용인시 처인구,요식/유흥.부페,91746960,
2013-03,인천광역시,서구,요식/유흥.일식,9482960,
2013-03,경기도,양주시,의료.한의원,153098954,
2013-03,서울특별시,서초구,요식/유흥.외식업기타,14138560,
2013-03,충청남도,아산시,유통.기타유통,22110032,
2013-03,서울특별시,노원구,가전/가구.가전,4339200,
2013-03,강원도,춘천시,요식/유흥.한식(일반),25660040,
2013-03,경기도,시흥시,가정생활/서비스.전문서비스(법률/회계/번역등),32891859,
2013-03,경기도,가평군,스포츠/문화/레저.취미/오락,7752704,
2013-03,경기도,평택시,교육/학원.미술/서예학원,96031920,
