기준년월,시도명,시군구명,업종분류명,사용금액,카드사명
2014-02,경기도,부천시,스포츠/문화/레저.종합레저시설,31242532,
2014-02,경기도,포천시,미용.목욕탕/사우나,72846782,
2014-02,경기도,성남시 분당구,요식/유흥.피자전문점,914649765,
2014-02,경기도,수원시 장안구,가정생활/서비스.상담서비스,58264080,
2014-02,서울특별시,금천구,교육/학원.입시보습학원,9175100,
2014-02,경기도,수원시 팔달구,스포츠/문화/레저.서점,212331459,
2014-02,서울특별시,강동구,스포츠/문화/레저.화원,1338950,
2014-02,인천광역시,계양구,스포츠/문화/레저.취미/오락,5268000,
2014-02,경기도,수원시 권선구,요식/유흥.유흥업소,820069560,
2014-02,경기도,안산시 단원구,스포츠/문화/레저.반려동물관련,513627036,
2014-02,경기도,안산시 상록구,요식/유흥.커피/음료,419323449,
2014-02,경기도,용인시 수지구,요식/유흥.제과,1317086443,
2014-02,경기도,의정부시,의류/잡화.의복/의류,5236792512,
2014-02,경기도,하남시,의료.특화병원,545869369,
2014-02,경기도,고양시 일산동구,요식/유흥.커피/음료,1435611210,
2014-02,경기도,안양시 만안구,요식/유흥.피자전문점,320810093,
2014-02,경기도,고양시 덕양구,교육/학원.영어학원,296540988,
2014-02,경기도,과천시,스포츠/문화/레저.서점,111768478,
2014-02,경기도,광명시,스포츠/문화/레저.문화용품,215627984,
2014-02,경기도,군포시,요식/유흥.피자전문점,433255026,
2014-02,경기도,성남시 수정구,자동차.자동차경정비,480255731,
2014-02,경기도,수원시 영통구,미용.목욕탕/사우나,199132156,
2014-02,서울특별시,송파구,요식/유흥.한식(일반),55990060,
2014-02,서울특별시,양천구,음/식료품.농수산물,1984280,
2014-02,경기도,양평군,스포츠/문화/레저.스포츠/레저용품,178296338,
2014-02,경기도,파주시,미용.미용실,1271743485,
2014-02,경기도,여주시,의료.특화병원,257640179,
2014-02,경기도,화성시,요식/유흥.부페,62248883,
2014-02,서울특별시,중랑구,의류/잡화.의복/의류,4145696,
2014-02,인천광역시,서구,요식/유흥.치킨,7008635,
2014-02,경기도,성남시 중원구,음/식료품.농수산물,565905909,
2014-02,경기도,이천시,스포츠/문화/레저.스포츠시설,103661978,
2014-02,경기도,평택시,의료.종합병원,3499670641,
2014-02,서울특별시,강서구,스포츠/문화/레저.화원,1286270,
2014-02,서울특별시,마포구,주유.LPG,3987937196,
2014-02,충청북도,음성군,자동차.자동차경정비,1786730,
2014-02,경기도,고양시 일산서구,유통.상품권판매,254844768,
2014-02,경기도,김포시,의료.한의원,604238533,
2014-02,경기도,남양주시,교육/학원.문구용품,1968338044,
2014-02,경기도,안성시,의료.종합병원,351673373,
2014-02,경기도,안양시 동안구,요식/유흥.일식,1500599853,
2014-02,서울특별시,구로구,가전/가구.컴퓨터,8747733,
2014-02,경기도,구리시,요식/유흥.일식,482530362,
2014-02,서울특별시,은평구,가정생활/서비스.인테리어,10936368,
2014-02,충청남도,아산시,주유.주유소,105172775,
2014-02,충청남도,천안시 서북구,스포츠/문화/레저.스포츠/레저용품,2414500,
2014-02,경기도,양주시,스포츠/문화/레저.취미/오락,66335534,
2014-02,경기도,연천군,교육/학원.입시보습학원,46713990,
2014-02,인천광역시,부평구,스포츠/문화/레저.서점,14926000,
2014-02,경기도,가평군,요식/유흥.닭/오리,269467858,
2014-02,경기도,시흥시,의류/잡화.안경,582743087,
2014-02,경기도,오산시,유통.편의점,1285858705,
2014-02,경기도,동두천시,스포츠/문화/레저.PC게임방,16378212,
2014-02,서울특별시,서초구,요식/유흥.외식업기타,11167282,
2014-02,경기도,용인시 기흥구,가전/가구.기타가전/가구,208074190,
2014-02,서울특별시,도봉구,자동차.자동차용품,20496910,
2014-02,경기도,의왕시,주유.LPG,3785947457,
2014-02,경기도,용인시 처인구,의류/잡화.의복/의류,1468646228,
2014-02,서울특별시,노원구,요식/유흥.한식(일반),30800240,
2014-02,강원도,춘천시,요식/유흥.한식(일반),22999210,
2014-02,경기도,광주시,요식/유흥.닭/오리,323268625,
