기준년월,시도명,시군구명,업종분류명,사용금액,카드사명
2015-06,경기도,연천군,교육/학원.문구용품,349967504,
2015-06,경기도,성남시 수정구,유통.슈퍼마켓,4443783612,
2015-06,경기도,양주시,가정생활/서비스.인쇄/광고/이벤트,36637104,
2015-06,서울특별시,은평구,가정생활/서비스.인테리어,14157384,
2015-06,경기도,여주시,가정생활/서비스.인쇄/광고/이벤트,11546664,
2015-06,인천광역시,부평구,미용.미용실,2664444,
2015-06,경기도,광주시,의류/잡화.안경,349334760,
2015-06,경기도,남양주시,가정생활/서비스.인쇄/광고/이벤트,248613448,
2015-06,경기도,수원시 팔달구,교육/학원.외국어학원,372313536,
2015-06,경기도,하남시,의류/잡화.의복/의류,1560560659,
2015-06,경기도,오산시,스포츠/문화/레저.스포츠센타/레포츠클럽,126766440,
2015-06,경기도,광명시,여행/교통.여행사,49398996,
2015-06,경기도,안산시 상록구,의류/잡화.의복/의류,2236370635,
2015-06,경기도,파주시,스포츠/문화/레저.화원,138360168,
2015-06,서울특별시,중랑구,가정생활/서비스.인테리어,4317456,
2015-06,경기도,성남시 분당구,스포츠/문화/레저.스포츠/레저용품,4110016291,
2015-06,서울특별시,금천구,요식/유흥.치킨,10178700,
2015-06,서울특별시,마포구,주유.LPG,2282090340,
2015-06,경기도,동두천시,요식/유흥.한식(갈비/삼겹살/곱창),450062598,
2015-06,경기도,안산시 단원구,요식/유흥.중식,1853595593,
2015-06,경기도,안양시 동안구,의류/잡화.의복/의류,2214462387,
2015-06,경기도,안양시 만안구,가전/가구.가구,94819498,
2015-06,경기도,용인시 수지구,스포츠/문화/레저.영화/공연,2338104,
2015-06,서울특별시,서초구,요식/유흥.한식(족발/보쌈),12707280,
2015-06,경기도,고양시 일산동구,미용.미용실,3940349874,
2015-06,경기도,부천시,가전/가구.가전,4025268506,
2015-06,경기도,고양시 일산서구,요식/유흥.커피/음료,656405373,
2015-06,경기도,성남시 중원구,요식/유흥.패스트푸드,686738618,
2015-06,경기도,평택시,유통.기타유통,1498696620,
2015-06,서울특별시,노원구,주유.주유소,962826765,
2015-06,경기도,가평군,요식/유흥.커피/음료,215673821,
2015-06,경기도,구리시,유통.슈퍼마켓,8579568776,
2015-06,경기도,시흥시,요식/유흥.유흥업소,1941083213,
2015-06,경기도,의정부시,의류/잡화.의복/의류,3894392043,
2015-06,서울특별시,구로구,의료.약국,22727427,
2015-06,서울특별시,양천구,미용.화장품,4240200,
2015-06,경기도,용인시 처인구,의류/잡화.의복/의류,1525439353,
2015-06,경기도,의왕시,스포츠/문화/레저.당구장,53112168,
2015-06,경기도,화성시,요식/유흥.제과,1992216531,
2015-06,서울특별시,도봉구,자동차.자동차용품,72660600,
2015-06,충청남도,아산시,유통.기타유통,38612460,
2015-06,경기도,김포시,요식/유흥.분식,1134785412,
2015-06,경기도,포천시,가정생활/서비스.열쇠/도장/각종수리점,87480298,
2015-06,서울특별시,송파구,스포츠/문화/레저.스크린골프,2721720,
2015-06,인천광역시,서구,요식/유흥.외식업기타,4100340,
2015-06,경기도,수원시 영통구,스포츠/문화/레저.화원,149225958,
2015-06,경기도,용인시 기흥구,요식/유흥.한식(족발/보쌈),515956860,
2015-06,경기도,이천시,요식/유흥.일식,320045634,
2015-06,인천광역시,계양구,유통.생활잡화,1110444,
2015-06,경기도,수원시 권선구,의료.일반병원,4005619220,
2015-06,경기도,안성시,음/식료품.인삼및건강제품,74053872,
2015-06,서울특별시,강동구,스포츠/문화/레저.화원,104340,
2015-06,강원도,춘천시,요식/유흥.한식(일반),60706788,
2015-06,경기도,군포시,교육/학원.외국어학원,868132998,
2015-06,충청북도,음성군,자동차.자동차경정비,133200,
2015-06,경기도,과천시,가전/가구.컴퓨터,1065083921,
2015-06,경기도,수원시 장안구,미용.피부/체형관리/마사지,105854040,
2015-06,서울특별시,강서구,가정생활/서비스.열쇠/도장/각종수리점,2674212,
2015-06,경기도,양평군,의료.종합병원,127325169,
2015-06,경기도,고양시 덕양구,가전/가구.가전,1968395500,
