기준년월,시도명,시군구명,업종분류명,사용금액,카드사명
2014-10,경기도,가평군,교육/학원.문구용품,108978886,
2014-10,서울특별시,도봉구,스포츠/문화/레저.스포츠/레저용품,6567918,
2014-10,경기도,고양시 덕양구,요식/유흥.양식,1199625814,
2014-10,서울특별시,노원구,음/식료품.농수산물,106320,
2014-10,경기도,광명시,요식/유흥.일식,688880062,
2014-10,경기도,시흥시,스포츠/문화/레저.스포츠센타/레포츠클럽,500371614,
2014-10,경기도,안산시 단원구,유통.편의점,3552405929,
2014-10,경기도,이천시,스포츠/문화/레저.당구장,19563216,
2014-10,서울특별시,서초구,자동차.자동차경정비,12793840,
2014-10,경기도,고양시 일산동구,의료.한의원,1142675032,
2014-10,서울특별시,강서구,주유.주유소,2146750551,
2014-10,경기도,군포시,스포츠/문화/레저.스크린골프,103592006,
2014-10,경기도,과천시,가전/가구.가구,43741820,
2014-10,경기도,광주시,가정생활/서비스.열쇠/도장/각종수리점,256358252,
2014-10,경기도,안양시 동안구,스포츠/문화/레저.서점,910694636,
2014-10,경기도,연천군,요식/유흥.피자전문점,97672697,
2014-10,경기도,오산시,교육/학원.유아교육,38731490,
2014-10,경기도,용인시 처인구,음/식료품.기타음/식료품,1113163223,
2014-10,경기도,성남시 분당구,유통.기타유통,451034566,
2014-10,경기도,안성시,의료.한의원,275748185,
2014-10,경기도,양주시,가전/가구.가전,810293869,
2014-10,경기도,여주시,스포츠/문화/레저.문화용품,315076041,
2014-10,경기도,용인시 수지구,자동차.자동차판매,194169115,
2014-10,경기도,하남시,스포츠/문화/레저.스포츠시설,978882746,
2014-10,인천광역시,서구,의료.특화병원,29788206,
2014-10,경기도,평택시,스포츠/문화/레저.영화/공연,338043859,
2014-10,경기도,남양주시,유통.슈퍼마켓,22743020222,
2014-10,경기도,포천시,미용.미용실,308645631,
2014-10,서울특별시,강동구,스포츠/문화/레저.화원,476225,
2014-10,서울특별시,마포구,자동차.자동차용품,138365113,
2014-10,경기도,양평군,스포츠/문화/레저.서점,35337179,
2014-10,경기도,화성시,스포츠/문화/레저.스포츠시설,559583911,
2014-10,서울특별시,송파구,스포츠/문화/레저.스크린골프,8049310,
2014-10,서울특별시,양천구,미용.화장품,753100,
2014-10,인천광역시,계양구,음/식료품.정육점,5980500,
2014-10,인천광역시,부평구,유통.슈퍼마켓,9820645,
2014-10,강원도,춘천시,여행/교통.모텔/여관/기타숙박,79740,
2014-10,경기도,고양시 일산서구,가정생활/서비스.열쇠/도장/각종수리점,212521098,
2014-10,경기도,김포시,교육/학원.입시보습학원,2842168522,
2014-10,경기도,성남시 중원구,요식/유흥.노래방,1338169559,
2014-10,경기도,안산시 상록구,스포츠/문화/레저.실외골프/스키,1456946019,
2014-10,경기도,용인시 기흥구,음/식료품.떡전문,114400320,
2014-10,서울특별시,중랑구,의류/잡화.패션/잡화,2267717,
2014-10,충청남도,아산시,주유.주유소,162072365,
2014-10,경기도,구리시,유통.상품권판매,130640700,
2014-10,경기도,수원시 영통구,요식/유흥.외식업기타,6802191975,
2014-10,경기도,수원시 팔달구,스포츠/문화/레저.스포츠/레저용품,2207179902,
2014-10,서울특별시,금천구,유통.슈퍼마켓,8854019,
2014-10,경기도,부천시,미용.미용실,3655274299,
2014-10,경기도,성남시 수정구,유통.기타유통,287671397,
2014-10,경기도,파주시,여행/교통.여행사,71883838,
2014-10,경기도,수원시 권선구,유통.편의점,2967275165,
2014-10,경기도,의왕시,음/식료품.인삼및건강제품,268707940,
2014-10,경기도,수원시 장안구,스포츠/문화/레저.서점,260828560,
2014-10,서울특별시,구로구,음/식료품.농수산물,730064,
2014-10,경기도,안양시 만안구,가정생활/서비스.상담서비스,3668040,
2014-10,경기도,동두천시,교육/학원.영어학원,20497610,
2014-10,경기도,의정부시,자동차.자동차용품,1294934589,
2014-10,서울특별시,은평구,자동차.자동차용품,21613970,
2014-10,충청북도,음성군,자동차.자동차경정비,704370,
