기준년월,시도명,시군구명,업종분류명,사용금액,카드사명
2019-06,경기도,수원시 장안구,의료-병원-병원-소아과,10251059,
2019-06,경기도,평택시,의료-의료관련서비스업-유사의료업,19651401,
2019-06,경기도,안양시 만안구,스포츠-운동시설-골프장,331467873,
2019-06,경기도,의왕시,소매-음/식료품-반찬가게,33669044,
2019-06,경기도,양평군,소매-의복-큰옷전문 판매,37574760,
2019-06,경기도,의정부시,소매-의복-섬유/직물 제품 가공,85087363,
2019-06,경기도,가평군,관광/여가/오락-PC/오락/당구/볼링등-당구장,44787613,
2019-06,경기도,동두천시,생활서비스-장례/묘지-장의용품 판매,1602016,
2019-06,경기도,성남시 중원구,의료-약국/한약방-한약방,3289473,
2019-06,경기도,이천시,소매-가정/주방/인테리어-천막/텐트 판매,122447453,
2019-06,경기도,하남시,음식-패스트푸드-햄버거 전문점,498043208,
2019-06,경기도,고양시 일산동구,소매-건강/미용식품-인삼제품 판매,42641954,
2019-06,경기도,안성시,관광/여가/오락-PC/오락/당구/볼링등-당구장,111815919,
2019-06,경기도,용인시 처인구,관광/여가/오락-PC/오락/당구/볼링등-당구장,179891232,
2019-06,경기도,광명시,의료-수용복지시설-복지시설-비수용,7732399,
2019-06,경기도,부천시,소매-취미/오락관련소매-수족관,8517387,
2019-06,경기도,군포시,음식-한식-설렁탕 전문점,119677855,
2019-06,경기도,수원시 권선구,음식-한식-닭요리/탕/백숙,30736863,
2019-06,경기도,남양주시,스포츠-운동시설-수상스포츠 시설운영,50970821,
2019-06,경기도,수원시 영통구,의료-약국/한약방-약국,6254388880,
2019-06,경기도,연천군,소매-의약/의료품소매-의료용품 판매,1142771,
2019-06,경기도,파주시,음식-한식-순두부/두부요리 전문점,65583347,
2019-06,경기도,화성시,음식-한식-소갈비 전문점,635132753,
2019-06,경기도,성남시 수정구,소매-가방/신발/액세서리-신발 판매,61300286,
2019-06,경기도,시흥시,소매-기타판매업-음반/영상매체 판매,3772077,
2019-06,경기도,고양시 덕양구,소매-기타판매업-포장재료 판매,427204,
2019-06,경기도,안산시 단원구,음식-다방/커피숍/카페-카페,681709726,
2019-06,경기도,성남시 분당구,생활서비스-예식/의례/관혼상제-예식장/예식서비스,780980729,
2019-06,경기도,포천시,음식-별식/퓨전요리-인도음식 전문점,918489,
2019-06,경기도,과천시,음식-별식/퓨전요리-순대 전문점,258192147,
2019-06,경기도,수원시 팔달구,음식-유흥주점-민속주점,545295723,
2019-06,경기도,안산시 상록구,소매-기타판매업-자동판매기 운영,651486,
2019-06,경기도,구리시,학문/교육-학원-자격/국가고시-학원-고시,14631749,
2019-06,경기도,용인시 기흥구,소매-가전제품소매-가전제품 소매,2821911908,
2019-06,경기도,용인시 수지구,음식-한식-보리밥 전문점,175869276,
2019-06,경기도,고양시 일산서구,소매-시계/귀금속소매-귀금속/장신구 판매,110062911,
2019-06,경기도,광주시,음식-제과제빵떡케익-제과/제빵 전문점,2183569838,
2019-06,경기도,양주시,관광/여가/오락-놀이/여가/취미-낚시터,6162423,
2019-06,경기도,안양시 동안구,음식-분식-라면 전문점,41847192,
2019-06,경기도,오산시,음식-제과제빵떡케익-제과/제빵 전문점,1449335448,
2019-06,경기도,여주시,의료-병원-병원-이비인후과,6139455,
2019-06,경기도,김포시,소매-종합소매점-종합소매점,19825170902,
