기준년월,시도명,시군구명,업종분류명,사용금액,카드사명
2015-11,경기도,김포시,유통.기타유통,693466681,
2015-11,경기도,안성시,요식/유흥.치킨,711074623,
2015-11,강원도,춘천시,요식/유흥.한식(일반),107652798,
2015-11,경기도,동두천시,요식/유흥.패스트푸드,224105282,
2015-11,경기도,고양시 일산동구,유통.슈퍼마켓,27714268798,
2015-11,경기도,여주시,가정생활/서비스.상담서비스,9869760,
2015-11,경기도,의정부시,스포츠/문화/레저.취미/오락,175215730,
2015-11,인천광역시,부평구,스포츠/문화/레저.서점,3039600,
2015-11,경기도,광명시,요식/유흥.분식,1052933934,
2015-11,경기도,안양시 만안구,가전/가구.가구,132631649,
2015-11,서울특별시,구로구,유통.슈퍼마켓,5011093,
2015-11,경기도,연천군,스포츠/문화/레저.스포츠/레저용품,133096663,
2015-11,서울특별시,중랑구,가정생활/서비스.인테리어,9079240,
2015-11,경기도,남양주시,요식/유흥.중식,1825858191,
2015-11,경기도,안산시 상록구,유통.상품권판매,85549989,
2015-11,경기도,용인시 처인구,요식/유흥.닭/오리,515298471,
2015-11,경기도,이천시,교육/학원.미술/서예학원,65090352,
2015-11,인천광역시,계양구,음/식료품.농수산물,46119225,
2015-11,경기도,성남시 중원구,스포츠/문화/레저.당구장,71001077,
2015-11,경기도,평택시,여행/교통.여행사,59437590,
2015-11,서울특별시,강동구,스포츠/문화/레저.화원,223500,
2015-11,서울특별시,강서구,유통.기타유통,18754498056,
2015-11,경기도,광주시,요식/유흥.일식,848891889,
2015-11,경기도,부천시,스포츠/문화/레저.PC게임방,158613077,
2015-11,경기도,용인시 기흥구,스포츠/문화/레저.실내골프장,410990350,
2015-11,경기도,의왕시,가전/가구.가구,925304974,
2015-11,경기도,하남시,유통.상품권판매,32699882,
2015-11,서울특별시,송파구,교육/학원.유아교육,2507670,
2015-11,경기도,고양시 덕양구,요식/유흥.닭/오리,572082669,
2015-11,경기도,고양시 일산서구,스포츠/문화/레저.서점,564290091,
2015-11,경기도,안산시 단원구,미용.네일케어,74524734,
2015-11,경기도,오산시,유통.대형유통점,11414480518,
2015-11,경기도,용인시 수지구,유통.슈퍼마켓,13346392373,
2015-11,충청남도,아산시,주유.주유소,169748138,
2015-11,경기도,군포시,교육/학원.음악/피아노학원,168413955,
2015-11,경기도,수원시 권선구,요식/유흥.외식업기타,5729856952,
2015-11,경기도,수원시 장안구,유통.상품권판매,78752325,
2015-11,경기도,시흥시,가정생활/서비스.상담서비스,25661823,
2015-11,경기도,성남시 수정구,교육/학원.기타예체능학원,10258650,
2015-11,경기도,안양시 동안구,미용.피부/체형관리/마사지,399939840,
2015-11,서울특별시,금천구,미용.화장품,6705000,
2015-11,경기도,가평군,유통.편의점,1421033937,
2015-11,서울특별시,서초구,요식/유흥.노래방,12650100,
2015-11,서울특별시,양천구,요식/유흥.한식(일반),2007030,
2015-11,서울특별시,은평구,자동차.자동차용품,21165450,
2015-11,경기도,파주시,유통.편의점,6339204903,
2015-11,경기도,화성시,요식/유흥.분식,1655576652,
2015-11,서울특별시,도봉구,가정생활/서비스.인테리어,3833025,
2015-11,경기도,수원시 팔달구,의료.일반병원,4016279323,
2015-11,인천광역시,서구,스포츠/문화/레저.스포츠센타/레포츠클럽,5475750,
2015-11,경기도,성남시 분당구,여행/교통.여행사,70538835,
2015-11,경기도,양평군,스포츠/문화/레저.스포츠시설,225951437,
2015-11,서울특별시,노원구,유통.생활잡화,18611202,
2015-11,서울특별시,마포구,스포츠/문화/레저.스포츠/레저용품,97107352,
2015-11,경기도,양주시,미용.미용실,546050998,
2015-11,경기도,포천시,요식/유흥.유흥업소,332045358,
2015-11,경기도,구리시,요식/유흥.닭/오리,173272398,
2015-11,경기도,과천시,유통.생활잡화,51597210,
2015-11,경기도,수원시 영통구,유통.기타유통,1348014726,
