기준년월,시도명,시군구명,업종분류명,사용금액,카드사명
2020-03,경기도,의왕시,의료-병원-병원-일반,81968112,
2020-03,경기도,여주시,생활서비스-광고/인쇄-인쇄업,1281613,
2020-03,경기도,고양시 덕양구,생활서비스-이/미용/건강-이용업,27139709,
2020-03,경기도,양평군,소매-의복-양품점,7973769,
2020-03,경기도,과천시,음식-분식-떡볶이 전문점,55449062,
2020-03,경기도,하남시,소매-의복-교복 판매,186448169,
2020-03,경기도,화성시,학문/교육-학원기타-학원-기타종합,419808932,
2020-03,경기도,성남시 중원구,음식-기타음식점-구내식당/자급식음식점,1025290,
2020-03,경기도,안양시 만안구,음식-양식-패밀리 레스토랑,44611067,
2020-03,경기도,용인시 수지구,소매-예술품/골동품/수석/분재-수석 판매,17814422,
2020-03,경기도,수원시 영통구,의료-수의업-병원-동물병원,1218022358,
2020-03,경기도,평택시,생활서비스-광고/인쇄-광고물/간판 제작,15916032,
2020-03,경기도,포천시,소매-건강/미용식품-건강식품 판매,22550663,
2020-03,경기도,수원시 권선구,생활서비스-자동차/이륜차-자전거 판매,371250213,
2020-03,경기도,연천군,스포츠-운동시설-골프장,845323180,
2020-03,경기도,의정부시,음식-중식-중국음식/중국집,5013905273,
2020-03,경기도,이천시,학문/교육-도서관/독서실-독서실,129101949,
2020-03,경기도,고양시 일산동구,음식-별식/퓨전요리-닭요리 전문점,163011294,
2020-03,경기도,광주시,생활서비스-이/미용/건강-남성미용실,14216056,
2020-03,경기도,동두천시,소매-가방/신발/액세서리-신발 판매,10353179,
2020-03,경기도,부천시,관광/여가/오락-요가/단전/마사지-지압원,2787745,
2020-03,경기도,성남시 수정구,음식-패스트푸드-패스트푸드 전문점,670454898,
2020-03,경기도,가평군,의료-병원-병원-한의학과,60262172,
2020-03,경기도,광명시,스포츠-운동시설-스포츠강습/훈련/교실,1602016,
2020-03,경기도,김포시,소매-가방/신발/액세서리-장식품/모조품 판매,2296223,
2020-03,경기도,성남시 분당구,관광/여가/오락-PC/오락/당구/볼링등-당구장,447557849,
2020-03,경기도,용인시 기흥구,의료-병원-의료시설-기타,2719690597,
2020-03,경기도,시흥시,관광/여가/오락-PC/오락/당구/볼링등-볼링장,130200145,
2020-03,경기도,오산시,숙박-캠프/별장/펜션-캠프/별장/펜션,40857892,
2020-03,경기도,파주시,음식-별식/퓨전요리-순대 전문점,901834003,
2020-03,경기도,구리시,음식-일식-일식 전문점,1383317161,
2020-03,경기도,수원시 장안구,학문/교육-학원-보습교습입시-수학전문 학원,68224645,
2020-03,경기도,안산시 상록구,음식-수산물-해물찜 전문점,132931544,
2020-03,경기도,고양시 일산서구,생활서비스-자동차/이륜차-자동차관련대행서비스,4764125,
2020-03,경기도,안성시,학문/교육-학원-보습교습입시-수학전문 학원,501965,
2020-03,경기도,수원시 팔달구,학문/교육-학원-자격/국가고시-학원-고시,19309637,
2020-03,경기도,안양시 동안구,소매-종합소매점-시장,78336715,
2020-03,경기도,용인시 처인구,음식-유흥주점-기타일반 유흥주점,2003408,
2020-03,경기도,남양주시,생활서비스-물품기기대여-농기계 대여,204053603,
2020-03,경기도,양주시,의료-병원-보건기관-기타,2631792,
2020-03,경기도,안산시 단원구,음식-한식-곱창/양구이전문,1190240872,
2020-03,경기도,군포시,음식-다방/커피숍/카페-다방/카페-기타,5593451,
