기준년월,시도명,시군구명,업종분류명,사용금액,카드사명
2015-04,경기도,수원시 권선구,의료.한의원,688666465,
2015-04,경기도,용인시 수지구,요식/유흥.커피/음료,694852027,
2015-04,경기도,안산시 상록구,교육/학원.태권도/투기도장,206938350,
2015-04,경기도,파주시,교육/학원.입시보습학원,2510594489,
2015-04,경기도,양평군,가정생활/서비스.열쇠/도장/각종수리점,20403250,
2015-04,경기도,수원시 팔달구,유통.생활잡화,1195088084,
2015-04,경기도,안산시 단원구,스포츠/문화/레저.PC게임방,44473033,
2015-04,경기도,용인시 처인구,음/식료품.농수산물,963081415,
2015-04,경기도,화성시,가전/가구.가전,3261785056,
2015-04,서울특별시,강동구,스포츠/문화/레저.화원,785425,
2015-04,경기도,평택시,요식/유흥.유흥업소,2387490415,
2015-04,경기도,고양시 덕양구,교육/학원.음악/피아노학원,273608250,
2015-04,서울특별시,중랑구,미용.화장품,16153500,
2015-04,경기도,부천시,스포츠/문화/레저.스포츠센타/레포츠클럽,1658954722,
2015-04,경기도,하남시,스포츠/문화/레저.스포츠시설,135046820,
2015-04,서울특별시,은평구,자동차.자동차용품,9684090,
2015-04,경기도,가평군,미용.피부/체형관리/마사지,4583500,
2015-04,경기도,과천시,음/식료품.정육점,304659727,
2015-04,경기도,수원시 영통구,의료.기타의료,3097062526,
2015-04,경기도,의정부시,스포츠/문화/레저.문화용품,331929505,
2015-04,서울특별시,양천구,미용.화장품,667500,
2015-04,인천광역시,계양구,유통.생활잡화,885995,
2015-04,강원도,춘천시,여행/교통.모텔/여관/기타숙박,129050,
2015-04,경기도,고양시 일산동구,가전/가구.가구,1506854906,
2015-04,경기도,광명시,미용.피부/체형관리/마사지,159034100,
2015-04,경기도,이천시,미용.피부/체형관리/마사지,82087993,
2015-04,경기도,양주시,주유.주유소,18848005184,
2015-04,경기도,포천시,스포츠/문화/레저.반려동물관련,333832325,
2015-04,서울특별시,강서구,자동차.자동차판매,9723250,
2015-04,충청북도,음성군,자동차.자동차경정비,1023500,
2015-04,경기도,남양주시,주유.주유소,39118481958,
2015-04,경기도,동두천시,스포츠/문화/레저.문화용품,19507465,
2015-04,경기도,성남시 수정구,가전/가구.가전,1069805231,
2015-04,경기도,시흥시,요식/유흥.한식(족발/보쌈),581305725,
2015-04,서울특별시,금천구,음/식료품.정육점,1370600,
2015-04,서울특별시,마포구,주유.LPG,2326123838,
2015-04,경기도,군포시,스포츠/문화/레저.스포츠센타/레포츠클럽,592220462,
2015-04,경기도,안양시 만안구,요식/유흥.분식,464592170,
2015-04,경기도,의왕시,여행/교통.교통,6594900,
2015-04,서울특별시,송파구,음/식료품.기타음/식료품,17800000,
2015-04,충청남도,아산시,주유.주유소,162472299,
2015-04,경기도,광주시,미용.네일케어,24288100,
2015-04,경기도,구리시,가정생활/서비스.인쇄/광고/이벤트,151838427,
2015-04,인천광역시,부평구,가정생활/서비스.인테리어,5149985,
2015-04,인천광역시,서구,스포츠/문화/레저.스포츠센타/레포츠클럽,9531900,
2015-04,경기도,고양시 일산서구,음/식료품.정육점,1467478858,
2015-04,경기도,안성시,자동차.자동차판매,56561725,
2015-04,경기도,오산시,주유.주유소,12599195283,
2015-04,서울특별시,구로구,가전/가구.가전,39252181,
2015-04,경기도,안양시 동안구,유통.상품권판매,920803790,
2015-04,서울특별시,노원구,교육/학원.입시보습학원,1602000,
2015-04,서울특별시,서초구,가정생활/서비스.세탁소,9311402,
2015-04,경기도,김포시,여행/교통.호텔/콘도,80171200,
2015-04,경기도,성남시 중원구,미용.피부/체형관리/마사지,131116580,
2015-04,경기도,수원시 장안구,자동차.자동차판매,421834350,
2015-04,경기도,연천군,교육/학원.기타예체능학원,890000,
2015-04,경기도,용인시 기흥구,의료.종합병원,969733231,
2015-04,경기도,여주시,교육/학원.태권도/투기도장,19936000,
2015-04,서울특별시,도봉구,가정생활/서비스.열쇠/도장/각종수리점,10515350,
2015-04,경기도,성남시 분당구,요식/유흥.외식업기타,12465006748,
