기준년월,시도명,시군구명,업종분류명,사용금액,카드사명
2016-11,경기도,수원시 장안구,가정생활/서비스.세탁소,164820684,
2016-11,경기도,평택시,스포츠/문화/레저.스포츠시설,438425429,
2016-11,경기도,구리시,교육/학원.유아교육,1281849592,
2016-11,경기도,성남시 분당구,요식/유흥.노래방,1524463382,
2016-11,경기도,군포시,의료.약국,1958288529,
2016-11,경기도,용인시 기흥구,의류/잡화.의복/의류,5754219430,
2016-11,충청남도,아산시,유통.슈퍼마켓,192698,
2016-11,경기도,오산시,교육/학원.태권도/투기도장,262839150,
2016-11,경기도,용인시 처인구,자동차.자동차공업사,423130274,
2016-11,서울특별시,강서구,자동차.자동차판매,4803620,
2016-11,경기도,과천시,유통.편의점,804182474,
2016-11,서울특별시,양천구,요식/유흥.한식(일반),1622720,
2016-11,경기도,수원시 팔달구,요식/유흥.한식(족발/보쌈),373044745,
2016-11,경기도,안산시 단원구,스포츠/문화/레저.문화용품,182389625,
2016-11,서울특별시,송파구,음/식료품.농수산물,1304630,
2016-11,충청북도,음성군,자동차.자동차경정비,202840,
2016-11,강원도,춘천시,요식/유흥.한식(일반),86444415,
2016-11,경기도,시흥시,의료.한의원,536059789,
2016-11,경기도,양평군,요식/유흥.한식(갈비/삼겹살/곱창),400748590,
2016-11,경기도,연천군,의료.기타의료,2766000,
2016-11,서울특별시,도봉구,가전/가구.기타가전/가구,851928,
2016-11,경기도,고양시 일산서구,요식/유흥.호프/간이주점,1054473882,
2016-11,경기도,안산시 상록구,요식/유흥.피자전문점,646276167,
2016-11,경기도,포천시,미용.화장품,439138642,
2016-11,서울특별시,은평구,요식/유흥.중식,8620700,
2016-11,서울특별시,마포구,자동차.자동차용품,23316458,
2016-11,경기도,부천시,미용.네일케어,112921258,
2016-11,인천광역시,부평구,음/식료품.농수산물,308870,
2016-11,경기도,가평군,미용.네일케어,207450,
2016-11,경기도,고양시 일산동구,요식/유흥.유흥업소,1255436643,
2016-11,경기도,수원시 권선구,요식/유흥.분식,1048492914,
2016-11,경기도,이천시,유통.대형유통점,4339112481,
2016-11,경기도,용인시 수지구,요식/유흥.치킨,1634353381,
2016-11,서울특별시,구로구,요식/유흥.외식업기타,8388356,
2016-11,경기도,안성시,스포츠/문화/레저.문화용품,197889782,
2016-11,인천광역시,서구,요식/유흥.노래방,5619590,
2016-11,경기도,광명시,교육/학원.음악/피아노학원,337479660,
2016-11,경기도,광주시,의료.기타의료,315232708,
2016-11,경기도,안양시 동안구,가정생활/서비스.인쇄/광고/이벤트,438118767,
2016-11,경기도,의왕시,가정생활/서비스.열쇠/도장/각종수리점,71859481,
2016-11,경기도,화성시,여행/교통.호텔/콘도,863570241,
2016-11,서울특별시,금천구,미용.미용실,5767110,
2016-11,서울특별시,노원구,요식/유흥.한식(일반),105113532,
2016-11,서울특별시,중랑구,주유.주유소,1049802688,
2016-11,경기도,성남시 중원구,요식/유흥.외식업기타,4668592546,
2016-11,경기도,수원시 영통구,요식/유흥.한식(갈비/삼겹살/곱창),1614054721,
2016-11,경기도,양주시,의류/잡화.안경,260863304,
2016-11,경기도,의정부시,요식/유흥.유흥업소,1073965275,
2016-11,서울특별시,강동구,교육/학원.기타예체능학원,1844000,
2016-11,경기도,남양주시,요식/유흥.일식,884189010,
2016-11,경기도,동두천시,스포츠/문화/레저.스포츠센타/레포츠클럽,101278473,
2016-11,서울특별시,서초구,요식/유흥.한식(족발/보쌈),17642470,
2016-11,경기도,고양시 덕양구,스포츠/문화/레저.실내골프장,35460120,
2016-11,경기도,성남시 수정구,스포츠/문화/레저.PC게임방,83297144,
2016-11,경기도,여주시,주유.주유소,16850374770,
2016-11,경기도,안양시 만안구,의류/잡화.안경,844990779,
2016-11,인천광역시,계양구,음/식료품.농수산물,26175580,
2016-11,경기도,김포시,스포츠/문화/레저.스포츠/레저용품,5879671563,
2016-11,경기도,하남시,교육/학원.미술/서예학원,59906950,
2016-11,경기도,파주시,미용.목욕탕/사우나,468709764,
