기준년월,시도명,시군구명,업종분류명,사용금액,카드사명
2015-05,서울특별시,은평구,가정생활/서비스.인테리어,8253090,
2015-05,경기도,안성시,의료.기타의료,161723334,
2015-05,경기도,고양시 일산서구,의류/잡화.안경,1071432446,
2015-05,경기도,포천시,스포츠/문화/레저.영화/공연,33528898,
2015-05,경기도,동두천시,유통.슈퍼마켓,2912470159,
2015-05,서울특별시,송파구,가정생활/서비스.인테리어,1605432,
2015-05,경기도,가평군,가정생활/서비스.전문서비스(법률/회계/번역등),31393195,
2015-05,경기도,수원시 권선구,가전/가구.컴퓨터,200509065,
2015-05,경기도,시흥시,가정생활/서비스.인쇄/광고/이벤트,190473542,
2015-05,서울특별시,강서구,요식/유흥.한식(일반),113305445,
2015-05,경기도,하남시,유통.대형유통점,2891464455,
2015-05,경기도,파주시,교육/학원.문구용품,8881351966,
2015-05,서울특별시,강동구,스포츠/문화/레저.화원,1202745,
2015-05,서울특별시,중랑구,주유.주유소,981382945,
2015-05,인천광역시,부평구,가전/가구.가전,2613700,
2015-05,충청북도,음성군,자동차.자동차경정비,3473120,
2015-05,경기도,김포시,유통.상품권판매,200432160,
2015-05,경기도,성남시 수정구,미용.화장품,862215551,
2015-05,경기도,수원시 팔달구,여행/교통.호텔/콘도,692067703,
2015-05,경기도,양평군,여행/교통.모텔/여관/기타숙박,758380117,
2015-05,서울특별시,구로구,유통.편의점,27877236,
2015-05,서울특별시,마포구,요식/유흥.외식업기타,349970,
2015-05,강원도,춘천시,요식/유흥.한식(일반),88281926,
2015-05,경기도,광주시,자동차.자동차용품,2437190530,
2015-05,경기도,성남시 중원구,가정생활/서비스.인테리어,1839888013,
2015-05,경기도,고양시 일산동구,스포츠/문화/레저.PC게임방,83329270,
2015-05,경기도,수원시 장안구,유통.슈퍼마켓,8164731399,
2015-05,경기도,광명시,의료.한의원,750188958,
2015-05,경기도,의왕시,가정생활/서비스.인테리어,733584835,
2015-05,경기도,화성시,스포츠/문화/레저.실외골프/스키,9146551435,
2015-05,서울특별시,도봉구,주유.주유소,195981587,
2015-05,경기도,과천시,가전/가구.가구,18572553,
2015-05,경기도,양주시,가전/가구.휴대폰,4084371,
2015-05,경기도,여주시,미용.네일케어,2892790,
2015-05,서울특별시,서초구,가정생활/서비스.세탁소,9430451,
2015-05,충청남도,아산시,유통.기타유통,2682808,
2015-05,경기도,고양시 덕양구,요식/유흥.패스트푸드,1150233552,
2015-05,경기도,부천시,미용.피부/체형관리/마사지,569383913,
2015-05,경기도,용인시 기흥구,가전/가구.휴대폰,62543803,
2015-05,인천광역시,서구,요식/유흥.치킨,11336370,
2015-05,경기도,오산시,주유.주유소,13309390619,
2015-05,서울특별시,금천구,미용.미용실,4492020,
2015-05,서울특별시,노원구,주유.주유소,1050284272,
2015-05,서울특별시,양천구,의류/잡화.의복/의류,8372700,
2015-05,인천광역시,계양구,음/식료품.정육점,10407150,
2015-05,경기도,구리시,교육/학원.유아교육,650766955,
2015-05,경기도,수원시 영통구,요식/유흥.노래방,822562400,
2015-05,경기도,용인시 처인구,스포츠/문화/레저.스크린골프,300357765,
2015-05,경기도,군포시,요식/유흥.중식,1114828992,
2015-05,경기도,안양시 만안구,스포츠/문화/레저.서점,159669798,
2015-05,경기도,용인시 수지구,유통.슈퍼마켓,14809663895,
2015-05,경기도,남양주시,여행/교통.모텔/여관/기타숙박,687664027,
2015-05,경기도,안산시 상록구,여행/교통.교통,49168570,
2015-05,경기도,성남시 분당구,가정생활/서비스.상담서비스,439478991,
2015-05,경기도,이천시,스포츠/문화/레저.영화/공연,170630310,
2015-05,경기도,의정부시,스포츠/문화/레저.실내골프장,148701810,
2015-05,경기도,평택시,유통.생활잡화,872240597,
2015-05,경기도,안산시 단원구,자동차.자동차공업사,192363004,
2015-05,경기도,안양시 동안구,주유.LPG,6372970848,
2015-05,경기도,연천군,요식/유흥.치킨,512697411,
