기준년월,시도명,시군구명,인구평균수
2018-10,경기도,김포시,
2018-10,경기도,화성시,
2018-10,경기도,수원시 팔달구,
2018-10,경기도,양주시,
2018-10,경기도,성남시 수정구,
2018-10,경기도,고양시 일산동구,
2018-10,경기도,동두천시,
2018-10,경기도,이천시,
2018-10,경기도,의정부시,
2018-10,경기도,남양주시,
2018-10,경기도,군포시,
2018-10,경기도,가평군,
2018-10,경기도,성남시 분당구,
2018-10,경기도,수원시 장안구,
2018-10,경기도,시흥시,
2018-10,경기도,연천군,
2018-10,경기도,용인시 처인구,
2018-10,경기도,파주시,
2018-10,경기도,광명시,
2018-10,경기도,안산시 상록구,
2018-10,경기도,안성시,
2018-10,경기도,안양시 동안구,
2018-10,경기도,구리시,
2018-10,경기도,부천시,
2018-10,경기도,양평군,
2018-10,경기도,안산시 단원구,
2018-10,경기도,용인시 기흥구,
2018-10,경기도,하남시,
2018-10,경기도,안양시 만안구,
2018-10,경기도,용인시 수지구,
2018-10,경기도,고양시 일산서구,
2018-10,경기도,포천시,
2018-10,경기도,수원시 권선구,
2018-10,경기도,오산시,
2018-10,경기도,광주시,
2018-10,경기도,평택시,
2018-10,경기도,의왕시,
2018-10,경기도,성남시 중원구,
2018-10,경기도,과천시,
2018-10,경기도,수원시 영통구,
2018-10,경기도,고양시 덕양구,
2018-10,경기도,여주시,
