기준년월,시도명,시군구명,유입시도명,유입시군구명,성별코드,인구평균수
2018-01,경기도,,강원도,화천군,F,
2018-01,경기도,,강원도,삼척시,F,
2018-01,경기도,,경기도,광명시,M,
2018-01,경기도,,경기도,오산시,M,
2018-01,경기도,,경기도,안산시 상록구,F,
2018-01,경기도,,경기도,의왕시,M,
2018-01,경기도,,경상남도,남해군,F,
2018-01,경기도,,경상남도,하동군,M,
2018-01,경기도,,경상북도,경산시,M,
2018-01,경기도,,경상북도,고령군,M,
2018-01,경기도,,서울특별시,광진구,F,
2018-01,경기도,,대전광역시,유성구,F,
2018-01,경기도,,서울특별시,노원구,F,
2018-01,경기도,,인천광역시,옹진군,F,
2018-01,경기도,,전라남도,고흥군,F,
2018-01,경기도,,전라남도,구례군,F,
2018-01,경기도,,전라남도,순천시,F,
2018-01,경기도,,전라남도,영광군,F,
2018-01,경기도,,전라남도,완도군,M,
2018-01,경기도,,전라북도,김제시,F,
2018-01,경기도,,충청남도,금산군,M,
2018-01,경기도,,충청북도,충주시,F,
2018-01,경기도,,강원도,홍천군,M,
2018-01,경기도,,경기도,고양시 일산동구,F,
2018-01,경기도,,경기도,고양시 일산서구,M,
2018-01,경기도,,경기도,연천군,F,
2018-01,경기도,,경기도,부천시,F,
2018-01,경기도,,경기도,용인시 기흥구,M,
2018-01,경기도,,경기도,포천시,M,
2018-01,경기도,,경상남도,거제시,M,
2018-01,경기도,,경상남도,사천시,M,
2018-01,경기도,,경상남도,의령군,F,
2018-01,경기도,,경상북도,경주시,M,
2018-01,경기도,,경상북도,구미시,M,
2018-01,경기도,,경상북도,성주군,M,
2018-01,경기도,,광주광역시,남구,M,
2018-01,경기도,,대구광역시,중구,M,
2018-01,경기도,,부산광역시,강서구,F,
2018-01,경기도,,부산광역시,북구,M,
2018-01,경기도,,부산광역시,중구,M,
2018-01,경기도,,부산광역시,해운대구,M,
2018-01,경기도,,울산광역시,동구,F,
2018-01,경기도,,전라남도,곡성군,M,
2018-01,경기도,,전라남도,영암군,M,
2018-01,경기도,,충청남도,금산군,F,
2018-01,경기도,,충청남도,서산시,M,
2018-01,경기도,,강원도,속초시,F,
2018-01,경기도,,강원도,양양군,F,
2018-01,경기도,,강원도,양양군,M,
2018-01,경기도,,강원도,영월군,M,
2018-01,경기도,,경기도,광주시,M,
2018-01,경기도,,경기도,안산시 단원구,M,
2018-01,경기도,,경기도,화성시,F,
2018-01,경기도,,경상남도,고성군,M,
2018-01,경기도,,경상남도,밀양시,F,
2018-01,경기도,,경상남도,산청군,F,
2018-01,경기도,,경상북도,영양군,F,
2018-01,경기도,,경상남도,창원시 성산구,F,
2018-01,경기도,,경상북도,영양군,M,
2018-01,경기도,,광주광역시,남구,F,
2018-01,경기도,,대구광역시,수성구,M,
2018-01,경기도,,대구광역시,중구,F,
2018-01,경기도,,대전광역시,대덕구,F,
2018-01,경기도,,부산광역시,동구,M,
2018-01,경기도,,부산광역시,서구,F,
2018-01,경기도,,서울특별시,구로구,F,
2018-01,경기도,,서울특별시,구로구,M,
2018-01,경기도,,서울특별시,송파구,M,
2018-01,경기도,,인천광역시,남동구,M,
2018-01,경기도,,인천광역시,서구,M,
2018-01,경기도,,인천광역시,연수구,M,
2018-01,경기도,,인천광역시,중구,F,
2018-01,경기도,,전라남도,광양시,F,
2018-01,경기도,,전라남도,영암군,F,
2018-01,경기도,,전라북도,익산시,F,
2018-01,경기도,,전라북도,장수군,F,
2018-01,경기도,,전라북도,장수군,M,
2018-01,경기도,,전라북도,전주시 덕진구,M,
2018-01,경기도,,전라북도,진안군,F,
2018-01,경기도,,충청남도,당진시,M,
2018-01,경기도,,충청남도,보령시,F,
2018-01,경기도,,충청남도,서산시,F,
2018-01,경기도,,충청남도,천안시 서북구,M,
2018-01,경기도,,충청남도,청양군,F,
2018-01,경기도,,충청남도,태안군,M,
2018-01,경기도,,충청남도,홍성군,F,
2018-01,경기도,,충청북도,단양군,F,
2018-01,경기도,,충청북도,보은군,M,
2018-01,경기도,,충청북도,청주시 서원구,M,
2018-01,경기도,,충청북도,충주시,M,
2018-01,경기도,,강원도,태백시,F,
2018-01,경기도,,경기도,남양주시,M,
2018-01,경기도,,경기도,성남시 중원구,M,
2018-01,경기도,,경기도,수원시 권선구,F,
2018-01,경기도,,경기도,하남시,F,
2018-01,경기도,,경상남도,진주시,M,
2018-01,경기도,,경상남도,함양군,F,
2018-01,경기도,,경상북도,영덕군,M,
2018-01,경기도,,경상북도,칠곡군,F,
2018-01,경기도,,광주광역시,서구,F,
2018-01,경기도,,대구광역시,달서구,M,
2018-01,경기도,,대구광역시,서구,F,
2018-01,경기도,,부산광역시,동래구,F,
2018-01,경기도,,부산광역시,수영구,F,
2018-01,경기도,,부산광역시,영도구,M,
2018-01,경기도,,서울특별시,강동구,M,
2018-01,경기도,,서울특별시,강북구,F,
2018-01,경기도,,서울특별시,관악구,M,
2018-01,경기도,,서울특별시,서대문구,M,
2018-01,경기도,,서울특별시,서초구,F,
2018-01,경기도,,서울특별시,용산구,M,
2018-01,경기도,,서울특별시,종로구,M,
2018-01,경기도,,전라남도,나주시,F,
2018-01,경기도,,전라남도,담양군,M,
2018-01,경기도,,전라남도,목포시,M,
2018-01,경기도,,전라남도,보성군,F,
2018-01,경기도,,전라북도,김제시,M,
2018-01,경기도,,전라북도,익산시,M,
2018-01,경기도,,전라북도,전주시 완산구,F,
2018-01,경기도,,강원도,양구군,F,
2018-01,경기도,,충청남도,청양군,M,
2018-01,경기도,,강원도,원주시,M,
2018-01,경기도,,강원도,춘천시,M,
2018-01,경기도,,경기도,구리시,M,
2018-01,경기도,,경기도,안산시 단원구,F,
2018-01,경기도,,경기도,안양시 동안구,F,
2018-01,경기도,,경기도,평택시,F,
2018-01,경기도,,경기도,포천시,F,
2018-01,경기도,,경상남도,남해군,M,
2018-01,경기도,,경상남도,창원시 마산합포구,M,
2018-01,경기도,,경상남도,함안군,F,
2018-01,경기도,,경상남도,함안군,M,
2018-01,경기도,,경상북도,울릉군,M,
2018-01,경기도,,대구광역시,북구,F,
2018-01,경기도,,대전광역시,대덕구,M,
2018-01,경기도,,대전광역시,동구,M,
2018-01,경기도,,대전광역시,서구,F,
2018-01,경기도,,부산광역시,강서구,M,
2018-01,경기도,,서울특별시,강서구,M,
2018-01,경기도,,서울특별시,도봉구,F,
2018-01,경기도,,서울특별시,영등포구,M,
2018-01,경기도,,서울특별시,용산구,F,
2018-01,경기도,,인천광역시,계양구,M,
2018-01,경기도,,인천광역시,동구,F,
2018-01,경기도,,인천광역시,중구,M,
2018-01,경기도,,전라남도,곡성군,F,
2018-01,경기도,,전라남도,함평군,M,
2018-01,경기도,,전라북도,군산시,F,
2018-01,경기도,,전라북도,부안군,F,
2018-01,경기도,,전라북도,완주군,M,
2018-01,경기도,,충청북도,영동군,M,
2018-01,경기도,,강원도,정선군,M,
2018-01,경기도,,경기도,과천시,M,
2018-01,경기도,,경기도,동두천시,M,
2018-01,경기도,,경기도,수원시 영통구,M,
2018-01,경기도,,경기도,수원시 장안구,M,
2018-01,경기도,,경상남도,김해시,F,
2018-01,경기도,,경상남도,창원시 진해구,F,
2018-01,경기도,,경상남도,통영시,F,
2018-01,경기도,,경상북도,예천군,M,
2018-01,경기도,,경상북도,포항시 남구,M,
2018-01,경기도,,광주광역시,광산구,F,
2018-01,경기도,,광주광역시,광산구,M,
2018-01,경기도,,광주광역시,북구,F,
2018-01,경기도,,부산광역시,부산진구,M,
2018-01,경기도,,부산광역시,사상구,F,
2018-01,경기도,,부산광역시,사상구,M,
2018-01,경기도,,서울특별시,강동구,F,
2018-01,경기도,,서울특별시,금천구,M,
2018-01,경기도,,서울특별시,종로구,F,
2018-01,경기도,,울산광역시,중구,F,
2018-01,경기도,,전라남도,고흥군,M,
2018-01,경기도,,전라남도,영광군,M,
2018-01,경기도,,전라남도,장성군,F,
2018-01,경기도,,전라북도,완주군,F,
2018-01,경기도,,전라북도,임실군,M,
2018-01,경기도,,전라북도,전주시 완산구,M,
2018-01,경기도,,충청남도,공주시,M,
2018-01,경기도,,충청남도,논산시,M,
2018-01,경기도,,충청북도,괴산군,F,
2018-01,경기도,,강원도,강릉시,F,
2018-01,경기도,,강원도,고성군,F,
2018-01,경기도,,강원도,속초시,M,
2018-01,경기도,,강원도,철원군,M,
2018-01,경기도,,강원도,횡성군,F,
2018-01,경기도,,경기도,광주시,F,
2018-01,경기도,,경기도,성남시 분당구,F,
2018-01,경기도,,경기도,성남시 수정구,M,
2018-01,경기도,,경기도,시흥시,F,
2018-01,경기도,,경기도,양주시,M,
2018-01,경기도,,경기도,양평군,F,
2018-01,경기도,,경기도,양평군,M,
2018-01,경기도,,경기도,의정부시,F,
2018-01,경기도,,경상남도,거창군,F,
2018-01,경기도,,경상남도,의령군,M,
2018-01,경기도,,경상남도,창녕군,F,
2018-01,경기도,,경상남도,창원시 진해구,M,
2018-01,경기도,,경상남도,합천군,M,
2018-01,경기도,,경상북도,고령군,F,
2018-01,경기도,,경상북도,구미시,F,
2018-01,경기도,,경상북도,영천시,F,
2018-01,경기도,,광주광역시,동구,F,
2018-01,경기도,,광주광역시,북구,M,
2018-01,경기도,,부산광역시,사하구,M,
2018-01,경기도,,서울특별시,도봉구,M,
2018-01,경기도,,인천광역시,부평구,F,
2018-01,경기도,,전라남도,보성군,M,
2018-01,경기도,,충청남도,공주시,F,
2018-01,경기도,,충청남도,논산시,F,
2018-01,경기도,,충청북도,음성군,F,
2018-01,경기도,,경기도,고양시 일산서구,F,
2018-01,경기도,,경기도,김포시,M,
2018-01,경기도,,경기도,수원시 영통구,F,
2018-01,경기도,,경기도,시흥시,M,
2018-01,경기도,,경기도,안성시,M,
2018-01,경기도,,경기도,평택시,M,
2018-01,경기도,,경상남도,양산시,M,
2018-01,경기도,,경상북도,김천시,M,
2018-01,경기도,,경상북도,청도군,F,
2018-01,경기도,,대구광역시,달성군,M,
2018-01,경기도,,대구광역시,동구,M,
2018-01,경기도,,부산광역시,중구,F,
2018-01,경기도,,서울특별시,금천구,F,
2018-01,경기도,,서울특별시,동대문구,F,
2018-01,경기도,,서울특별시,은평구,M,
2018-01,경기도,,서울특별시,중랑구,M,
2018-01,경기도,,인천광역시,남구,F,
2018-01,경기도,,인천광역시,동구,M,
2018-01,경기도,,전라남도,강진군,F,
2018-01,경기도,,전라남도,여수시,F,
2018-01,경기도,,전라북도,무주군,F,
2018-01,경기도,,제주특별자치도,서귀포시,M,
2018-01,경기도,,제주특별자치도,제주시,M,
2018-01,경기도,,충청남도,보령시,M,
2018-01,경기도,,충청남도,서천군,M,
2018-01,경기도,,충청북도,단양군,M,
2018-01,경기도,,충청북도,증평군,F,
2018-01,경기도,,강원도,인제군,F,
2018-01,경기도,,경기도,광명시,F,
2018-01,경기도,,경기도,남양주시,F,
2018-01,경기도,,경기도,성남시 수정구,F,
2018-01,경기도,,경기도,연천군,M,
2018-01,경기도,,경기도,이천시,M,
2018-01,경기도,,경기도,파주시,M,
2018-01,경기도,,경상남도,밀양시,M,
2018-01,경기도,,경상북도,봉화군,M,
2018-01,경기도,,대구광역시,달서구,F,
2018-01,경기도,,경상북도,영주시,F,
2018-01,경기도,,대전광역시,동구,F,
2018-01,경기도,,부산광역시,기장군,F,
2018-01,경기도,,부산광역시,수영구,M,
2018-01,경기도,,서울특별시,강북구,M,
2018-01,경기도,,인천광역시,부평구,M,
2018-01,경기도,,전라남도,강진군,M,
2018-01,경기도,,전라남도,나주시,M,
2018-01,경기도,,전라남도,순천시,M,
2018-01,경기도,,전라남도,신안군,F,
2018-01,경기도,,전라남도,함평군,F,
2018-01,경기도,,충청남도,태안군,F,
2018-01,경기도,,충청북도,보은군,F,
2018-01,경기도,,충청북도,영동군,F,
2018-01,경기도,,충청북도,진천군,M,
2018-01,경기도,,강원도,동해시,F,
2018-01,경기도,,강원도,인제군,M,
2018-01,경기도,,강원도,정선군,F,
2018-01,경기도,,강원도,횡성군,M,
2018-01,경기도,,경기도,가평군,F,
2018-01,경기도,,경기도,가평군,M,
2018-01,경기도,,경기도,동두천시,F,
2018-01,경기도,,경기도,부천시,M,
2018-01,경기도,,경기도,성남시 분당구,M,
2018-01,경기도,,경기도,수원시 팔달구,M,
2018-01,경기도,,경상남도,거제시,F,
2018-01,경기도,,경상남도,창녕군,M,
2018-01,경기도,,경상남도,창원시 마산회원구,M,
2018-01,경기도,,경상남도,함양군,M,
2018-01,경기도,,경상북도,안동시,M,
2018-01,경기도,,경상북도,울진군,F,
2018-01,경기도,,대구광역시,남구,F,
2018-01,경기도,,대구광역시,서구,M,
2018-01,경기도,,부산광역시,금정구,F,
2018-01,경기도,,부산광역시,기장군,M,
2018-01,경기도,,부산광역시,남구,M,
2018-01,경기도,,부산광역시,서구,M,
2018-01,경기도,,서울특별시,마포구,F,
2018-01,경기도,,서울특별시,성동구,F,
2018-01,경기도,,서울특별시,성북구,F,
2018-01,경기도,,서울특별시,양천구,F,
2018-01,경기도,,서울특별시,중구,F,
2018-01,경기도,,울산광역시,남구,F,
2018-01,경기도,,울산광역시,울주군,M,
2018-01,경기도,,인천광역시,남동구,F,
2018-01,경기도,,인천광역시,서구,F,
2018-01,경기도,,전라남도,무안군,F,
2018-01,경기도,,전라남도,신안군,M,
2018-01,경기도,,전라북도,순창군,F,
2018-01,경기도,,전라북도,순창군,M,
2018-01,경기도,,전라북도,임실군,F,
2018-01,경기도,,전라북도,진안군,M,
2018-01,경기도,,제주특별자치도,서귀포시,F,
2018-01,경기도,,충청남도,계룡시,F,
2018-01,경기도,,충청남도,서천군,F,
2018-01,경기도,,충청북도,청주시 청원구,F,
2018-01,경기도,,강원도,고성군,M,
2018-01,경기도,,강원도,홍천군,F,
2018-01,경기도,,경기도,구리시,F,
2018-01,경기도,,경기도,수원시 권선구,M,
2018-01,경기도,,경기도,안양시 동안구,M,
2018-01,경기도,,경기도,안양시 만안구,F,
2018-01,경기도,,경기도,용인시 수지구,F,
2018-01,경기도,,경기도,용인시 처인구,F,
2018-01,경기도,,경기도,의왕시,F,
2018-01,경기도,,경기도,의정부시,M,
2018-01,경기도,,경기도,파주시,F,
2018-01,경기도,,경기도,하남시,M,
2018-01,경기도,,경상남도,창원시 마산회원구,F,
2018-01,경기도,,경상남도,창원시 의창구,M,
2018-01,경기도,,경상남도,합천군,F,
2018-01,경기도,,경상북도,문경시,M,
2018-01,경기도,,경상북도,상주시,F,
2018-01,경기도,,경상북도,울진군,M,
2018-01,경기도,,부산광역시,금정구,M,
2018-01,경기도,,부산광역시,영도구,F,
2018-01,경기도,,부산광역시,해운대구,F,
2018-01,경기도,,서울특별시,관악구,F,
2018-01,경기도,,서울특별시,광진구,M,
2018-01,경기도,,서울특별시,송파구,F,
2018-01,경기도,,서울특별시,양천구,M,
2018-01,경기도,,서울특별시,은평구,F,
2018-01,경기도,,서울특별시,중구,M,
2018-01,경기도,,세종특별자치시,세종특별자치시,M,
2018-01,경기도,,울산광역시,동구,M,
2018-01,경기도,,전라북도,고창군,M,
2018-01,경기도,,전라북도,무주군,M,
2018-01,경기도,,전라북도,전주시 덕진구,F,
2018-01,경기도,,충청남도,부여군,M,
2018-01,경기도,,충청남도,천안시 동남구,F,
2018-01,경기도,,충청남도,천안시 동남구,M,
2018-01,경기도,,강원도,영월군,F,
2018-01,경기도,,강원도,춘천시,F,
2018-01,경기도,,강원도,평창군,F,
2018-01,경기도,,강원도,평창군,M,
2018-01,경기도,,경기도,고양시 덕양구,M,
2018-01,경기도,,경기도,과천시,F,
2018-01,경기도,,경기도,군포시,M,
2018-01,경기도,,경기도,안산시 상록구,M,
2018-01,경기도,,경기도,오산시,F,
2018-01,경기도,,경상남도,김해시,M,
2018-01,경기도,,경상남도,창원시 성산구,M,
2018-01,경기도,,경상남도,창원시 의창구,F,
2018-01,경기도,,경상북도,안동시,F,
2018-01,경기도,,경상북도,포항시 북구,M,
2018-01,경기도,,대구광역시,달성군,F,
2018-01,경기도,,대전광역시,중구,F,
2018-01,경기도,,부산광역시,연제구,M,
2018-01,경기도,,서울특별시,강남구,M,
2018-01,경기도,,서울특별시,노원구,M,
2018-01,경기도,,서울특별시,성북구,M,
2018-01,경기도,,울산광역시,북구,F,
2018-01,경기도,,울산광역시,북구,M,
2018-01,경기도,,울산광역시,울주군,F,
2018-01,경기도,,인천광역시,계양구,F,
2018-01,경기도,,인천광역시,남구,M,
2018-01,경기도,,전라남도,장성군,M,
2018-01,경기도,,전라남도,장흥군,M,
2018-01,경기도,,전라남도,해남군,M,
2018-01,경기도,,전라북도,남원시,F,
2018-01,경기도,,전라북도,부안군,M,
2018-01,경기도,,충청남도,천안시 서북구,F,
2018-01,경기도,,충청남도,홍성군,M,
2018-01,경기도,,충청북도,괴산군,M,
2018-01,경기도,,충청북도,옥천군,M,
2018-01,경기도,,충청북도,음성군,M,
2018-01,경기도,,충청북도,청주시 서원구,F,
2018-01,경기도,,충청북도,청주시 흥덕구,F,
2018-01,경기도,,강원도,강릉시,M,
2018-01,경기도,,경기도,군포시,F,
2018-01,경기도,,경기도,수원시 팔달구,F,
2018-01,경기도,,경기도,양주시,F,
2018-01,경기도,,경기도,용인시 기흥구,F,
2018-01,경기도,,경기도,용인시 처인구,M,
2018-01,경기도,,경상북도,경산시,F,
2018-01,경기도,,경상북도,봉화군,F,
2018-01,경기도,,경상북도,울릉군,F,
2018-01,경기도,,경상북도,의성군,F,
2018-01,경기도,,경상북도,포항시 남구,F,
2018-01,경기도,,광주광역시,동구,M,
2018-01,경기도,,대구광역시,남구,M,
2018-01,경기도,,대구광역시,동구,F,
2018-01,경기도,,대구광역시,북구,M,
2018-01,경기도,,대구광역시,수성구,F,
2018-01,경기도,,대전광역시,서구,M,
2018-01,경기도,,대전광역시,유성구,M,
2018-01,경기도,,부산광역시,동구,F,
2018-01,경기도,,부산광역시,사하구,F,
2018-01,경기도,,서울특별시,강남구,F,
2018-01,경기도,,서울특별시,강서구,F,
2018-01,경기도,,서울특별시,성동구,M,
2018-01,경기도,,서울특별시,영등포구,F,
2018-01,경기도,,세종특별자치시,세종특별자치시,F,
2018-01,경기도,,울산광역시,남구,M,
2018-01,경기도,,전라남도,여수시,M,
2018-01,경기도,,전라남도,완도군,F,
2018-01,경기도,,전라남도,장흥군,F,
2018-01,경기도,,전라남도,진도군,M,
2018-01,경기도,,전라북도,군산시,M,
2018-01,경기도,,전라북도,정읍시,F,
2018-01,경기도,,충청남도,당진시,F,
2018-01,경기도,,충청남도,아산시,F,
2018-01,경기도,,충청북도,청주시 상당구,F,
2018-01,경기도,,강원도,양구군,M,
2018-01,경기도,,강원도,원주시,F,
2018-01,경기도,,강원도,철원군,F,
2018-01,경기도,,경기도,고양시 일산동구,M,
2018-01,경기도,,경기도,수원시 장안구,F,
2018-01,경기도,,경상남도,사천시,F,
2018-01,경기도,,경상남도,양산시,F,
2018-01,경기도,,경상남도,진주시,F,
2018-01,경기도,,경상남도,창원시 마산합포구,F,
2018-01,경기도,,경상북도,경주시,F,
2018-01,경기도,,경상북도,상주시,M,
2018-01,경기도,,경상북도,성주군,F,
2018-01,경기도,,경상북도,영덕군,F,
2018-01,경기도,,경상북도,영주시,M,
2018-01,경기도,,경상북도,청송군,M,
2018-01,경기도,,경상북도,칠곡군,M,
2018-01,경기도,,경상북도,포항시 북구,F,
2018-01,경기도,,광주광역시,서구,M,
2018-01,경기도,,부산광역시,남구,F,
2018-01,경기도,,부산광역시,동래구,M,
2018-01,경기도,,서울특별시,동대문구,M,
2018-01,경기도,,서울특별시,동작구,F,
2018-01,경기도,,서울특별시,마포구,M,
2018-01,경기도,,서울특별시,서초구,M,
2018-01,경기도,,울산광역시,중구,M,
2018-01,경기도,,인천광역시,강화군,F,
2018-01,경기도,,전라남도,구례군,M,
2018-01,경기도,,전라남도,진도군,F,
2018-01,경기도,,전라남도,화순군,M,
2018-01,경기도,,전라북도,남원시,M,
2018-01,경기도,,전라북도,정읍시,M,
2018-01,경기도,,충청북도,청주시 상당구,M,
2018-01,경기도,,경기도,고양시 덕양구,F,
2018-01,경기도,,경기도,김포시,F,
2018-01,경기도,,경기도,성남시 중원구,F,
2018-01,경기도,,경기도,안양시 만안구,M,
2018-01,경기도,,경기도,여주시,M,
2018-01,경기도,,경기도,화성시,M,
2018-01,경기도,,경상남도,거창군,M,
2018-01,경기도,,경상남도,산청군,M,
2018-01,경기도,,경상북도,군위군,F,
2018-01,경기도,,경상북도,군위군,M,
2018-01,경기도,,경상북도,예천군,F,
2018-01,경기도,,경상북도,청도군,M,
2018-01,경기도,,부산광역시,부산진구,F,
2018-01,경기도,,부산광역시,연제구,F,
2018-01,경기도,,서울특별시,동작구,M,
2018-01,경기도,,서울특별시,서대문구,F,
2018-01,경기도,,인천광역시,옹진군,M,
2018-01,경기도,,전라남도,담양군,F,
2018-01,경기도,,전라남도,무안군,M,
2018-01,경기도,,전라남도,해남군,F,
2018-01,경기도,,전라남도,화순군,F,
2018-01,경기도,,충청남도,부여군,F,
2018-01,경기도,,충청북도,증평군,M,
2018-01,경기도,,충청북도,진천군,F,
2018-01,경기도,,충청북도,청주시 흥덕구,M,
2018-01,경기도,,강원도,삼척시,M,
2018-01,경기도,,강원도,화천군,M,
2018-01,경기도,,경기도,용인시 수지구,M,
2018-01,경기도,,경기도,이천시,F,
2018-01,경기도,,경상남도,고성군,F,
2018-01,경기도,,경상남도,통영시,M,
2018-01,경기도,,경상북도,김천시,F,
2018-01,경기도,,경상북도,문경시,F,
2018-01,경기도,,경상북도,영천시,M,
2018-01,경기도,,경상북도,청송군,F,
2018-01,경기도,,부산광역시,북구,F,
2018-01,경기도,,서울특별시,중랑구,F,
2018-01,경기도,,인천광역시,강화군,M,
2018-01,경기도,,인천광역시,연수구,F,
2018-01,경기도,,전라남도,광양시,M,
2018-01,경기도,,전라남도,목포시,F,
2018-01,경기도,,전라북도,고창군,F,
2018-01,경기도,,제주특별자치도,제주시,F,
2018-01,경기도,,충청남도,계룡시,M,
2018-01,경기도,,충청남도,아산시,M,
2018-01,경기도,,충청남도,예산군,F,
2018-01,경기도,,충청남도,예산군,M,
2018-01,경기도,,충청북도,옥천군,F,
2018-01,경기도,,충청북도,제천시,F,
2018-01,경기도,,충청북도,제천시,M,
2018-01,경기도,,경상북도,의성군,M,
2018-01,경기도,,충청북도,청주시 청원구,M,
2018-01,경기도,,경상남도,하동군,F,
2018-01,경기도,,경기도,여주시,F,
2018-01,경기도,,대전광역시,중구,M,
2018-01,경기도,,경기도,안성시,F,
2018-01,경기도,,강원도,태백시,M,
2018-01,경기도,,강원도,동해시,M,
