기준년월,시도명,시군구명,국적명,인구평균수
2019-11,경기도,성남시 중원구,미얀마,79.87000
2019-11,경기도,김포시,괌,0.19000
2019-11,경기도,안산시 단원구,벨기에,0.78000
2019-11,경기도,군포시,브라질,0.63000
2019-11,경기도,여주시,캄보디아,163.36000
2019-11,경기도,성남시 수정구,방글라데시,88.02000
2019-11,경기도,용인시 기흥구,필리핀,575.78000
2019-11,경기도,화성시,핀란드,8.04000
2019-11,경기도,고양시 덕양구,러시아,100.80000
2019-11,경기도,수원시 권선구,폴란드,10.95000
2019-11,경기도,안양시 동안구,일본,3712.37000
2019-11,경기도,포천시,말레이시아,90.41000
2019-11,경기도,안양시 만안구,캐나다,107.78000
2019-11,경기도,수원시 영통구,타이,1165.46000
2019-11,경기도,수원시 팔달구,카타르,0.04000
2019-11,경기도,오산시,스웨덴,3.22000
2019-11,경기도,고양시 일산동구,칠레,1.47000
2019-11,경기도,동두천시,터키,28.82000
2019-11,경기도,의왕시,베트남,202.43000
2019-11,경기도,부천시,칠레,3.03000
2019-11,경기도,수원시 장안구,대만,479.82000
2019-11,경기도,시흥시,라오스,3.78000
2019-11,경기도,성남시 분당구,인도네시아,878.21000
2019-11,경기도,양평군,뉴질랜드,7.77000
2019-11,경기도,용인시 처인구,필리핀,2293.06000
2019-11,경기도,과천시,아일랜드,9.74000
2019-11,경기도,안산시 상록구,모로코,1.15000
2019-11,경기도,양주시,몽골,84.95000
2019-11,경기도,하남시,슬로바키아,0.24000
2019-11,경기도,광명시,노르웨이,9.34000
2019-11,경기도,안성시,아랍에미리트,1.82000
2019-11,경기도,이천시,캐나다,161.24000
2019-11,경기도,광주시,오만,0.06000
2019-11,경기도,용인시 수지구,아르헨티나,50.87000
2019-11,경기도,평택시,맨섬,83.60000
2019-11,경기도,구리시,독일,15.27000
2019-11,경기도,파주시,인도,103.14000
2019-11,경기도,고양시 일산서구,영국,35.09000
2019-11,경기도,남양주시,베트남,805.13000
2019-11,경기도,의정부시,아랍에미리트,0.00000
2019-11,경기도,가평군,말레이시아,1116.22000
2019-11,경기도,연천군,파나마,0.01000
