기준년월,시도명,시군구명,국적명,인구평균수
2019-04,경기도,수원시 영통구,마카오,0.79000
2019-04,경기도,양평군,뉴질랜드,29.78000
2019-04,경기도,연천군,필리핀,0.02000
2019-04,경기도,남양주시,캐나다,277.05000
2019-04,경기도,오산시,슬로바키아,32.27000
2019-04,경기도,성남시 수정구,브라질,0.02000
2019-04,경기도,안산시 상록구,몽골,0.23000
2019-04,경기도,안양시 만안구,영국,22.64000
2019-04,경기도,양주시,이란,0.08000
2019-04,경기도,의정부시,브라질,26.33000
2019-04,경기도,성남시 중원구,필리핀,139.74000
2019-04,경기도,하남시,남아프리카공화국,0.44000
2019-04,경기도,수원시 장안구,필리핀,141.69000
2019-04,경기도,과천시,인도,80.54000
2019-04,경기도,부천시,말타,16.22000
2019-04,경기도,용인시 수지구,이탈리아,22.44000
2019-04,경기도,고양시 덕양구,아랍에미리트,4.48000
2019-04,경기도,고양시 일산동구,오스트리아,67.18000
2019-04,경기도,광명시,일본,4273.42000
2019-04,경기도,성남시 분당구,러시아,480.62000
2019-04,경기도,구리시,남아프리카공화국,4.01000
2019-04,경기도,동두천시,타이,425.39000
2019-04,경기도,안산시 단원구,뉴질랜드,45.80000
2019-04,경기도,안성시,독일,237.13000
2019-04,경기도,평택시,네덜란드,195.85000
2019-04,경기도,용인시 처인구,말타,0.00000
2019-04,경기도,안양시 동안구,스위스,47.54000
2019-04,경기도,의왕시,호주,113.34000
2019-04,경기도,이천시,베트남,570.68000
2019-04,경기도,파주시,괌,28.45000
2019-04,경기도,김포시,튀니지,0.13000
2019-04,경기도,수원시 권선구,오스트리아,19.45000
2019-04,경기도,시흥시,싱가포르,182.43000
2019-04,경기도,군포시,이탈리아,19.61000
2019-04,경기도,수원시 팔달구,중국,12621.71000
2019-04,경기도,용인시 기흥구,크로아티아,30.75000
2019-04,경기도,고양시 일산서구,이스라엘,0.21000
2019-04,경기도,여주시,스위스,181.91000
2019-04,경기도,가평군,괌,1.26000
2019-04,경기도,화성시,홍콩,916.34000
2019-04,경기도,광주시,마카오,35.37000
2019-04,경기도,포천시,우크라이나,1.13000
