기준년월,시도명,시군구명,국적명,인구평균수
2020-02,경기도,군포시,러시아,31.07000
2020-02,경기도,이천시,러시아,44.98000
2020-02,경기도,안산시 단원구,핀란드,8.62000
2020-02,경기도,고양시 일산동구,베트남,436.34000
2020-02,경기도,여주시,리투아니아,0.01000
2020-02,경기도,부천시,타이,472.46000
2020-02,경기도,파주시,필리핀,253.82000
2020-02,경기도,광주시,슬로바니아,0.53000
2020-02,경기도,수원시 권선구,스페인,0.61000
2020-02,경기도,성남시 수정구,캐나다,64.67000
2020-02,경기도,용인시 수지구,인도,68.46000
2020-02,경기도,화성시,캐나다,58.09000
2020-02,경기도,구리시,인도네시아,40.19000
2020-02,경기도,고양시 일산서구,홍콩,65.34000
2020-02,경기도,성남시 중원구,핀란드,0.09000
2020-02,경기도,양주시,마카오,4.14000
2020-02,경기도,용인시 기흥구,칠레,0.02000
2020-02,경기도,포천시,일본,300.73000
2020-02,경기도,남양주시,인도네시아,78.35000
2020-02,경기도,수원시 팔달구,일본,1128.71000
2020-02,경기도,용인시 처인구,프랑스,9.48000
2020-02,경기도,의정부시,이탈리아,0.05000
2020-02,경기도,가평군,네덜란드,3.24000
2020-02,경기도,동두천시,미국,7599.95000
2020-02,경기도,수원시 영통구,스위스,0.83000
2020-02,경기도,안산시 상록구,뉴질랜드,3.08000
2020-02,경기도,의왕시,이탈리아,13.27000
2020-02,경기도,안성시,스페인,3.81000
2020-02,경기도,평택시,슬로바니아,0.02000
2020-02,경기도,고양시 덕양구,홍콩,111.38000
2020-02,경기도,수원시 장안구,인도네시아,39.08000
2020-02,경기도,안양시 만안구,핀란드,0.02000
2020-02,경기도,과천시,스웨덴,0.27000
2020-02,경기도,성남시 분당구,에스토니아,1.31000
2020-02,경기도,연천군,룩셈부르크,0.64000
2020-02,경기도,광명시,말타,0.01000
2020-02,경기도,안양시 동안구,영국,13.83000
2020-02,경기도,시흥시,덴마크,0.00000
2020-02,경기도,오산시,라오스,20.87000
2020-02,경기도,하남시,크로아티아,0.12000
2020-02,경기도,양평군,인도네시아,43.73000
2020-02,경기도,김포시,방글라데시,0.04000
