기준년월,시도명,시군구명,국적명,인구평균수
2018-09,경기도,고양시 일산동구,사우디아라비아,
2018-09,경기도,수원시 팔달구,스위스,
2018-09,경기도,군포시,모로코,
2018-09,경기도,용인시 수지구,이탈리아,
2018-09,경기도,수원시 권선구,독일,
2018-09,경기도,의정부시,네덜란드,
2018-09,경기도,과천시,우즈베키스탄,
2018-09,경기도,시흥시,멕시코,
2018-09,경기도,오산시,라오스,
2018-09,경기도,용인시 처인구,벨기에,
2018-09,경기도,안양시 동안구,중화민국 (대만),
2018-09,경기도,광명시,프랑스,
2018-09,경기도,고양시 덕양구,필리핀,
2018-09,경기도,안산시 상록구,오스트리아,
2018-09,경기도,연천군,오스트리아,
2018-09,경기도,의왕시,스페인,
2018-09,경기도,동두천시,터키,
2018-09,경기도,고양시 일산서구,브라질,
2018-09,경기도,수원시 영통구,카타르,
2018-09,경기도,안성시,벨기에,
2018-09,경기도,용인시 기흥구,크로아티아,
2018-09,경기도,광주시,홍콩,
2018-09,경기도,구리시,인도네시아,
2018-09,경기도,양주시,스위스,
2018-09,경기도,평택시,오스트레일리아 (호주),
2018-09,경기도,여주시,이스라엘,
2018-09,경기도,남양주시,필리핀,
2018-09,경기도,하남시,타이,
2018-09,경기도,성남시 중원구,말레이시아,
2018-09,경기도,안산시 단원구,네덜란드,
2018-09,경기도,파주시,콜롬비아,
2018-09,경기도,성남시 분당구,크로아티아,
2018-09,경기도,화성시,노르웨이,
2018-09,경기도,김포시,아일랜드,
2018-09,경기도,성남시 수정구,필리핀,
2018-09,경기도,부천시,아랍에미리트,
2018-09,경기도,이천시,캐나다,
2018-09,경기도,안양시 만안구,스리랑카,
2018-09,경기도,수원시 장안구,아랍에미리트,
2018-09,경기도,양평군,타이,
2018-09,경기도,포천시,몽골,
2018-09,경기도,가평군,스위스,
