기준년월,시도명,시군구명,국적명,인구평균수
2019-02,경기도,고양시 일산동구,사우디아라비아,0.09000
2019-02,경기도,의왕시,그리스,1.57000
2019-02,경기도,과천시,네덜란드,5.26000
2019-02,경기도,안양시 만안구,싱가포르,27.16000
2019-02,경기도,수원시 영통구,캐나다,92.86000
2019-02,경기도,여주시,키르기스스탄,487.54000
2019-02,경기도,수원시 권선구,미국,691.21000
2019-02,경기도,안성시,스위스,4.40000
2019-02,경기도,군포시,이스라엘,0.33000
2019-02,경기도,연천군,러시아,25.91000
2019-02,경기도,광주시,덴마크,0.01000
2019-02,경기도,수원시 장안구,프랑스,23.55000
2019-02,경기도,김포시,체코,7.42000
2019-02,경기도,용인시 수지구,가나,52.02000
2019-02,경기도,파주시,프랑스,74.23000
2019-02,경기도,화성시,홍콩,485.73000
2019-02,경기도,구리시,영국,3.16000
2019-02,경기도,동두천시,터키,728.80000
2019-02,경기도,부천시,방글라데시,0.72000
2019-02,경기도,안양시 동안구,스페인,20.18000
2019-02,경기도,양평군,타이,347.37000
2019-02,경기도,포천시,일본,568.28000
2019-02,경기도,가평군,네덜란드,5.03000
2019-02,경기도,오산시,일본,899.98000
2019-02,경기도,용인시 처인구,베트남,1004.81000
2019-02,경기도,남양주시,중국,5477.20000
2019-02,경기도,의정부시,마카오,3.08000
2019-02,경기도,성남시 수정구,우크라이나,0.01000
2019-02,경기도,안산시 상록구,네덜란드,36.91000
2019-02,경기도,성남시 중원구,포르투갈,15.15000
2019-02,경기도,안산시 단원구,카타르,0.83000
2019-02,경기도,양주시,아일랜드,0.21000
2019-02,경기도,용인시 기흥구,아랍에미리트,8.28000
2019-02,경기도,평택시,터키,15.42000
2019-02,경기도,하남시,몽골,4.42000
2019-02,경기도,수원시 팔달구,영국,279.90000
2019-02,경기도,시흥시,괌,0.16000
2019-02,경기도,이천시,말레이시아,69.89000
2019-02,경기도,고양시 일산서구,말레이시아,93.98000
2019-02,경기도,성남시 분당구,러시아,811.00000
2019-02,경기도,고양시 덕양구,캐나다,142.74000
2019-02,경기도,광명시,마카오,0.24000
