기준년월,시도명,시군구명,국적명,인구평균수
2016-09,경기도,수원시 팔달구,터키,
2016-09,경기도,의정부시,마카오,
2016-09,경기도,양주시,홍콩,
2016-09,경기도,성남시 분당구,베트남,
2016-09,경기도,용인시 기흥구,쿠웨이트,
2016-09,경기도,오산시,오스트리아,
2016-09,경기도,하남시,영국,
2016-09,경기도,화성시,말레이시아,
2016-09,경기도,가평군,인도,
2016-09,경기도,고양시 일산동구,케냐,
2016-09,경기도,광명시,일본,
2016-09,경기도,군포시,캐나다,
2016-09,경기도,광주시,미국,
2016-09,경기도,안양시 동안구,베트남,
2016-09,경기도,파주시,마카오,
2016-09,경기도,안산시 상록구,스페인,
2016-09,경기도,양평군,노르웨이,
2016-09,경기도,용인시 수지구,중화인민공화국,
2016-09,경기도,안산시 단원구,멕시코,
2016-09,경기도,성남시 중원구,이집트,
2016-09,경기도,수원시 영통구,헝가리,
2016-09,경기도,안양시 만안구,포르투갈,
2016-09,경기도,포천시,캐나다,
2016-09,경기도,고양시 덕양구,스웨덴,
2016-09,경기도,구리시,아일랜드,
2016-09,경기도,성남시 수정구,중화인민공화국,
2016-09,경기도,시흥시,스페인,
2016-09,경기도,수원시 장안구,아랍에미리트,
2016-09,경기도,의왕시,싱가포르,
2016-09,경기도,고양시 일산서구,인도,
2016-09,경기도,과천시,홍콩,
2016-09,경기도,동두천시,필리핀,
2016-09,경기도,부천시,파키스탄,
2016-09,경기도,안성시,캐나다,
2016-09,경기도,이천시,일본,
2016-09,경기도,남양주시,이탈리아,
2016-09,경기도,연천군,필리핀,
2016-09,경기도,용인시 처인구,아이슬란드,
2016-09,경기도,여주시,독일,
2016-09,경기도,평택시,이스라엘,
2016-09,경기도,수원시 권선구,프랑스,
2016-09,경기도,김포시,말레이시아,
