기준년월,시도명,시군구명,국적명,인구평균수
2016-08,경기도,성남시 분당구,그리스,
2016-08,경기도,과천시,칠레,
2016-08,경기도,수원시 장안구,일본,
2016-08,경기도,고양시 덕양구,영국,
2016-08,경기도,용인시 처인구,아랍에미리트,
2016-08,경기도,성남시 중원구,카자흐스탄,
2016-08,경기도,안산시 상록구,폴란드,
2016-08,경기도,의왕시,포르투갈,
2016-08,경기도,고양시 일산서구,싱가포르,
2016-08,경기도,안성시,말레이시아,
2016-08,경기도,수원시 권선구,중화민국 (대만),
2016-08,경기도,용인시 기흥구,멕시코,
2016-08,경기도,포천시,뉴질랜드,
2016-08,경기도,수원시 영통구,오만,
2016-08,경기도,안산시 단원구,슬로바키아,
2016-08,경기도,안양시 만안구,독일,
2016-08,경기도,의정부시,아랍에미리트,
2016-08,경기도,부천시,프랑스,
2016-08,경기도,파주시,마카오,
2016-08,경기도,광명시,몽골,
2016-08,경기도,양주시,폴란드,
2016-08,경기도,광주시,헝가리,
2016-08,경기도,동두천시,멕시코,
2016-08,경기도,수원시 팔달구,말레이시아,
2016-08,경기도,시흥시,독일,
2016-08,경기도,양평군,말레이시아,
2016-08,경기도,연천군,독일,
2016-08,경기도,오산시,몽골,
2016-08,경기도,용인시 수지구,일본,
2016-08,경기도,구리시,카자흐스탄,
2016-08,경기도,안양시 동안구,스웨덴,
2016-08,경기도,이천시,덴마크,
2016-08,경기도,하남시,페루,
2016-08,경기도,고양시 일산동구,인도네시아,
2016-08,경기도,여주시,중화인민공화국,
2016-08,경기도,군포시,미국,
2016-08,경기도,남양주시,타이,
2016-08,경기도,성남시 수정구,덴마크,
2016-08,경기도,평택시,폴란드,
2016-08,경기도,화성시,필리핀,
2016-08,경기도,김포시,아르헨티나,
2016-08,경기도,가평군,독일,
