기준년월,시도명,시군구명,국적명,인구평균수
2019-06,경기도,수원시 장안구,슬로바키아,0.24000
2019-06,경기도,군포시,영국,11.21000
2019-06,경기도,안양시 만안구,카자흐스탄,25.23000
2019-06,경기도,의왕시,브라질,1.08000
2019-06,경기도,양평군,호주,168.44000
2019-06,경기도,의정부시,마카오,18.76000
2019-06,경기도,고양시 일산동구,뉴질랜드,89.56000
2019-06,경기도,안양시 동안구,싱가포르,207.33000
2019-06,경기도,하남시,러시아,122.99000
2019-06,경기도,과천시,피지,38.86000
2019-06,경기도,고양시 덕양구,체코,8.38000
2019-06,경기도,수원시 팔달구,파키스탄,3.81000
2019-06,경기도,성남시 분당구,이탈리아,462.72000
2019-06,경기도,포천시,중국,2535.88000
2019-06,경기도,광명시,중국,7846.15000
2019-06,경기도,부천시,아랍에미리트,4.62000
2019-06,경기도,남양주시,헝가리,11.58000
2019-06,경기도,수원시 영통구,폴란드,4.21000
2019-06,경기도,연천군,필리핀,1.76000
2019-06,경기도,파주시,캐나다,396.02000
2019-06,경기도,화성시,스페인,133.58000
2019-06,경기도,성남시 수정구,몽골,23.01000
2019-06,경기도,시흥시,일본,8383.48000
2019-06,경기도,안산시 단원구,홍콩,687.52000
2019-06,경기도,양주시,오스트리아,13.53000
2019-06,경기도,성남시 중원구,헝가리,17.57000
2019-06,경기도,가평군,네덜란드,11.97000
2019-06,경기도,이천시,이탈리아,28.69000
2019-06,경기도,구리시,필리핀,62.90000
2019-06,경기도,용인시 기흥구,쿠바,0.07000
2019-06,경기도,용인시 수지구,프랑스,46.57000
2019-06,경기도,고양시 일산서구,스리랑카,7.84000
2019-06,경기도,광주시,스페인,24.92000
2019-06,경기도,김포시,인도네시아,507.34000
2019-06,경기도,평택시,사우디아라비아,16.43000
2019-06,경기도,안성시,가나,7.73000
2019-06,경기도,용인시 처인구,미얀마,253.58000
2019-06,경기도,동두천시,가나,23.98000
2019-06,경기도,안산시 상록구,프랑스,143.89000
2019-06,경기도,오산시,타이,178.93000
2019-06,경기도,수원시 권선구,영국,58.91000
2019-06,경기도,여주시,독일,19.61000
