기준년월,시도명,시군구명,국적명,인구평균수
2015-08,경기도,과천시,이탈리아,
2015-08,경기도,고양시 일산서구,폴란드,
2015-08,경기도,안양시 만안구,캐나다,
2015-08,경기도,의왕시,사우디아라비아,
2015-08,경기도,양평군,영국,
2015-08,경기도,구리시,벨기에,
2015-08,경기도,수원시 팔달구,이탈리아,
2015-08,경기도,용인시 처인구,타이,
2015-08,경기도,김포시,러시아,
2015-08,경기도,수원시 권선구,뉴질랜드,
2015-08,경기도,수원시 영통구,멕시코,
2015-08,경기도,여주시,네덜란드,
2015-08,경기도,시흥시,이스라엘,
2015-08,경기도,고양시 덕양구,캐나다,
2015-08,경기도,안양시 동안구,독일,
2015-08,경기도,용인시 수지구,핀란드,
2015-08,경기도,평택시,중화민국 (대만),
2015-08,경기도,하남시,영국,
2015-08,경기도,고양시 일산동구,일본,
2015-08,경기도,남양주시,미국,
2015-08,경기도,수원시 장안구,아랍에미리트,
2015-08,경기도,동두천시,독일,
2015-08,경기도,성남시 수정구,필리핀,
2015-08,경기도,안성시,폴란드,
2015-08,경기도,연천군,필리핀,
2015-08,경기도,파주시,홍콩,
2015-08,경기도,부천시,필리핀,
2015-08,경기도,성남시 중원구,이스라엘,
2015-08,경기도,의정부시,베트남,
2015-08,경기도,이천시,이스라엘,
2015-08,경기도,광명시,아랍에미리트,
2015-08,경기도,오산시,아랍에미리트,
2015-08,경기도,포천시,네덜란드,
2015-08,경기도,광주시,이스라엘,
2015-08,경기도,안산시 단원구,그리스,
2015-08,경기도,양주시,영국,
2015-08,경기도,화성시,아일랜드,
2015-08,경기도,안산시 상록구,이스라엘,
2015-08,경기도,가평군,영국,
2015-08,경기도,용인시 기흥구,헝가리,
2015-08,경기도,군포시,오스트리아,
2015-08,경기도,성남시 분당구,러시아,
