기준년월,시도명,시군구명,국적명,인구평균수
2016-10,경기도,안양시 동안구,아일랜드,
2016-10,경기도,의왕시,뉴질랜드,
2016-10,경기도,구리시,스페인,
2016-10,경기도,파주시,우크라이나,
2016-10,경기도,양평군,네덜란드,
2016-10,경기도,하남시,싱가포르,
2016-10,경기도,남양주시,리투아니아,
2016-10,경기도,이천시,독일,
2016-10,경기도,포천시,타이,
2016-10,경기도,화성시,남아프리카 공화국,
2016-10,경기도,의정부시,사우디아라비아,
2016-10,경기도,성남시 수정구,스리랑카,
2016-10,경기도,과천시,우크라이나,
2016-10,경기도,성남시 분당구,스리랑카,
2016-10,경기도,수원시 영통구,노르웨이,
2016-10,경기도,동두천시,스리랑카,
2016-10,경기도,안산시 상록구,타이,
2016-10,경기도,양주시,남아프리카 공화국,
2016-10,경기도,광주시,체코,
2016-10,경기도,부천시,노르웨이,
2016-10,경기도,용인시 기흥구,마케도니아 공화국,
2016-10,경기도,안양시 만안구,그리스,
2016-10,경기도,평택시,사우디아라비아,
2016-10,경기도,고양시 덕양구,러시아,
2016-10,경기도,군포시,체코,
2016-10,경기도,안성시,중화민국 (대만),
2016-10,경기도,성남시 중원구,중화민국 (대만),
2016-10,경기도,가평군,독일,
2016-10,경기도,고양시 일산서구,카자흐스탄,
2016-10,경기도,수원시 팔달구,스웨덴,
2016-10,경기도,여주시,홍콩,
2016-10,경기도,고양시 일산동구,뉴질랜드,
2016-10,경기도,수원시 권선구,인도,
2016-10,경기도,연천군,일본,
2016-10,경기도,용인시 처인구,마카오,
2016-10,경기도,광명시,싱가포르,
2016-10,경기도,오산시,벨기에,
2016-10,경기도,안산시 단원구,베트남,
2016-10,경기도,수원시 장안구,스리랑카,
2016-10,경기도,용인시 수지구,볼리비아,
2016-10,경기도,김포시,스위스,
2016-10,경기도,시흥시,스페인,
