기준년월,시도명,시군구명,국적명,인구평균수
2019-12,경기도,고양시 일산동구,헝가리,3.32000
2019-12,경기도,용인시 기흥구,가나,1.38000
2019-12,경기도,광주시,홍콩,508.89000
2019-12,경기도,과천시,슬로바키아,0.15000
2019-12,경기도,오산시,폴란드,5.96000
2019-12,경기도,광명시,일본,3038.89000
2019-12,경기도,안성시,오스트리아,10.03000
2019-12,경기도,남양주시,스위스,0.94000
2019-12,경기도,부천시,에스토니아,0.29000
2019-12,경기도,성남시 분당구,영국,1040.49000
2019-12,경기도,군포시,이탈리아,3.94000
2019-12,경기도,시흥시,방글라데시,1.37000
2019-12,경기도,하남시,타이,107.15000
2019-12,경기도,안산시 단원구,네팔,429.88000
2019-12,경기도,양주시,아랍에미리트,1.32000
2019-12,경기도,안양시 동안구,타이,672.16000
2019-12,경기도,이천시,터키,6.77000
2019-12,경기도,안양시 만안구,말레이시아,66.33000
2019-12,경기도,양평군,스페인,2.41000
2019-12,경기도,용인시 수지구,우즈베키스탄,53.66000
2019-12,경기도,화성시,파키스탄,19.28000
2019-12,경기도,수원시 권선구,독일,45.95000
2019-12,경기도,여주시,미국,297.45000
2019-12,경기도,의정부시,브라질,0.00000
2019-12,경기도,평택시,이스라엘,1.13000
2019-12,경기도,의왕시,인도,184.97000
2019-12,경기도,김포시,우즈베키스탄,62.93000
2019-12,경기도,구리시,방글라데시,6.39000
2019-12,경기도,동두천시,이탈리아,5.21000
2019-12,경기도,연천군,말레이시아,65.05000
2019-12,경기도,성남시 수정구,필리핀,129.92000
2019-12,경기도,성남시 중원구,필리핀,31.44000
2019-12,경기도,수원시 영통구,카자흐스탄,14.39000
2019-12,경기도,수원시 장안구,호주,260.53000
2019-12,경기도,수원시 팔달구,괌,4.90000
2019-12,경기도,안산시 상록구,그리스,0.00000
2019-12,경기도,포천시,스위스,0.01000
2019-12,경기도,용인시 처인구,벨로루시,0.95000
2019-12,경기도,고양시 덕양구,스위스,5.81000
2019-12,경기도,고양시 일산서구,스리랑카,5.53000
2019-12,경기도,가평군,남아프리카공화국,3.71000
2019-12,경기도,파주시,대만,1347.35000
