기준년월,시도명,시군구명,국적명,인구평균수
2018-06,경기도,부천시,이탈리아,
2018-06,경기도,구리시,괌,
2018-06,경기도,수원시 권선구,마카오,
2018-06,경기도,광명시,싱가포르,
2018-06,경기도,안양시 동안구,미국,
2018-06,경기도,수원시 영통구,헝가리,
2018-06,경기도,안양시 만안구,말레이시아,
2018-06,경기도,하남시,루마니아,
2018-06,경기도,광주시,남아프리카 공화국,
2018-06,경기도,성남시 중원구,캄보디아,
2018-06,경기도,고양시 일산서구,체코,
2018-06,경기도,오산시,노르웨이,
2018-06,경기도,양주시,캐나다,
2018-06,경기도,용인시 처인구,캄보디아,
2018-06,경기도,가평군,인도네시아,
2018-06,경기도,연천군,오스트레일리아 (호주),
2018-06,경기도,고양시 덕양구,벨기에,
2018-06,경기도,화성시,이란,
2018-06,경기도,과천시,인도,
2018-06,경기도,수원시 장안구,괌,
2018-06,경기도,안산시 단원구,필리핀,
2018-06,경기도,의정부시,싱가포르,
2018-06,경기도,이천시,오스트레일리아 (호주),
2018-06,경기도,남양주시,캄보디아,
2018-06,경기도,성남시 분당구,쿠웨이트,
2018-06,경기도,김포시,벨기에,
2018-06,경기도,수원시 팔달구,우즈베키스탄,
2018-06,경기도,동두천시,스리랑카,
2018-06,경기도,성남시 수정구,중화인민공화국,
2018-06,경기도,포천시,남아프리카 공화국,
2018-06,경기도,용인시 기흥구,리투아니아,
2018-06,경기도,평택시,크로아티아,
2018-06,경기도,시흥시,아랍에미리트,
2018-06,경기도,안성시,오스트리아,
2018-06,경기도,안산시 상록구,터키,
2018-06,경기도,의왕시,카타르,
2018-06,경기도,고양시 일산동구,오스트리아,
2018-06,경기도,용인시 수지구,남아프리카 공화국,
2018-06,경기도,파주시,괌,
2018-06,경기도,양평군,사우디아라비아,
2018-06,경기도,군포시,이라크,
2018-06,경기도,여주시,사우디아라비아,
