기준년월,시도명,시군구명,국적명,인구평균수
2016-11,경기도,군포시,독일,
2016-11,경기도,용인시 수지구,덴마크,
2016-11,경기도,김포시,칠레,
2016-11,경기도,광명시,방글라데시,
2016-11,경기도,성남시 분당구,슬로바키아,
2016-11,경기도,광주시,오스트리아,
2016-11,경기도,안양시 동안구,스페인,
2016-11,경기도,의왕시,벨기에,
2016-11,경기도,화성시,브라질,
2016-11,경기도,가평군,사우디아라비아,
2016-11,경기도,이천시,인도네시아,
2016-11,경기도,고양시 일산동구,중화인민공화국,
2016-11,경기도,파주시,중화인민공화국,
2016-11,경기도,평택시,중화민국 (대만),
2016-11,경기도,하남시,라트비아,
2016-11,경기도,과천시,멕시코,
2016-11,경기도,수원시 팔달구,마카오,
2016-11,경기도,안산시 단원구,방글라데시,
2016-11,경기도,고양시 덕양구,카타르,
2016-11,경기도,성남시 수정구,이스라엘,
2016-11,경기도,여주시,스페인,
2016-11,경기도,시흥시,레바논,
2016-11,경기도,양평군,오스트레일리아 (호주),
2016-11,경기도,연천군,베트남,
2016-11,경기도,오산시,멕시코,
2016-11,경기도,안양시 만안구,미국,
2016-11,경기도,용인시 처인구,루마니아,
2016-11,경기도,성남시 중원구,포르투갈,
2016-11,경기도,수원시 영통구,남아프리카 공화국,
2016-11,경기도,양주시,인도네시아,
2016-11,경기도,의정부시,스리랑카,
2016-11,경기도,고양시 일산서구,러시아,
2016-11,경기도,안산시 상록구,방글라데시,
2016-11,경기도,포천시,홍콩,
2016-11,경기도,남양주시,러시아,
2016-11,경기도,동두천시,이탈리아,
2016-11,경기도,수원시 장안구,아랍에미리트,
2016-11,경기도,부천시,브루나이,
2016-11,경기도,수원시 권선구,아랍에미리트,
2016-11,경기도,용인시 기흥구,불가리아,
2016-11,경기도,구리시,키르기스스탄,
2016-11,경기도,안성시,이집트,
