기준년월,시도명,시군구명,국적명,인구평균수
2018-08,경기도,광명시,쿠웨이트,
2018-08,경기도,파주시,마카오,
2018-08,경기도,남양주시,스웨덴,
2018-08,경기도,안양시 동안구,폴란드,
2018-08,경기도,동두천시,타이,
2018-08,경기도,양주시,인도,
2018-08,경기도,양평군,스리랑카,
2018-08,경기도,이천시,사우디아라비아,
2018-08,경기도,포천시,네덜란드,
2018-08,경기도,고양시 일산서구,인도네시아,
2018-08,경기도,성남시 중원구,미국,
2018-08,경기도,성남시 분당구,캐나다,
2018-08,경기도,안산시 상록구,프랑스,
2018-08,경기도,용인시 수지구,브라질,
2018-08,경기도,수원시 권선구,미국,
2018-08,경기도,수원시 장안구,이탈리아,
2018-08,경기도,화성시,체코,
2018-08,경기도,과천시,카타르,
2018-08,경기도,용인시 처인구,필리핀,
2018-08,경기도,의정부시,미국,
2018-08,경기도,광주시,룩셈부르크,
2018-08,경기도,여주시,남아프리카 공화국,
2018-08,경기도,김포시,라오스,
2018-08,경기도,수원시 영통구,베트남,
2018-08,경기도,부천시,칠레,
2018-08,경기도,구리시,카타르,
2018-08,경기도,의왕시,아랍에미리트,
2018-08,경기도,오산시,스리랑카,
2018-08,경기도,평택시,폴란드,
2018-08,경기도,가평군,쿠웨이트,
2018-08,경기도,성남시 수정구,사우디아라비아,
2018-08,경기도,연천군,스페인,
2018-08,경기도,군포시,중화인민공화국,
2018-08,경기도,안산시 단원구,마카오,
2018-08,경기도,안양시 만안구,중화인민공화국,
2018-08,경기도,고양시 일산동구,카자흐스탄,
2018-08,경기도,시흥시,타지키스탄,
2018-08,경기도,고양시 덕양구,칠레,
2018-08,경기도,안성시,방글라데시,
2018-08,경기도,수원시 팔달구,마카오,
2018-08,경기도,하남시,크로아티아,
2018-08,경기도,용인시 기흥구,포르투갈,
