기준년월,시도명,시군구명,국적명,인구평균수
2020-06,경기도,부천시,이스라엘,0.37000
2020-06,경기도,안산시 상록구,슬로바키아,0.17000
2020-06,경기도,성남시 수정구,홍콩,0.65000
2020-06,경기도,수원시 영통구,스웨덴,2.17000
2020-06,경기도,포천시,아랍에미리트,0.01000
2020-06,경기도,안산시 단원구,뉴질랜드,2.35000
2020-06,경기도,수원시 장안구,타이,3.09000
2020-06,경기도,안양시 만안구,독일,16.67000
2020-06,경기도,파주시,방글라데시,7.02000
2020-06,경기도,성남시 중원구,스웨덴,0.10000
2020-06,경기도,용인시 처인구,영국,6.07000
2020-06,경기도,시흥시,슬로바키아,0.08000
2020-06,경기도,수원시 권선구,인도,120.08000
2020-06,경기도,연천군,이탈리아,0.59000
2020-06,경기도,고양시 일산동구,타이,21.95000
2020-06,경기도,과천시,포르투갈,0.27000
2020-06,경기도,광명시,사우디아라비아,0.25000
2020-06,경기도,양주시,이스라엘,0.13000
2020-06,경기도,양평군,네덜란드,5.75000
2020-06,경기도,여주시,필리핀,62.77000
2020-06,경기도,의정부시,중국,158.34000
2020-06,경기도,가평군,네덜란드,4.42000
2020-06,경기도,군포시,쿠웨이트,0.00000
2020-06,경기도,안성시,독일,43.00000
2020-06,경기도,용인시 기흥구,크로아티아,11.51000
2020-06,경기도,안양시 동안구,룩셈부르크,0.11000
2020-06,경기도,고양시 일산서구,루마니아,5.72000
2020-06,경기도,남양주시,몽골,0.69000
2020-06,경기도,용인시 수지구,핀란드,0.66000
2020-06,경기도,평택시,덴마크,0.47000
2020-06,경기도,김포시,크로아티아,0.06000
2020-06,경기도,오산시,러시아,4.07000
2020-06,경기도,화성시,싱가포르,2.75000
2020-06,경기도,구리시,슬로바키아,0.00000
2020-06,경기도,이천시,이스라엘,0.56000
2020-06,경기도,하남시,프랑스,0.40000
2020-06,경기도,수원시 팔달구,캐나다,28.80000
2020-06,경기도,성남시 분당구,스페인,2.60000
2020-06,경기도,광주시,이탈리아,3.96000
2020-06,경기도,동두천시,오스트리아,0.67000
2020-06,경기도,고양시 덕양구,아이슬란드,0.00000
2020-06,경기도,의왕시,타이,6.90000
