기준년월,시도명,시군구명,국적명,인구평균수
2015-10,경기도,고양시 일산서구,스웨덴,
2015-10,경기도,하남시,사우디아라비아,
2015-10,경기도,안산시 상록구,홍콩,
2015-10,경기도,성남시 중원구,체코,
2015-10,경기도,오산시,모리셔스,
2015-10,경기도,용인시 기흥구,남아프리카 공화국,
2015-10,경기도,성남시 수정구,홍콩,
2015-10,경기도,수원시 팔달구,인도네시아,
2015-10,경기도,의정부시,필리핀,
2015-10,경기도,고양시 덕양구,칠레,
2015-10,경기도,광주시,일본,
2015-10,경기도,수원시 영통구,브라질,
2015-10,경기도,수원시 장안구,아랍에미리트,
2015-10,경기도,시흥시,나이지리아,
2015-10,경기도,여주시,일본,
2015-10,경기도,고양시 일산동구,네덜란드,
2015-10,경기도,안성시,필리핀,
2015-10,경기도,안양시 만안구,세네갈,
2015-10,경기도,용인시 수지구,카타르,
2015-10,경기도,용인시 처인구,오만,
2015-10,경기도,이천시,스웨덴,
2015-10,경기도,과천시,말레이시아,
2015-10,경기도,남양주시,그리스,
2015-10,경기도,파주시,스리랑카,
2015-10,경기도,평택시,룩셈부르크,
2015-10,경기도,군포시,아일랜드,
2015-10,경기도,포천시,체코,
2015-10,경기도,동두천시,홍콩,
2015-10,경기도,안산시 단원구,오스트리아,
2015-10,경기도,수원시 권선구,불가리아,
2015-10,경기도,안양시 동안구,터키,
2015-10,경기도,연천군,중화민국 (대만),
2015-10,경기도,김포시,프랑스,
2015-10,경기도,부천시,콩고 민주 공화국,
2015-10,경기도,양평군,스리랑카,
2015-10,경기도,의왕시,노르웨이,
2015-10,경기도,화성시,벨기에,
2015-10,경기도,구리시,인도,
2015-10,경기도,양주시,필리핀,
2015-10,경기도,광명시,영국,
2015-10,경기도,가평군,중화인민공화국,
2015-10,경기도,성남시 분당구,이스라엘,
