기준년월,시도명,시군구명,국적명,인구평균수
2020-03,경기도,이천시,타이,58.53000
2020-03,경기도,연천군,인도,0.00000
2020-03,경기도,고양시 덕양구,체코,3.29000
2020-03,경기도,양평군,스위스,0.02000
2020-03,경기도,과천시,스리랑카,0.09000
2020-03,경기도,하남시,남아프리카공화국,0.00000
2020-03,경기도,화성시,오만,1.47000
2020-03,경기도,고양시 일산동구,미국,279.02000
2020-03,경기도,광주시,영국,4.95000
2020-03,경기도,동두천시,미국,3503.67000
2020-03,경기도,성남시 분당구,러시아,124.93000
2020-03,경기도,부천시,포르투갈,0.11000
2020-03,경기도,시흥시,키프로스,0.95000
2020-03,경기도,오산시,싱가포르,1.01000
2020-03,경기도,파주시,우크라이나,8.18000
2020-03,경기도,구리시,카타르,0.00000
2020-03,경기도,수원시 장안구,필리핀,26.46000
2020-03,경기도,안산시 상록구,인도,7.79000
2020-03,경기도,수원시 팔달구,포르투갈,0.05000
2020-03,경기도,안양시 동안구,오스트리아,3.68000
2020-03,경기도,안산시 단원구,체코,9.24000
2020-03,경기도,의왕시,브라질,1.94000
2020-03,경기도,군포시,인도네시아,15.42000
2020-03,경기도,여주시,그리스,0.00000
2020-03,경기도,가평군,일본,5.81000
2020-03,경기도,용인시 기흥구,에스토니아,0.34000
2020-03,경기도,광명시,브라질,3.76000
2020-03,경기도,용인시 처인구,터키,1.29000
2020-03,경기도,성남시 중원구,싱가포르,1.88000
2020-03,경기도,안양시 만안구,아일랜드,3.79000
2020-03,경기도,용인시 수지구,싱가포르,2.23000
2020-03,경기도,평택시,아랍에미리트,0.10000
2020-03,경기도,남양주시,일본,62.16000
2020-03,경기도,수원시 영통구,포르투갈,1.88000
2020-03,경기도,포천시,오스트리아,1.29000
2020-03,경기도,고양시 일산서구,레바논,0.16000
2020-03,경기도,안성시,스리랑카,63.38000
2020-03,경기도,김포시,호주,15.29000
2020-03,경기도,성남시 수정구,뉴질랜드,4.27000
2020-03,경기도,양주시,이탈리아,1.36000
2020-03,경기도,의정부시,몽골,0.00000
2020-03,경기도,수원시 권선구,덴마크,0.27000
