기준년월,시도명,시군구명,국적명,인구평균수
2018-04,경기도,안산시 상록구,덴마크,
2018-04,경기도,가평군,베트남,
2018-04,경기도,오산시,괌,
2018-04,경기도,고양시 일산서구,벨라루스,
2018-04,경기도,의왕시,이스라엘,
2018-04,경기도,과천시,인도네시아,
2018-04,경기도,안양시 동안구,이탈리아,
2018-04,경기도,이천시,캐나다,
2018-04,경기도,광주시,캄보디아,
2018-04,경기도,동두천시,말레이시아,
2018-04,경기도,성남시 분당구,마카오,
2018-04,경기도,수원시 권선구,홍콩,
2018-04,경기도,양주시,오스트레일리아 (호주),
2018-04,경기도,포천시,인도네시아,
2018-04,경기도,군포시,룩셈부르크,
2018-04,경기도,안양시 만안구,미국,
2018-04,경기도,의정부시,영국,
2018-04,경기도,부천시,러시아,
2018-04,경기도,수원시 팔달구,오스트리아,
2018-04,경기도,평택시,이란,
2018-04,경기도,광명시,폴란드,
2018-04,경기도,시흥시,뉴질랜드,
2018-04,경기도,안성시,뉴질랜드,
2018-04,경기도,연천군,미국,
2018-04,경기도,용인시 기흥구,미얀마,
2018-04,경기도,수원시 영통구,러시아,
2018-04,경기도,용인시 수지구,룩셈부르크,
2018-04,경기도,파주시,인도네시아,
2018-04,경기도,고양시 일산동구,헝가리,
2018-04,경기도,안산시 단원구,남아프리카 공화국,
2018-04,경기도,김포시,몰디브,
2018-04,경기도,성남시 중원구,오스트레일리아 (호주),
2018-04,경기도,고양시 덕양구,브라질,
2018-04,경기도,구리시,인도,
2018-04,경기도,하남시,타이,
2018-04,경기도,양평군,브라질,
2018-04,경기도,용인시 처인구,몽골,
2018-04,경기도,남양주시,미국,
2018-04,경기도,여주시,카타르,
2018-04,경기도,화성시,벨기에,
2018-04,경기도,성남시 수정구,벨기에,
2018-04,경기도,수원시 장안구,라오스,
