기준년월,시도명,시군구명,국적명,인구평균수
2018-12,경기도,안산시 상록구,오스트리아,
2018-12,경기도,연천군,네덜란드,
2018-12,경기도,양평군,스페인,
2018-12,경기도,고양시 일산서구,오스트리아,
2018-12,경기도,용인시 수지구,스위스,
2018-12,경기도,안양시 동안구,아랍에미리트,
2018-12,경기도,여주시,오스트리아,
2018-12,경기도,하남시,미얀마,
2018-12,경기도,동두천시,오스트레일리아 (호주),
2018-12,경기도,부천시,이스라엘,
2018-12,경기도,수원시 장안구,오스트리아,
2018-12,경기도,시흥시,베트남,
2018-12,경기도,안산시 단원구,카자흐스탄,
2018-12,경기도,의정부시,헝가리,
2018-12,경기도,성남시 수정구,브라질,
2018-12,경기도,수원시 권선구,핀란드,
2018-12,경기도,가평군,중화민국 (대만),
2018-12,경기도,용인시 처인구,라오스,
2018-12,경기도,성남시 분당구,쿠웨이트,
2018-12,경기도,수원시 영통구,파키스탄,
2018-12,경기도,용인시 기흥구,쿠웨이트,
2018-12,경기도,파주시,스페인,
2018-12,경기도,포천시,네덜란드,
2018-12,경기도,고양시 덕양구,이스라엘,
2018-12,경기도,구리시,칠레,
2018-12,경기도,과천시,말레이시아,
2018-12,경기도,수원시 팔달구,필리핀,
2018-12,경기도,광명시,핀란드,
2018-12,경기도,남양주시,오스트리아,
2018-12,경기도,양주시,인도,
2018-12,경기도,광주시,아일랜드,
2018-12,경기도,군포시,슬로바키아,
2018-12,경기도,성남시 중원구,룩셈부르크,
2018-12,경기도,안양시 만안구,이스라엘,
2018-12,경기도,평택시,몽골,
2018-12,경기도,김포시,카자흐스탄,
2018-12,경기도,안성시,슬로바키아,
2018-12,경기도,오산시,말레이시아,
2018-12,경기도,화성시,칠레,
2018-12,경기도,의왕시,프랑스,
2018-12,경기도,고양시 일산동구,아랍에미리트,
2018-12,경기도,이천시,독일,
