기준년월,시도명,시군구명,국적명,인구평균수
2018-11,경기도,안산시 상록구,터키,
2018-11,경기도,평택시,라오스,
2018-11,경기도,안성시,중화인민공화국,
2018-11,경기도,부천시,미얀마,
2018-11,경기도,양주시,필리핀,
2018-11,경기도,파주시,스위스,
2018-11,경기도,포천시,스리랑카,
2018-11,경기도,하남시,불가리아,
2018-11,경기도,화성시,덴마크,
2018-11,경기도,용인시 수지구,슬로바키아,
2018-11,경기도,수원시 영통구,필리핀,
2018-11,경기도,가평군,라오스,
2018-11,경기도,연천군,미국,
2018-11,경기도,오산시,오스트레일리아 (호주),
2018-11,경기도,의왕시,모로코,
2018-11,경기도,의정부시,이탈리아,
2018-11,경기도,이천시,싱가포르,
2018-11,경기도,고양시 덕양구,슬로바키아,
2018-11,경기도,광주시,스웨덴,
2018-11,경기도,남양주시,싱가포르,
2018-11,경기도,성남시 중원구,인도,
2018-11,경기도,고양시 일산동구,폴란드,
2018-11,경기도,과천시,이스라엘,
2018-11,경기도,성남시 분당구,사우디아라비아,
2018-11,경기도,수원시 권선구,스웨덴,
2018-11,경기도,동두천시,인도,
2018-11,경기도,시흥시,캐나다,
2018-11,경기도,안양시 만안구,프랑스,
2018-11,경기도,용인시 처인구,콜롬비아,
2018-11,경기도,성남시 수정구,싱가포르,
2018-11,경기도,수원시 팔달구,터키,
2018-11,경기도,양평군,독일,
2018-11,경기도,고양시 일산서구,스리랑카,
2018-11,경기도,안양시 동안구,마카오,
2018-11,경기도,안산시 단원구,칠레,
2018-11,경기도,여주시,남아프리카 공화국,
2018-11,경기도,수원시 장안구,오스트리아,
2018-11,경기도,용인시 기흥구,리투아니아,
2018-11,경기도,구리시,이스라엘,
2018-11,경기도,김포시,캐나다,
2018-11,경기도,광명시,이집트,
2018-11,경기도,군포시,가나,
