기준년월,시도명,시군구명,국적명,인구평균수
2015-12,경기도,과천시,프랑스,
2015-12,경기도,남양주시,인도,
2015-12,경기도,군포시,사우디아라비아,
2015-12,경기도,여주시,타이,
2015-12,경기도,성남시 분당구,슬로바키아,
2015-12,경기도,수원시 영통구,스위스,
2015-12,경기도,용인시 기흥구,크로아티아,
2015-12,경기도,용인시 수지구,핀란드,
2015-12,경기도,파주시,홍콩,
2015-12,경기도,광명시,슬로바키아,
2015-12,경기도,가평군,아루바,
2015-12,경기도,시흥시,마카오,
2015-12,경기도,고양시 일산동구,스위스,
2015-12,경기도,양평군,뉴질랜드,
2015-12,경기도,고양시 덕양구,칠레,
2015-12,경기도,동두천시,미국,
2015-12,경기도,안산시 상록구,인도,
2015-12,경기도,김포시,우즈베키스탄,
2015-12,경기도,수원시 장안구,중화민국 (대만),
2015-12,경기도,안양시 동안구,타이,
2015-12,경기도,의왕시,영국,
2015-12,경기도,광주시,체코,
2015-12,경기도,부천시,캄보디아,
2015-12,경기도,구리시,일본,
2015-12,경기도,성남시 중원구,홍콩,
2015-12,경기도,고양시 일산서구,괌,
2015-12,경기도,연천군,프랑스,
2015-12,경기도,안산시 단원구,마카오,
2015-12,경기도,의정부시,사우디아라비아,
2015-12,경기도,양주시,터키,
2015-12,경기도,용인시 처인구,중화민국 (대만),
2015-12,경기도,포천시,필리핀,
2015-12,경기도,수원시 권선구,카타르,
2015-12,경기도,안성시,핀란드,
2015-12,경기도,하남시,알제리,
2015-12,경기도,수원시 팔달구,이탈리아,
2015-12,경기도,화성시,카자흐스탄,
2015-12,경기도,이천시,인도네시아,
2015-12,경기도,안양시 만안구,프랑스,
2015-12,경기도,성남시 수정구,오스트리아,
2015-12,경기도,오산시,캐나다,
2015-12,경기도,평택시,일본,
