기준년월,시도명,시군구명,국적명,인구평균수
2020-05,경기도,동두천시,우즈베키스탄,0.43000
2020-05,경기도,안산시 단원구,스웨덴,0.40000
2020-05,경기도,성남시 수정구,헝가리,0.20000
2020-05,경기도,구리시,오스트리아,3.37000
2020-05,경기도,의정부시,브라질,3.61000
2020-05,경기도,수원시 장안구,우즈베키스탄,0.42000
2020-05,경기도,의왕시,미국,135.46000
2020-05,경기도,평택시,에스토니아,0.16000
2020-05,경기도,고양시 일산동구,우루과이,0.22000
2020-05,경기도,광주시,싱가포르,0.64000
2020-05,경기도,고양시 덕양구,호주,8.74000
2020-05,경기도,안산시 상록구,터키,0.51000
2020-05,경기도,오산시,중국,160.25000
2020-05,경기도,안양시 만안구,미얀마,1.33000
2020-05,경기도,용인시 기흥구,카타르,0.05000
2020-05,경기도,과천시,러시아,55.71000
2020-05,경기도,군포시,리투아니아,0.03000
2020-05,경기도,수원시 권선구,방글라데시,0.85000
2020-05,경기도,수원시 영통구,파나마,0.46000
2020-05,경기도,양주시,대만,0.80000
2020-05,경기도,양평군,스페인,0.00000
2020-05,경기도,하남시,몰디브,0.01000
2020-05,경기도,김포시,대만,7.19000
2020-05,경기도,성남시 중원구,리투아니아,0.72000
2020-05,경기도,용인시 처인구,브루나이,0.29000
2020-05,경기도,시흥시,대만,7.88000
2020-05,경기도,화성시,영국,45.24000
2020-05,경기도,여주시,스위스,1.28000
2020-05,경기도,용인시 수지구,괌,0.04000
2020-05,경기도,광명시,이스라엘,0.03000
2020-05,경기도,안양시 동안구,마카오,0.04000
2020-05,경기도,이천시,남아프리카공화국,0.40000
2020-05,경기도,부천시,인도네시아,55.42000
2020-05,경기도,수원시 팔달구,브라질,2.23000
2020-05,경기도,연천군,프랑스,0.30000
2020-05,경기도,남양주시,인도,10.04000
2020-05,경기도,성남시 분당구,스리랑카,20.28000
2020-05,경기도,가평군,네덜란드,4.35000
2020-05,경기도,안성시,노르웨이,0.20000
2020-05,경기도,파주시,가나,21.75000
2020-05,경기도,고양시 일산서구,룩셈부르크,0.00000
2020-05,경기도,포천시,스페인,5.89000
