기준년월,시도명,시군구명,국적명,인구평균수
2019-07,경기도,성남시 중원구,스페인,4.67000
2019-07,경기도,군포시,터키,54.11000
2019-07,경기도,수원시 팔달구,말레이시아,20.24000
2019-07,경기도,포천시,남아프리카공화국,0.23000
2019-07,경기도,의정부시,오스트리아,36.42000
2019-07,경기도,가평군,네덜란드,12.20000
2019-07,경기도,수원시 영통구,폴란드,378.87000
2019-07,경기도,안성시,미국,332.71000
2019-07,경기도,용인시 처인구,네덜란드,64.73000
2019-07,경기도,파주시,카자흐스탄,0.06000
2019-07,경기도,오산시,마카오,0.50000
2019-07,경기도,광주시,오스트리아,36.41000
2019-07,경기도,남양주시,괌,72.08000
2019-07,경기도,수원시 장안구,덴마크,3.15000
2019-07,경기도,시흥시,대만,825.69000
2019-07,경기도,광명시,카자흐스탄,17.59000
2019-07,경기도,연천군,말레이시아,342.27000
2019-07,경기도,동두천시,캐나다,33.89000
2019-07,경기도,안양시 동안구,아일랜드,29.92000
2019-07,경기도,안양시 만안구,슬로바키아,2.77000
2019-07,경기도,여주시,미국,544.77000
2019-07,경기도,하남시,카타르,2.00000
2019-07,경기도,고양시 덕양구,이탈리아,12.75000
2019-07,경기도,고양시 일산동구,캄보디아,0.20000
2019-07,경기도,성남시 수정구,이스라엘,4.85000
2019-07,경기도,부천시,슬로바키아,28.92000
2019-07,경기도,용인시 수지구,스페인,11.54000
2019-07,경기도,의왕시,카자흐스탄,3.13000
2019-07,경기도,화성시,홍콩,2223.17000
2019-07,경기도,안산시 단원구,중국,34472.37000
2019-07,경기도,용인시 기흥구,프랑스,293.67000
2019-07,경기도,김포시,러시아,1102.47000
2019-07,경기도,수원시 권선구,필리핀,181.09000
2019-07,경기도,과천시,오스트리아,5.12000
2019-07,경기도,양주시,브라질,44.69000
2019-07,경기도,양평군,뉴질랜드,1.92000
2019-07,경기도,구리시,몽골,216.20000
2019-07,경기도,고양시 일산서구,이탈리아,8.74000
2019-07,경기도,성남시 분당구,라오스,10.04000
2019-07,경기도,평택시,홍콩,352.98000
2019-07,경기도,안산시 상록구,헝가리,0.36000
2019-07,경기도,이천시,호주,185.95000
