기준년월,시도명,시군구명,국적명,인구평균수
2017-03,경기도,군포시,오스트레일리아 (호주),
2017-03,경기도,양평군,마카오,
2017-03,경기도,안양시 만안구,노르웨이,
2017-03,경기도,고양시 덕양구,아랍에미리트,
2017-03,경기도,여주시,남아프리카 공화국,
2017-03,경기도,고양시 일산동구,싱가포르,
2017-03,경기도,남양주시,인도,
2017-03,경기도,용인시 수지구,인도,
2017-03,경기도,김포시,카자흐스탄,
2017-03,경기도,수원시 영통구,싱가포르,
2017-03,경기도,성남시 분당구,슬로바키아,
2017-03,경기도,이천시,프랑스,
2017-03,경기도,수원시 장안구,북마리아나 제도,
2017-03,경기도,화성시,인도네시아,
2017-03,경기도,성남시 중원구,마카오,
2017-03,경기도,안산시 단원구,크로아티아,
2017-03,경기도,의왕시,싱가포르,
2017-03,경기도,수원시 권선구,말레이시아,
2017-03,경기도,양주시,영국,
2017-03,경기도,용인시 기흥구,체코,
2017-03,경기도,구리시,베트남,
2017-03,경기도,시흥시,인도,
2017-03,경기도,오산시,미얀마,
2017-03,경기도,고양시 일산서구,노르웨이,
2017-03,경기도,과천시,핀란드,
2017-03,경기도,하남시,북마리아나 제도,
2017-03,경기도,안성시,스페인,
2017-03,경기도,광명시,북마리아나 제도,
2017-03,경기도,성남시 수정구,스리랑카,
2017-03,경기도,수원시 팔달구,폴란드,
2017-03,경기도,안산시 상록구,뉴질랜드,
2017-03,경기도,안양시 동안구,스페인,
2017-03,경기도,연천군,일본,
2017-03,경기도,용인시 처인구,파키스탄,
2017-03,경기도,의정부시,스웨덴,
2017-03,경기도,광주시,에스토니아,
2017-03,경기도,동두천시,뉴질랜드,
2017-03,경기도,평택시,독일,
2017-03,경기도,파주시,카타르,
2017-03,경기도,포천시,네덜란드,
2017-03,경기도,부천시,슬로베니아,
2017-03,경기도,가평군,러시아,
