기준년월,시도명,시군구명,국적명,인구평균수
2015-07,경기도,고양시 일산동구,방글라데시,
2015-07,경기도,오산시,네덜란드,
2015-07,경기도,수원시 영통구,스페인,
2015-07,경기도,동두천시,오스트레일리아 (호주),
2015-07,경기도,수원시 팔달구,말레이시아,
2015-07,경기도,안양시 동안구,오스트리아,
2015-07,경기도,여주시,오스트리아,
2015-07,경기도,가평군,노르웨이,
2015-07,경기도,포천시,마카오,
2015-07,경기도,하남시,아랍에미리트,
2015-07,경기도,양평군,사우디아라비아,
2015-07,경기도,김포시,모리셔스,
2015-07,경기도,연천군,필리핀,
2015-07,경기도,군포시,이탈리아,
2015-07,경기도,성남시 분당구,체코,
2015-07,경기도,성남시 중원구,프랑스,
2015-07,경기도,수원시 권선구,슬로바키아,
2015-07,경기도,안산시 상록구,괌,
2015-07,경기도,의왕시,쿠웨이트,
2015-07,경기도,고양시 일산서구,사우디아라비아,
2015-07,경기도,광주시,베트남,
2015-07,경기도,안양시 만안구,이스라엘,
2015-07,경기도,화성시,아일랜드,
2015-07,경기도,안성시,폴란드,
2015-07,경기도,용인시 기흥구,아일랜드,
2015-07,경기도,남양주시,몽골,
2015-07,경기도,용인시 수지구,브라질,
2015-07,경기도,부천시,핀란드,
2015-07,경기도,평택시,오스트리아,
2015-07,경기도,고양시 덕양구,러시아,
2015-07,경기도,용인시 처인구,칠레,
2015-07,경기도,광명시,방글라데시,
2015-07,경기도,수원시 장안구,홍콩,
2015-07,경기도,구리시,카자흐스탄,
2015-07,경기도,이천시,인도네시아,
2015-07,경기도,시흥시,독일,
2015-07,경기도,안산시 단원구,네덜란드,
2015-07,경기도,의정부시,스웨덴,
2015-07,경기도,성남시 수정구,아루바,
2015-07,경기도,양주시,싱가포르,
2015-07,경기도,파주시,벨기에,
2015-07,경기도,과천시,마카오,
