기준년월,시도명,시군구명,국적명,인구평균수
2015-05,경기도,성남시 중원구,카자흐스탄,
2015-05,경기도,연천군,말레이시아,
2015-05,경기도,수원시 장안구,중화민국 (대만),
2015-05,경기도,동두천시,말레이시아,
2015-05,경기도,의정부시,중화인민공화국,
2015-05,경기도,안산시 단원구,이스라엘,
2015-05,경기도,포천시,영국,
2015-05,경기도,김포시,덴마크,
2015-05,경기도,성남시 수정구,브라질,
2015-05,경기도,수원시 팔달구,말레이시아,
2015-05,경기도,부천시,스위스,
2015-05,경기도,양평군,홍콩,
2015-05,경기도,용인시 기흥구,슬로바키아,
2015-05,경기도,파주시,오스트레일리아 (호주),
2015-05,경기도,평택시,피지,
2015-05,경기도,하남시,덴마크,
2015-05,경기도,고양시 일산동구,카타르,
2015-05,경기도,광명시,헝가리,
2015-05,경기도,의왕시,에스토니아,
2015-05,경기도,화성시,아르헨티나,
2015-05,경기도,구리시,덴마크,
2015-05,경기도,수원시 영통구,오스트레일리아 (호주),
2015-05,경기도,용인시 처인구,프랑스,
2015-05,경기도,군포시,카자흐스탄,
2015-05,경기도,안양시 만안구,마카오,
2015-05,경기도,양주시,베트남,
2015-05,경기도,용인시 수지구,미국,
2015-05,경기도,여주시,베네수엘라,
2015-05,경기도,가평군,네덜란드,
2015-05,경기도,수원시 권선구,그리스,
2015-05,경기도,시흥시,타이,
2015-05,경기도,남양주시,사우디아라비아,
2015-05,경기도,안산시 상록구,이스라엘,
2015-05,경기도,안성시,아일랜드,
2015-05,경기도,안양시 동안구,오스트리아,
2015-05,경기도,성남시 분당구,아루바,
2015-05,경기도,오산시,핀란드,
2015-05,경기도,과천시,사우디아라비아,
2015-05,경기도,고양시 덕양구,오스트레일리아 (호주),
2015-05,경기도,고양시 일산서구,포르투갈,
2015-05,경기도,광주시,캐나다,
2015-05,경기도,이천시,일본,
