기준년월,시도명,시군구명,국적명,인구평균수
2018-05,경기도,수원시 장안구,그리스,
2018-05,경기도,고양시 일산서구,누벨칼레도니,
2018-05,경기도,양주시,인도,
2018-05,경기도,성남시 수정구,폴란드,
2018-05,경기도,연천군,오스트레일리아 (호주),
2018-05,경기도,수원시 권선구,이란,
2018-05,경기도,수원시 팔달구,브라질,
2018-05,경기도,안산시 상록구,인도,
2018-05,경기도,과천시,카자흐스탄,
2018-05,경기도,용인시 기흥구,칠레,
2018-05,경기도,구리시,영국,
2018-05,경기도,광주시,카자흐스탄,
2018-05,경기도,안성시,캄보디아,
2018-05,경기도,고양시 덕양구,오스트레일리아 (호주),
2018-05,경기도,광명시,타이,
2018-05,경기도,성남시 분당구,이스라엘,
2018-05,경기도,성남시 중원구,오스트리아,
2018-05,경기도,오산시,방글라데시,
2018-05,경기도,의정부시,오스트리아,
2018-05,경기도,김포시,몰타,
2018-05,경기도,수원시 영통구,프랑스,
2018-05,경기도,안산시 단원구,필리핀,
2018-05,경기도,안양시 동안구,홍콩,
2018-05,경기도,동두천시,터키,
2018-05,경기도,시흥시,프랑스,
2018-05,경기도,용인시 처인구,스웨덴,
2018-05,경기도,의왕시,미국,
2018-05,경기도,평택시,그리스,
2018-05,경기도,하남시,중화인민공화국,
2018-05,경기도,부천시,마카오,
2018-05,경기도,여주시,중화민국 (대만),
2018-05,경기도,포천시,말레이시아,
2018-05,경기도,가평군,필리핀,
2018-05,경기도,안양시 만안구,영국,
2018-05,경기도,양평군,이스라엘,
2018-05,경기도,군포시,네덜란드,
2018-05,경기도,남양주시,괌,
2018-05,경기도,파주시,룩셈부르크,
2018-05,경기도,이천시,핀란드,
2018-05,경기도,용인시 수지구,싱가포르,
2018-05,경기도,고양시 일산동구,타이,
2018-05,경기도,화성시,라오스,
