기준년월,시도명,시군구명,국적명,인구평균수
2020-07,경기도,남양주시,일본,6.27000
2020-07,경기도,광주시,타이,11.42000
2020-07,경기도,성남시 수정구,포르투갈,0.28000
2020-07,경기도,오산시,브라질,0.65000
2020-07,경기도,안성시,아일랜드,0.07000
2020-07,경기도,포천시,스위스,0.13000
2020-07,경기도,고양시 일산동구,캄보디아,0.01000
2020-07,경기도,안산시 단원구,네덜란드,58.33000
2020-07,경기도,수원시 장안구,사우디아라비아,0.00000
2020-07,경기도,연천군,중국,77.61000
2020-07,경기도,고양시 덕양구,영국,11.45000
2020-07,경기도,수원시 팔달구,이스라엘,0.28000
2020-07,경기도,김포시,대만,8.29000
2020-07,경기도,고양시 일산서구,괌,1.09000
2020-07,경기도,구리시,대만,0.94000
2020-07,경기도,부천시,니카라과,0.00000
2020-07,경기도,성남시 분당구,카타르,3.82000
2020-07,경기도,성남시 중원구,호주,3.67000
2020-07,경기도,수원시 영통구,룩셈부르크,0.14000
2020-07,경기도,이천시,인도,111.95000
2020-07,경기도,평택시,카타르,0.00000
2020-07,경기도,양평군,독일,2.16000
2020-07,경기도,여주시,필리핀,19.90000
2020-07,경기도,용인시 기흥구,캐나다,19.91000
2020-07,경기도,의정부시,우크라이나,13.58000
2020-07,경기도,파주시,베트남,30.48000
2020-07,경기도,과천시,오스트리아,0.78000
2020-07,경기도,광명시,그리스,5.02000
2020-07,경기도,군포시,남아프리카공화국,0.00000
2020-07,경기도,화성시,홍콩,3.24000
2020-07,경기도,동두천시,미국,3431.64000
2020-07,경기도,시흥시,헝가리,1.33000
2020-07,경기도,양주시,포르투갈,0.00000
2020-07,경기도,수원시 권선구,우즈베키스탄,80.78000
2020-07,경기도,용인시 수지구,이스라엘,0.00000
2020-07,경기도,안산시 상록구,대만,2.20000
2020-07,경기도,용인시 처인구,이스라엘,0.02000
2020-07,경기도,안양시 동안구,키프로스,0.32000
2020-07,경기도,하남시,파키스탄,0.09000
2020-07,경기도,안양시 만안구,아랍에미리트,0.24000
2020-07,경기도,의왕시,불가리아,8.84000
2020-07,경기도,가평군,이탈리아,1.47000
