기준년월,시도명,시군구명,국적명,인구평균수
2017-07,경기도,군포시,이탈리아,
2017-07,경기도,부천시,모로코,
2017-07,경기도,성남시 분당구,그리스,
2017-07,경기도,수원시 권선구,미국,
2017-07,경기도,안산시 단원구,모리셔스,
2017-07,경기도,양평군,영국,
2017-07,경기도,여주시,스페인,
2017-07,경기도,용인시 기흥구,인도,
2017-07,경기도,이천시,중화민국 (대만),
2017-07,경기도,고양시 덕양구,이탈리아,
2017-07,경기도,의정부시,중화인민공화국,
2017-07,경기도,구리시,핀란드,
2017-07,경기도,과천시,알바니아,
2017-07,경기도,남양주시,미국,
2017-07,경기도,용인시 처인구,영국,
2017-07,경기도,파주시,마카오,
2017-07,경기도,성남시 중원구,그레나다,
2017-07,경기도,양주시,괌,
2017-07,경기도,연천군,일본,
2017-07,경기도,안양시 만안구,노르웨이,
2017-07,경기도,용인시 수지구,헝가리,
2017-07,경기도,안성시,스리랑카,
2017-07,경기도,의왕시,슬로바키아,
2017-07,경기도,고양시 일산동구,슬로바키아,
2017-07,경기도,화성시,헝가리,
2017-07,경기도,포천시,미얀마,
2017-07,경기도,고양시 일산서구,마카오,
2017-07,경기도,하남시,스리랑카,
2017-07,경기도,광명시,오스트레일리아 (호주),
2017-07,경기도,김포시,요르단,
2017-07,경기도,동두천시,말레이시아,
2017-07,경기도,광주시,벨기에,
2017-07,경기도,성남시 수정구,요르단,
2017-07,경기도,시흥시,헝가리,
2017-07,경기도,수원시 장안구,괌,
2017-07,경기도,평택시,러시아,
2017-07,경기도,수원시 팔달구,러시아,
2017-07,경기도,안양시 동안구,헝가리,
2017-07,경기도,안산시 상록구,피지,
2017-07,경기도,오산시,스웨덴,
2017-07,경기도,가평군,중화민국 (대만),
2017-07,경기도,수원시 영통구,영국,
