기준년월,시도명,시군구명,국적명,인구평균수
2016-04,경기도,구리시,사우디아라비아,
2016-04,경기도,부천시,싱가포르,
2016-04,경기도,김포시,아일랜드,
2016-04,경기도,고양시 덕양구,이탈리아,
2016-04,경기도,연천군,베트남,
2016-04,경기도,동두천시,뉴질랜드,
2016-04,경기도,성남시 수정구,캐나다,
2016-04,경기도,포천시,오만,
2016-04,경기도,가평군,일본,
2016-04,경기도,광주시,브라질,
2016-04,경기도,양평군,필리핀,
2016-04,경기도,군포시,헝가리,
2016-04,경기도,수원시 팔달구,스위스,
2016-04,경기도,용인시 기흥구,인도네시아,
2016-04,경기도,의정부시,일본,
2016-04,경기도,평택시,필리핀,
2016-04,경기도,남양주시,브라질,
2016-04,경기도,안양시 동안구,뉴질랜드,
2016-04,경기도,용인시 처인구,헝가리,
2016-04,경기도,파주시,터키,
2016-04,경기도,과천시,캐나다,
2016-04,경기도,수원시 장안구,체코,
2016-04,경기도,시흥시,캐나다,
2016-04,경기도,양주시,뉴질랜드,
2016-04,경기도,이천시,괌,
2016-04,경기도,오산시,싱가포르,
2016-04,경기도,고양시 일산동구,스웨덴,
2016-04,경기도,안산시 상록구,칠레,
2016-04,경기도,하남시,싱가포르,
2016-04,경기도,화성시,케냐,
2016-04,경기도,수원시 권선구,브라질,
2016-04,경기도,안양시 만안구,캐나다,
2016-04,경기도,안산시 단원구,싱가포르,
2016-04,경기도,용인시 수지구,일본,
2016-04,경기도,수원시 영통구,잠비아,
2016-04,경기도,여주시,스리랑카,
2016-04,경기도,성남시 분당구,헝가리,
2016-04,경기도,고양시 일산서구,마카오,
2016-04,경기도,성남시 중원구,싱가포르,
2016-04,경기도,의왕시,덴마크,
2016-04,경기도,안성시,홍콩,
2016-04,경기도,광명시,키르기스스탄,
