기준년월,시도명,시군구명,국적명,인구평균수
2017-04,경기도,성남시 중원구,사우디아라비아,
2017-04,경기도,양주시,터키,
2017-04,경기도,여주시,스리랑카,
2017-04,경기도,수원시 권선구,네덜란드,
2017-04,경기도,이천시,스리랑카,
2017-04,경기도,안산시 상록구,체코,
2017-04,경기도,용인시 처인구,괌,
2017-04,경기도,수원시 영통구,레바논,
2017-04,경기도,용인시 수지구,룩셈부르크,
2017-04,경기도,과천시,네덜란드,
2017-04,경기도,의왕시,브라질,
2017-04,경기도,파주시,오스트레일리아 (호주),
2017-04,경기도,고양시 일산서구,사우디아라비아,
2017-04,경기도,남양주시,뉴질랜드,
2017-04,경기도,안양시 동안구,남아프리카 공화국,
2017-04,경기도,안양시 만안구,루마니아,
2017-04,경기도,고양시 일산동구,그리스,
2017-04,경기도,광주시,중화인민공화국,
2017-04,경기도,성남시 분당구,헝가리,
2017-04,경기도,성남시 수정구,인도,
2017-04,경기도,하남시,인도,
2017-04,경기도,가평군,미얀마,
2017-04,경기도,광명시,룩셈부르크,
2017-04,경기도,구리시,이스라엘,
2017-04,경기도,안성시,폴란드,
2017-04,경기도,평택시,헝가리,
2017-04,경기도,시흥시,사우디아라비아,
2017-04,경기도,수원시 팔달구,네팔,
2017-04,경기도,연천군,중화인민공화국,
2017-04,경기도,의정부시,터키,
2017-04,경기도,수원시 장안구,스리랑카,
2017-04,경기도,오산시,체코,
2017-04,경기도,포천시,우즈베키스탄,
2017-04,경기도,동두천시,홍콩,
2017-04,경기도,양평군,말레이시아,
2017-04,경기도,고양시 덕양구,사우디아라비아,
2017-04,경기도,화성시,남아프리카 공화국,
2017-04,경기도,안산시 단원구,미국,
2017-04,경기도,부천시,노르웨이,
2017-04,경기도,군포시,영국,
2017-04,경기도,김포시,말레이시아,
2017-04,경기도,용인시 기흥구,카타르,
