기준년월,시도명,시군구명,국적명,인구평균수
2016-05,경기도,성남시 중원구,북마리아나 제도,
2016-05,경기도,시흥시,미국,
2016-05,경기도,용인시 기흥구,루마니아,
2016-05,경기도,고양시 일산동구,아일랜드,
2016-05,경기도,남양주시,몽골,
2016-05,경기도,파주시,체코,
2016-05,경기도,양주시,러시아,
2016-05,경기도,평택시,오스트리아,
2016-05,경기도,부천시,홍콩,
2016-05,경기도,하남시,인도네시아,
2016-05,경기도,성남시 수정구,핀란드,
2016-05,경기도,용인시 수지구,모리셔스,
2016-05,경기도,수원시 장안구,아이슬란드,
2016-05,경기도,여주시,말레이시아,
2016-05,경기도,용인시 처인구,싱가포르,
2016-05,경기도,화성시,스페인,
2016-05,경기도,과천시,케냐,
2016-05,경기도,수원시 영통구,방글라데시,
2016-05,경기도,안산시 단원구,일본,
2016-05,경기도,안양시 동안구,오스트리아,
2016-05,경기도,의왕시,루마니아,
2016-05,경기도,고양시 일산서구,잠비아,
2016-05,경기도,광명시,그리스,
2016-05,경기도,동두천시,멕시코,
2016-05,경기도,안산시 상록구,캐나다,
2016-05,경기도,광주시,홍콩,
2016-05,경기도,이천시,리투아니아,
2016-05,경기도,성남시 분당구,네덜란드,
2016-05,경기도,연천군,베트남,
2016-05,경기도,가평군,마카오,
2016-05,경기도,수원시 팔달구,싱가포르,
2016-05,경기도,양평군,프랑스,
2016-05,경기도,김포시,카자흐스탄,
2016-05,경기도,안성시,스페인,
2016-05,경기도,오산시,스리랑카,
2016-05,경기도,고양시 덕양구,몽골,
2016-05,경기도,의정부시,일본,
2016-05,경기도,포천시,멕시코,
2016-05,경기도,구리시,폴란드,
2016-05,경기도,안양시 만안구,싱가포르,
2016-05,경기도,군포시,체코,
2016-05,경기도,수원시 권선구,이스라엘,
