기준년월,시도명,시군구명,국적명,인구평균수
2018-07,경기도,가평군,홍콩,
2018-07,경기도,화성시,크로아티아,
2018-07,경기도,남양주시,스위스,
2018-07,경기도,연천군,말레이시아,
2018-07,경기도,성남시 분당구,캐나다,
2018-07,경기도,의정부시,헝가리,
2018-07,경기도,포천시,괌,
2018-07,경기도,하남시,헝가리,
2018-07,경기도,고양시 덕양구,브라질,
2018-07,경기도,구리시,인도네시아,
2018-07,경기도,동두천시,벨기에,
2018-07,경기도,안산시 단원구,홍콩,
2018-07,경기도,양평군,중화민국 (대만),
2018-07,경기도,여주시,홍콩,
2018-07,경기도,성남시 중원구,이스라엘,
2018-07,경기도,수원시 권선구,터키,
2018-07,경기도,광주시,쿠웨이트,
2018-07,경기도,오산시,브라질,
2018-07,경기도,고양시 일산서구,쿠웨이트,
2018-07,경기도,수원시 장안구,미얀마,
2018-07,경기도,과천시,벨기에,
2018-07,경기도,안성시,캐나다,
2018-07,경기도,안양시 동안구,오스트레일리아 (호주),
2018-07,경기도,안양시 만안구,베트남,
2018-07,경기도,용인시 처인구,미국,
2018-07,경기도,수원시 팔달구,핀란드,
2018-07,경기도,의왕시,인도네시아,
2018-07,경기도,양주시,슬로바키아,
2018-07,경기도,파주시,터키,
2018-07,경기도,김포시,타이,
2018-07,경기도,용인시 기흥구,남아프리카 공화국,
2018-07,경기도,용인시 수지구,스웨덴,
2018-07,경기도,광명시,방글라데시,
2018-07,경기도,시흥시,브라질,
2018-07,경기도,이천시,터키,
2018-07,경기도,고양시 일산동구,러시아,
2018-07,경기도,군포시,헝가리,
2018-07,경기도,부천시,아루바,
2018-07,경기도,평택시,스리랑카,
2018-07,경기도,수원시 영통구,포르투갈,
2018-07,경기도,성남시 수정구,멕시코,
2018-07,경기도,안산시 상록구,영국,
