기준년월,시도명,시군구명,국적명,인구평균수
2015-02,경기도,성남시 분당구,잠비아,
2015-02,경기도,고양시 덕양구,폴란드,
2015-02,경기도,오산시,오스트리아,
2015-02,경기도,안양시 동안구,타이,
2015-02,경기도,용인시 기흥구,이스라엘,
2015-02,경기도,양평군,아랍에미리트,
2015-02,경기도,이천시,스위스,
2015-02,경기도,수원시 팔달구,베트남,
2015-02,경기도,용인시 처인구,이탈리아,
2015-02,경기도,파주시,오스트레일리아 (호주),
2015-02,경기도,양주시,홍콩,
2015-02,경기도,가평군,싱가포르,
2015-02,경기도,성남시 수정구,멕시코,
2015-02,경기도,의왕시,카자흐스탄,
2015-02,경기도,고양시 일산동구,인도,
2015-02,경기도,과천시,마카오,
2015-02,경기도,광명시,헝가리,
2015-02,경기도,의정부시,싱가포르,
2015-02,경기도,화성시,아르헨티나,
2015-02,경기도,부천시,슬로바키아,
2015-02,경기도,안산시 단원구,노르웨이,
2015-02,경기도,여주시,중화민국 (대만),
2015-02,경기도,평택시,뉴질랜드,
2015-02,경기도,광주시,폴란드,
2015-02,경기도,안성시,오스트레일리아 (호주),
2015-02,경기도,동두천시,중화민국 (대만),
2015-02,경기도,안양시 만안구,네덜란드,
2015-02,경기도,수원시 영통구,이탈리아,
2015-02,경기도,안산시 상록구,러시아,
2015-02,경기도,하남시,체코,
2015-02,경기도,시흥시,마카오,
2015-02,경기도,용인시 수지구,우즈베키스탄,
2015-02,경기도,김포시,핀란드,
2015-02,경기도,수원시 권선구,루마니아,
2015-02,경기도,남양주시,스리랑카,
2015-02,경기도,포천시,미국,
2015-02,경기도,구리시,오스트레일리아 (호주),
2015-02,경기도,연천군,미국,
2015-02,경기도,성남시 중원구,독일,
2015-02,경기도,수원시 장안구,벨기에,
2015-02,경기도,군포시,이스라엘,
2015-02,경기도,고양시 일산서구,스페인,
