기준년월,시도명,시군구명,국적명,인구평균수
2019-10,경기도,과천시,벨기에,2.60000
2019-10,경기도,수원시 장안구,핀란드,0.35000
2019-10,경기도,광명시,터키,6.58000
2019-10,경기도,의정부시,스웨덴,3.48000
2019-10,경기도,수원시 영통구,미얀마,64.97000
2019-10,경기도,파주시,브라질,47.29000
2019-10,경기도,가평군,남아프리카공화국,8.16000
2019-10,경기도,광주시,아랍에미리트,2.51000
2019-10,경기도,동두천시,벨로루시,0.32000
2019-10,경기도,이천시,남아프리카공화국,8.17000
2019-10,경기도,안산시 상록구,영국,50.44000
2019-10,경기도,남양주시,러시아,104.33000
2019-10,경기도,양주시,에콰도르,84.04000
2019-10,경기도,시흥시,그리스,3.25000
2019-10,경기도,안양시 만안구,스페인,10.52000
2019-10,경기도,용인시 처인구,스리랑카,8.04000
2019-10,경기도,고양시 일산동구,스리랑카,22.38000
2019-10,경기도,안성시,체코,0.09000
2019-10,경기도,군포시,중국,5503.95000
2019-10,경기도,포천시,인도네시아,42.89000
2019-10,경기도,고양시 덕양구,덴마크,9.83000
2019-10,경기도,김포시,노르웨이,4.18000
2019-10,경기도,성남시 수정구,방글라데시,0.09000
2019-10,경기도,연천군,네덜란드,29.84000
2019-10,경기도,오산시,우크라이나,0.99000
2019-10,경기도,용인시 수지구,캐나다,301.02000
2019-10,경기도,의왕시,스위스,4.14000
2019-10,경기도,성남시 중원구,브라질,21.26000
2019-10,경기도,안산시 단원구,호주,279.11000
2019-10,경기도,성남시 분당구,이탈리아,236.02000
2019-10,경기도,하남시,인도,6.01000
2019-10,경기도,구리시,이탈리아,0.56000
2019-10,경기도,양평군,싱가포르,63.27000
2019-10,경기도,안양시 동안구,홍콩,114.34000
2019-10,경기도,화성시,홍콩,898.07000
2019-10,경기도,용인시 기흥구,프랑스,240.81000
2019-10,경기도,부천시,루마니아,3.15000
2019-10,경기도,수원시 권선구,타이,717.92000
2019-10,경기도,수원시 팔달구,벨기에,4.37000
2019-10,경기도,여주시,이탈리아,3.48000
2019-10,경기도,고양시 일산서구,스리랑카,13.53000
2019-10,경기도,평택시,스리랑카,96.92000
