기준년월,시도명,시군구명,국적명,인구평균수
2019-08,경기도,광주시,루마니아,0.07000
2019-08,경기도,고양시 일산동구,싱가포르,115.52000
2019-08,경기도,동두천시,홍콩,112.44000
2019-08,경기도,의정부시,중국,6936.13000
2019-08,경기도,수원시 영통구,아랍에미리트,61.09000
2019-08,경기도,가평군,괌,12.54000
2019-08,경기도,성남시 중원구,미국,612.65000
2019-08,경기도,수원시 장안구,일본,880.69000
2019-08,경기도,시흥시,스위스,43.42000
2019-08,경기도,안양시 만안구,영국,64.29000
2019-08,경기도,군포시,뉴질랜드,0.09000
2019-08,경기도,양주시,일본,924.89000
2019-08,경기도,용인시 처인구,핀란드,15.82000
2019-08,경기도,의왕시,불가리아,1.19000
2019-08,경기도,남양주시,캐나다,337.76000
2019-08,경기도,안양시 동안구,폴란드,144.33000
2019-08,경기도,하남시,홍콩,127.11000
2019-08,경기도,고양시 일산서구,독일,26.15000
2019-08,경기도,여주시,영국,6.63000
2019-08,경기도,화성시,몽골,66.84000
2019-08,경기도,광명시,슬로바키아,0.01000
2019-08,경기도,평택시,괌,94.54000
2019-08,경기도,포천시,인도,90.03000
2019-08,경기도,성남시 분당구,키프로스,42.39000
2019-08,경기도,용인시 기흥구,맨섬,57.18000
2019-08,경기도,용인시 수지구,괌,13.11000
2019-08,경기도,부천시,러시아,1390.24000
2019-08,경기도,파주시,대만,1401.08000
2019-08,경기도,김포시,노르웨이,0.11000
2019-08,경기도,수원시 권선구,대만,426.78000
2019-08,경기도,연천군,캐나다,20.26000
2019-08,경기도,양평군,프랑스,13.09000
2019-08,경기도,오산시,체코,5.61000
2019-08,경기도,이천시,영국,37.48000
2019-08,경기도,구리시,터키,3.29000
2019-08,경기도,안산시 상록구,대만,368.38000
2019-08,경기도,수원시 팔달구,코트디부아르,0.37000
2019-08,경기도,안산시 단원구,스리랑카,129.06000
2019-08,경기도,과천시,파나마,0.05000
2019-08,경기도,안성시,영국,2.88000
2019-08,경기도,고양시 덕양구,사우디아라비아,0.30000
2019-08,경기도,성남시 수정구,몽골,10.07000
