기준년월,시도명,시군구명,국적명,인구평균수
2016-02,경기도,시흥시,중화민국 (대만),
2016-02,경기도,오산시,스페인,
2016-02,경기도,연천군,말레이시아,
2016-02,경기도,포천시,필리핀,
2016-02,경기도,용인시 기흥구,일본,
2016-02,경기도,가평군,몰타,
2016-02,경기도,고양시 덕양구,덴마크,
2016-02,경기도,성남시 분당구,마카오,
2016-02,경기도,안성시,아일랜드,
2016-02,경기도,이천시,스위스,
2016-02,경기도,평택시,푸에르토리코,
2016-02,경기도,안양시 동안구,러시아,
2016-02,경기도,화성시,카타르,
2016-02,경기도,구리시,스웨덴,
2016-02,경기도,여주시,중화인민공화국,
2016-02,경기도,의왕시,영국,
2016-02,경기도,의정부시,이탈리아,
2016-02,경기도,고양시 일산동구,캐나다,
2016-02,경기도,김포시,멕시코,
2016-02,경기도,성남시 수정구,일본,
2016-02,경기도,광명시,마카오,
2016-02,경기도,수원시 팔달구,타이,
2016-02,경기도,양평군,싱가포르,
2016-02,경기도,성남시 중원구,카자흐스탄,
2016-02,경기도,안양시 만안구,캐나다,
2016-02,경기도,동두천시,중화민국 (대만),
2016-02,경기도,수원시 장안구,덴마크,
2016-02,경기도,수원시 권선구,이탈리아,
2016-02,경기도,수원시 영통구,노르웨이,
2016-02,경기도,용인시 수지구,폴란드,
2016-02,경기도,하남시,프랑스,
2016-02,경기도,과천시,괌,
2016-02,경기도,용인시 처인구,루마니아,
2016-02,경기도,군포시,뉴질랜드,
2016-02,경기도,남양주시,노르웨이,
2016-02,경기도,안산시 상록구,이탈리아,
2016-02,경기도,고양시 일산서구,헝가리,
2016-02,경기도,부천시,브라질,
2016-02,경기도,양주시,일본,
2016-02,경기도,파주시,오스트리아,
2016-02,경기도,광주시,오스트레일리아 (호주),
2016-02,경기도,안산시 단원구,브라질,
