기준년월,시도명,시군구명,국적명,인구평균수
2019-03,경기도,시흥시,우크라이나,40.27000
2019-03,경기도,고양시 일산서구,타이,432.54000
2019-03,경기도,안산시 상록구,키프로스,0.00000
2019-03,경기도,용인시 기흥구,오스트리아,46.10000
2019-03,경기도,양주시,말레이시아,37.08000
2019-03,경기도,포천시,홍콩,86.12000
2019-03,경기도,화성시,남아프리카공화국,40.86000
2019-03,경기도,의왕시,벨기에,9.14000
2019-03,경기도,안양시 동안구,러시아,124.95000
2019-03,경기도,오산시,이스라엘,12.84000
2019-03,경기도,구리시,필리핀,366.45000
2019-03,경기도,연천군,베트남,1.34000
2019-03,경기도,하남시,대만,8.05000
2019-03,경기도,성남시 분당구,맨섬,0.24000
2019-03,경기도,가평군,네덜란드,6.66000
2019-03,경기도,고양시 덕양구,캄보디아,20.80000
2019-03,경기도,성남시 수정구,그리스,0.05000
2019-03,경기도,수원시 팔달구,아일랜드,2.32000
2019-03,경기도,안산시 단원구,헝가리,0.24000
2019-03,경기도,용인시 수지구,괌,18.79000
2019-03,경기도,파주시,칠레,37.38000
2019-03,경기도,고양시 일산동구,불가리아,6.01000
2019-03,경기도,김포시,네덜란드,73.80000
2019-03,경기도,부천시,마카오,19.38000
2019-03,경기도,안성시,괌,0.03000
2019-03,경기도,군포시,아랍에미리트,0.35000
2019-03,경기도,의정부시,카자흐스탄,20.35000
2019-03,경기도,남양주시,스페인,4.78000
2019-03,경기도,동두천시,타이,800.94000
2019-03,경기도,수원시 권선구,브라질,18.25000
2019-03,경기도,여주시,싱가포르,23.27000
2019-03,경기도,수원시 영통구,말타,0.00000
2019-03,경기도,용인시 처인구,러시아,342.58000
2019-03,경기도,광주시,미국,711.36000
2019-03,경기도,수원시 장안구,프랑스,33.11000
2019-03,경기도,과천시,터키,1.67000
2019-03,경기도,안양시 만안구,호주,109.39000
2019-03,경기도,평택시,홍콩,163.45000
2019-03,경기도,이천시,룩셈부르크,1.22000
2019-03,경기도,양평군,네덜란드,11.52000
2019-03,경기도,광명시,스페인,13.93000
2019-03,경기도,성남시 중원구,남아프리카공화국,0.15000
