기준년월,시도명,시군구명,국적명,인구평균수
2016-07,경기도,김포시,마카오,
2016-07,경기도,포천시,인도,
2016-07,경기도,양주시,포르투갈,
2016-07,경기도,양평군,몽골,
2016-07,경기도,광명시,마카오,
2016-07,경기도,여주시,프랑스,
2016-07,경기도,의왕시,슬로바키아,
2016-07,경기도,의정부시,스위스,
2016-07,경기도,고양시 덕양구,스웨덴,
2016-07,경기도,광주시,남아프리카 공화국,
2016-07,경기도,파주시,그리스,
2016-07,경기도,성남시 분당구,카타르,
2016-07,경기도,과천시,중화인민공화국,
2016-07,경기도,구리시,에스토니아,
2016-07,경기도,동두천시,캐나다,
2016-07,경기도,수원시 권선구,벨라루스,
2016-07,경기도,부천시,일본,
2016-07,경기도,수원시 팔달구,카자흐스탄,
2016-07,경기도,안성시,파나마,
2016-07,경기도,안양시 만안구,아일랜드,
2016-07,경기도,용인시 기흥구,홍콩,
2016-07,경기도,고양시 일산서구,사우디아라비아,
2016-07,경기도,남양주시,몽골,
2016-07,경기도,수원시 영통구,덴마크,
2016-07,경기도,하남시,베트남,
2016-07,경기도,용인시 수지구,일본,
2016-07,경기도,군포시,슬로바키아,
2016-07,경기도,용인시 처인구,베트남,
2016-07,경기도,고양시 일산동구,마카오,
2016-07,경기도,수원시 장안구,미얀마,
2016-07,경기도,시흥시,스웨덴,
2016-07,경기도,성남시 수정구,쿠웨이트,
2016-07,경기도,안양시 동안구,타이,
2016-07,경기도,평택시,스페인,
2016-07,경기도,가평군,홍콩,
2016-07,경기도,안산시 상록구,스페인,
2016-07,경기도,연천군,타이,
2016-07,경기도,안산시 단원구,벨기에,
2016-07,경기도,이천시,멕시코,
2016-07,경기도,성남시 중원구,중화민국 (대만),
2016-07,경기도,화성시,터키,
2016-07,경기도,오산시,레바논,
