기준년월,시도명,시군구명,국적명,인구평균수
2015-04,경기도,용인시 기흥구,뉴질랜드,
2015-04,경기도,의정부시,괌,
2015-04,경기도,평택시,카자흐스탄,
2015-04,경기도,의왕시,스위스,
2015-04,경기도,군포시,이탈리아,
2015-04,경기도,광주시,네덜란드,
2015-04,경기도,구리시,브라질,
2015-04,경기도,안양시 동안구,룩셈부르크,
2015-04,경기도,고양시 일산동구,타이,
2015-04,경기도,광명시,체코,
2015-04,경기도,이천시,뉴질랜드,
2015-04,경기도,양주시,사우디아라비아,
2015-04,경기도,포천시,타이,
2015-04,경기도,수원시 권선구,벨기에,
2015-04,경기도,안산시 상록구,인도네시아,
2015-04,경기도,양평군,일본,
2015-04,경기도,여주시,독일,
2015-04,경기도,파주시,사우디아라비아,
2015-04,경기도,수원시 팔달구,노르웨이,
2015-04,경기도,안산시 단원구,폴란드,
2015-04,경기도,용인시 처인구,브루나이,
2015-04,경기도,화성시,중화민국 (대만),
2015-04,경기도,남양주시,뉴질랜드,
2015-04,경기도,동두천시,싱가포르,
2015-04,경기도,성남시 수정구,괌,
2015-04,경기도,과천시,스위스,
2015-04,경기도,시흥시,프랑스,
2015-04,경기도,수원시 영통구,벨기에,
2015-04,경기도,김포시,노르웨이,
2015-04,경기도,성남시 중원구,페루,
2015-04,경기도,수원시 장안구,프랑스,
2015-04,경기도,고양시 일산서구,오스트리아,
2015-04,경기도,안성시,홍콩,
2015-04,경기도,오산시,스위스,
2015-04,경기도,부천시,벨기에,
2015-04,경기도,하남시,룩셈부르크,
2015-04,경기도,성남시 분당구,아루바,
2015-04,경기도,가평군,사우디아라비아,
2015-04,경기도,연천군,스리랑카,
2015-04,경기도,안양시 만안구,룩셈부르크,
2015-04,경기도,고양시 덕양구,캐나다,
2015-04,경기도,용인시 수지구,타이,
