기준년월,시도명,시군구명,국적명,인구평균수
2016-03,경기도,안양시 동안구,캐나다,
2016-03,경기도,양평군,네덜란드,
2016-03,경기도,안양시 만안구,미국,
2016-03,경기도,과천시,독일,
2016-03,경기도,파주시,마카오,
2016-03,경기도,용인시 처인구,덴마크,
2016-03,경기도,포천시,레바논,
2016-03,경기도,부천시,이스라엘,
2016-03,경기도,수원시 팔달구,노르웨이,
2016-03,경기도,의왕시,마카오,
2016-03,경기도,화성시,인도,
2016-03,경기도,광명시,스페인,
2016-03,경기도,군포시,스리랑카,
2016-03,경기도,여주시,핀란드,
2016-03,경기도,성남시 중원구,캄보디아,
2016-03,경기도,광주시,영국,
2016-03,경기도,수원시 영통구,벨기에,
2016-03,경기도,양주시,중화민국 (대만),
2016-03,경기도,연천군,미국,
2016-03,경기도,하남시,네덜란드,
2016-03,경기도,수원시 권선구,오스트레일리아 (호주),
2016-03,경기도,시흥시,오스트리아,
2016-03,경기도,안성시,핀란드,
2016-03,경기도,이천시,그리스,
2016-03,경기도,고양시 덕양구,인도네시아,
2016-03,경기도,구리시,세네갈,
2016-03,경기도,수원시 장안구,사우디아라비아,
2016-03,경기도,동두천시,스페인,
2016-03,경기도,용인시 기흥구,말레이시아,
2016-03,경기도,고양시 일산동구,마카오,
2016-03,경기도,고양시 일산서구,싱가포르,
2016-03,경기도,안산시 상록구,일본,
2016-03,경기도,김포시,미국,
2016-03,경기도,의정부시,타이,
2016-03,경기도,평택시,중화민국 (대만),
2016-03,경기도,성남시 수정구,인도네시아,
2016-03,경기도,용인시 수지구,캐나다,
2016-03,경기도,안산시 단원구,사우디아라비아,
2016-03,경기도,오산시,카자흐스탄,
2016-03,경기도,가평군,스리랑카,
2016-03,경기도,성남시 분당구,독일,
2016-03,경기도,남양주시,독일,
