기준년월,시도명,시군구명,국적명,인구평균수
2015-11,경기도,고양시 일산서구,터키,
2015-11,경기도,가평군,스웨덴,
2015-11,경기도,안산시 단원구,이스라엘,
2015-11,경기도,군포시,타이,
2015-11,경기도,오산시,몽골,
2015-11,경기도,수원시 권선구,스위스,
2015-11,경기도,수원시 장안구,미국,
2015-11,경기도,시흥시,필리핀,
2015-11,경기도,성남시 수정구,피지,
2015-11,경기도,안양시 동안구,뉴질랜드,
2015-11,경기도,양주시,프랑스,
2015-11,경기도,성남시 중원구,나이지리아,
2015-11,경기도,의왕시,쿠웨이트,
2015-11,경기도,고양시 일산동구,쿠웨이트,
2015-11,경기도,구리시,중화민국 (대만),
2015-11,경기도,동두천시,타이,
2015-11,경기도,여주시,남아프리카 공화국,
2015-11,경기도,의정부시,오스트레일리아 (호주),
2015-11,경기도,광주시,스웨덴,
2015-11,경기도,부천시,오스트레일리아 (호주),
2015-11,경기도,용인시 기흥구,필리핀,
2015-11,경기도,하남시,캐나다,
2015-11,경기도,광명시,싱가포르,
2015-11,경기도,안양시 만안구,룩셈부르크,
2015-11,경기도,연천군,우즈베키스탄,
2015-11,경기도,안산시 상록구,싱가포르,
2015-11,경기도,포천시,타이,
2015-11,경기도,용인시 처인구,미국,
2015-11,경기도,이천시,인도네시아,
2015-11,경기도,수원시 영통구,폴란드,
2015-11,경기도,안성시,중화인민공화국,
2015-11,경기도,성남시 분당구,오스트리아,
2015-11,경기도,양평군,독일,
2015-11,경기도,파주시,사우디아라비아,
2015-11,경기도,화성시,브라질,
2015-11,경기도,과천시,불가리아,
2015-11,경기도,김포시,영국,
2015-11,경기도,남양주시,인도네시아,
2015-11,경기도,평택시,노르웨이,
2015-11,경기도,용인시 수지구,사우디아라비아,
2015-11,경기도,고양시 덕양구,필리핀,
2015-11,경기도,수원시 팔달구,브라질,
