기준년월,시도명,시군구명,국적명,인구평균수
2017-02,경기도,광명시,필리핀,
2017-02,경기도,화성시,베트남,
2017-02,경기도,남양주시,폴란드,
2017-02,경기도,수원시 권선구,스웨덴,
2017-02,경기도,부천시,베트남,
2017-02,경기도,수원시 장안구,벨기에,
2017-02,경기도,연천군,남아프리카 공화국,
2017-02,경기도,파주시,영국,
2017-02,경기도,광주시,독일,
2017-02,경기도,수원시 팔달구,슬로바키아,
2017-02,경기도,안산시 단원구,영국,
2017-02,경기도,안양시 만안구,브라질,
2017-02,경기도,용인시 수지구,네덜란드,
2017-02,경기도,김포시,인도네시아,
2017-02,경기도,성남시 수정구,브라질,
2017-02,경기도,하남시,스리랑카,
2017-02,경기도,고양시 일산동구,미국,
2017-02,경기도,구리시,네덜란드,
2017-02,경기도,군포시,스위스,
2017-02,경기도,용인시 처인구,덴마크,
2017-02,경기도,의왕시,일본,
2017-02,경기도,포천시,캐나다,
2017-02,경기도,과천시,스리랑카,
2017-02,경기도,양주시,싱가포르,
2017-02,경기도,오산시,캐나다,
2017-02,경기도,가평군,체코,
2017-02,경기도,여주시,오스트리아,
2017-02,경기도,안성시,미국,
2017-02,경기도,고양시 일산서구,쿠웨이트,
2017-02,경기도,양평군,일본,
2017-02,경기도,의정부시,독일,
2017-02,경기도,안산시 상록구,우즈베키스탄,
2017-02,경기도,이천시,아랍에미리트,
2017-02,경기도,성남시 중원구,우크라이나,
2017-02,경기도,수원시 영통구,덴마크,
2017-02,경기도,동두천시,방글라데시,
2017-02,경기도,안양시 동안구,스리랑카,
2017-02,경기도,용인시 기흥구,스웨덴,
2017-02,경기도,시흥시,스페인,
2017-02,경기도,성남시 분당구,캐나다,
2017-02,경기도,고양시 덕양구,폴란드,
2017-02,경기도,평택시,독일,
