기준년월,시도명,시군구명,국적명,인구평균수
2018-03,경기도,광명시,오스트리아,
2018-03,경기도,안산시 상록구,멕시코,
2018-03,경기도,성남시 분당구,일본,
2018-03,경기도,화성시,몽골,
2018-03,경기도,수원시 팔달구,스페인,
2018-03,경기도,고양시 일산서구,캄보디아,
2018-03,경기도,과천시,아일랜드,
2018-03,경기도,이천시,폴란드,
2018-03,경기도,하남시,러시아,
2018-03,경기도,안산시 단원구,아르헨티나,
2018-03,경기도,평택시,폴란드,
2018-03,경기도,연천군,일본,
2018-03,경기도,남양주시,카자흐스탄,
2018-03,경기도,안성시,몽골,
2018-03,경기도,고양시 일산동구,영국,
2018-03,경기도,군포시,룩셈부르크,
2018-03,경기도,부천시,아일랜드,
2018-03,경기도,수원시 장안구,아랍에미리트,
2018-03,경기도,의왕시,이탈리아,
2018-03,경기도,파주시,멕시코,
2018-03,경기도,성남시 중원구,멕시코,
2018-03,경기도,수원시 권선구,덴마크,
2018-03,경기도,양주시,영국,
2018-03,경기도,의정부시,중화민국 (대만),
2018-03,경기도,김포시,네덜란드,
2018-03,경기도,포천시,싱가포르,
2018-03,경기도,시흥시,중화인민공화국,
2018-03,경기도,고양시 덕양구,폴란드,
2018-03,경기도,성남시 수정구,미국,
2018-03,경기도,용인시 수지구,괌,
2018-03,경기도,광주시,아랍에미리트,
2018-03,경기도,동두천시,캐나다,
2018-03,경기도,수원시 영통구,아일랜드,
2018-03,경기도,양평군,뉴질랜드,
2018-03,경기도,구리시,브라질,
2018-03,경기도,오산시,스리랑카,
2018-03,경기도,용인시 처인구,몰타,
2018-03,경기도,안양시 동안구,몽골,
2018-03,경기도,안양시 만안구,타이,
2018-03,경기도,여주시,인도,
2018-03,경기도,가평군,네덜란드,
2018-03,경기도,용인시 기흥구,영국,
