기준년월,시도명,시군구명,국적명,인구평균수
2016-06,경기도,성남시 수정구,터키,
2016-06,경기도,연천군,영국,
2016-06,경기도,여주시,오스트레일리아 (호주),
2016-06,경기도,과천시,중화인민공화국,
2016-06,경기도,의정부시,중화인민공화국,
2016-06,경기도,안양시 동안구,스리랑카,
2016-06,경기도,양주시,타이,
2016-06,경기도,용인시 처인구,필리핀,
2016-06,경기도,파주시,타이,
2016-06,경기도,광주시,일본,
2016-06,경기도,오산시,덴마크,
2016-06,경기도,수원시 장안구,말레이시아,
2016-06,경기도,화성시,스위스,
2016-06,경기도,수원시 영통구,싱가포르,
2016-06,경기도,수원시 팔달구,카자흐스탄,
2016-06,경기도,시흥시,필리핀,
2016-06,경기도,성남시 중원구,헝가리,
2016-06,경기도,수원시 권선구,멕시코,
2016-06,경기도,안산시 상록구,일본,
2016-06,경기도,가평군,카자흐스탄,
2016-06,경기도,고양시 일산동구,스위스,
2016-06,경기도,고양시 덕양구,덴마크,
2016-06,경기도,김포시,멕시코,
2016-06,경기도,고양시 일산서구,오스트리아,
2016-06,경기도,안양시 만안구,미국,
2016-06,경기도,부천시,아일랜드,
2016-06,경기도,양평군,말레이시아,
2016-06,경기도,안성시,미얀마,
2016-06,경기도,용인시 기흥구,프랑스,
2016-06,경기도,평택시,스웨덴,
2016-06,경기도,남양주시,우즈베키스탄,
2016-06,경기도,성남시 분당구,터키,
2016-06,경기도,하남시,벨라루스,
2016-06,경기도,동두천시,중화민국 (대만),
2016-06,경기도,용인시 수지구,카자흐스탄,
2016-06,경기도,군포시,브라질,
2016-06,경기도,이천시,영국,
2016-06,경기도,광명시,아랍에미리트,
2016-06,경기도,안산시 단원구,필리핀,
2016-06,경기도,포천시,일본,
2016-06,경기도,구리시,오스트레일리아 (호주),
2016-06,경기도,의왕시,스페인,
