기준년월,시도명,시군구명,국적명,인구평균수
2017-05,경기도,수원시 장안구,스위스,
2017-05,경기도,구리시,인도네시아,
2017-05,경기도,시흥시,싱가포르,
2017-05,경기도,포천시,아랍에미리트,
2017-05,경기도,의정부시,러시아,
2017-05,경기도,군포시,독일,
2017-05,경기도,부천시,몰타,
2017-05,경기도,수원시 영통구,노르웨이,
2017-05,경기도,안산시 단원구,스페인,
2017-05,경기도,안양시 동안구,이스라엘,
2017-05,경기도,연천군,중화민국 (대만),
2017-05,경기도,광명시,미국,
2017-05,경기도,용인시 수지구,쿠웨이트,
2017-05,경기도,고양시 덕양구,스웨덴,
2017-05,경기도,과천시,북마리아나 제도,
2017-05,경기도,남양주시,이탈리아,
2017-05,경기도,파주시,필리핀,
2017-05,경기도,고양시 일산서구,콜롬비아,
2017-05,경기도,안산시 상록구,카자흐스탄,
2017-05,경기도,용인시 기흥구,카자흐스탄,
2017-05,경기도,동두천시,오스트리아,
2017-05,경기도,성남시 분당구,말레이시아,
2017-05,경기도,이천시,아랍에미리트,
2017-05,경기도,양주시,스페인,
2017-05,경기도,양평군,오스트레일리아 (호주),
2017-05,경기도,용인시 처인구,마카오,
2017-05,경기도,하남시,괌,
2017-05,경기도,수원시 권선구,오스트리아,
2017-05,경기도,김포시,이란,
2017-05,경기도,안성시,우즈베키스탄,
2017-05,경기도,안양시 만안구,헝가리,
2017-05,경기도,가평군,인도네시아,
2017-05,경기도,수원시 팔달구,벨기에,
2017-05,경기도,고양시 일산동구,네덜란드,
2017-05,경기도,의왕시,독일,
2017-05,경기도,성남시 중원구,괌,
2017-05,경기도,여주시,핀란드,
2017-05,경기도,오산시,이스라엘,
2017-05,경기도,성남시 수정구,스리랑카,
2017-05,경기도,평택시,이스라엘,
2017-05,경기도,광주시,벨기에,
2017-05,경기도,화성시,미얀마,
