기준년월,시도명,시군구명,국적명,인구평균수
2016-12,경기도,안산시 상록구,엘살바도르,
2016-12,경기도,부천시,에스토니아,
2016-12,경기도,평택시,중화인민공화국,
2016-12,경기도,의왕시,벨기에,
2016-12,경기도,과천시,오스트레일리아 (호주),
2016-12,경기도,수원시 장안구,아랍에미리트,
2016-12,경기도,수원시 팔달구,슬로베니아,
2016-12,경기도,광주시,베트남,
2016-12,경기도,하남시,노르웨이,
2016-12,경기도,안양시 만안구,불가리아,
2016-12,경기도,김포시,말레이시아,
2016-12,경기도,남양주시,인도네시아,
2016-12,경기도,동두천시,일본,
2016-12,경기도,안산시 단원구,네팔,
2016-12,경기도,용인시 처인구,미국,
2016-12,경기도,성남시 분당구,체코,
2016-12,경기도,오산시,캐나다,
2016-12,경기도,용인시 기흥구,카타르,
2016-12,경기도,용인시 수지구,필리핀,
2016-12,경기도,화성시,말레이시아,
2016-12,경기도,성남시 수정구,스페인,
2016-12,경기도,안양시 동안구,홍콩,
2016-12,경기도,이천시,오스트레일리아 (호주),
2016-12,경기도,포천시,말레이시아,
2016-12,경기도,광명시,오스트레일리아 (호주),
2016-12,경기도,고양시 일산서구,일본,
2016-12,경기도,성남시 중원구,스페인,
2016-12,경기도,구리시,베트남,
2016-12,경기도,안성시,스리랑카,
2016-12,경기도,고양시 일산동구,체코,
2016-12,경기도,군포시,멕시코,
2016-12,경기도,양주시,필리핀,
2016-12,경기도,파주시,체코,
2016-12,경기도,수원시 권선구,크로아티아,
2016-12,경기도,양평군,캐나다,
2016-12,경기도,고양시 덕양구,몽골,
2016-12,경기도,의정부시,영국,
2016-12,경기도,여주시,인도,
2016-12,경기도,가평군,중화인민공화국,
2016-12,경기도,연천군,홍콩,
2016-12,경기도,시흥시,이탈리아,
2016-12,경기도,수원시 영통구,노르웨이,
