기준년월,시도명,시군구명,국적명,인구평균수
2019-01,경기도,군포시,그리스,1.24000
2019-01,경기도,성남시 분당구,호주,1686.31000
2019-01,경기도,남양주시,호주,163.59000
2019-01,경기도,용인시 수지구,체코,20.06000
2019-01,경기도,성남시 수정구,일본,1141.13000
2019-01,경기도,파주시,체코,11.69000
2019-01,경기도,하남시,아랍에미리트,0.24000
2019-01,경기도,시흥시,멕시코,0.08000
2019-01,경기도,오산시,남아프리카공화국,0.58000
2019-01,경기도,용인시 처인구,뉴칼레도니아,0.50000
2019-01,경기도,여주시,인도네시아,65.20000
2019-01,경기도,광명시,우크라이나,0.25000
2019-01,경기도,가평군,이탈리아,9.30000
2019-01,경기도,구리시,카자흐스탄,0.59000
2019-01,경기도,평택시,체코,84.90000
2019-01,경기도,수원시 장안구,네덜란드,13.64000
2019-01,경기도,포천시,스위스,0.00000
2019-01,경기도,동두천시,터키,704.88000
2019-01,경기도,안양시 동안구,헝가리,10.44000
2019-01,경기도,수원시 권선구,베트남,306.24000
2019-01,경기도,과천시,우크라이나,4.24000
2019-01,경기도,광주시,이탈리아,23.32000
2019-01,경기도,성남시 중원구,인도,20.44000
2019-01,경기도,수원시 팔달구,인도네시아,83.00000
2019-01,경기도,의왕시,괌,0.18000
2019-01,경기도,양주시,네덜란드,17.65000
2019-01,경기도,이천시,인도네시아,54.41000
2019-01,경기도,용인시 기흥구,크로아티아,3.58000
2019-01,경기도,화성시,홍콩,255.32000
2019-01,경기도,고양시 덕양구,벨기에,59.40000
2019-01,경기도,고양시 일산동구,헝가리,1.61000
2019-01,경기도,안산시 상록구,마카오,0.03000
2019-01,경기도,안양시 만안구,이스라엘,1.26000
2019-01,경기도,김포시,남아프리카공화국,0.08000
2019-01,경기도,수원시 영통구,호주,40.96000
2019-01,경기도,안성시,인도네시아,43.00000
2019-01,경기도,양평군,필리핀,80.96000
2019-01,경기도,안산시 단원구,인도네시아,264.26000
2019-01,경기도,부천시,마카오,17.49000
2019-01,경기도,연천군,이탈리아,0.00000
2019-01,경기도,고양시 일산서구,스위스,22.41000
2019-01,경기도,의정부시,라오스,0.48000
