기준년월,시도명,시군구명,국적명,인구평균수
2019-09,경기도,안산시 상록구,우크라이나,49.66000
2019-09,경기도,광명시,스웨덴,16.18000
2019-09,경기도,양주시,리투아니아,0.16000
2019-09,경기도,오산시,홍콩,75.05000
2019-09,경기도,안산시 단원구,브라질,13.02000
2019-09,경기도,용인시 기흥구,스웨덴,89.45000
2019-09,경기도,성남시 중원구,스리랑카,20.17000
2019-09,경기도,가평군,과테말라,0.01000
2019-09,경기도,고양시 일산동구,홍콩,261.87000
2019-09,경기도,수원시 팔달구,타이,429.35000
2019-09,경기도,파주시,헝가리,61.32000
2019-09,경기도,안양시 만안구,남아프리카공화국,26.10000
2019-09,경기도,평택시,영국,414.15000
2019-09,경기도,하남시,영국,4.74000
2019-09,경기도,동두천시,일본,481.92000
2019-09,경기도,수원시 장안구,오스트리아,13.40000
2019-09,경기도,안성시,그리스,2.70000
2019-09,경기도,포천시,이탈리아,45.74000
2019-09,경기도,화성시,불가리아,80.19000
2019-09,경기도,남양주시,이탈리아,5.93000
2019-09,경기도,수원시 영통구,우크라이나,45.90000
2019-09,경기도,여주시,오스트리아,14.86000
2019-09,경기도,고양시 일산서구,미국,1303.61000
2019-09,경기도,과천시,아랍에미리트,4.11000
2019-09,경기도,구리시,카자흐스탄,3.92000
2019-09,경기도,용인시 수지구,영국,63.43000
2019-09,경기도,고양시 덕양구,캐나다,933.53000
2019-09,경기도,성남시 수정구,오스트리아,22.65000
2019-09,경기도,시흥시,이탈리아,60.08000
2019-09,경기도,의정부시,중국,4102.11000
2019-09,경기도,부천시,프랑스,195.53000
2019-09,경기도,양평군,덴마크,0.02000
2019-09,경기도,의왕시,프랑스,82.43000
2019-09,경기도,수원시 권선구,홍콩,309.93000
2019-09,경기도,안양시 동안구,호주,619.28000
2019-09,경기도,군포시,스웨덴,8.32000
2019-09,경기도,이천시,미국,1053.78000
2019-09,경기도,광주시,러시아,67.41000
2019-09,경기도,연천군,스리랑카,7.95000
2019-09,경기도,용인시 처인구,싱가포르,139.28000
2019-09,경기도,성남시 분당구,터키,41.69000
2019-09,경기도,김포시,타이,1016.32000
