기준년월,시도명,시군구명,국적명,인구평균수
2015-03,경기도,안산시 단원구,스웨덴,
2015-03,경기도,수원시 권선구,러시아,
2015-03,경기도,여주시,미국,
2015-03,경기도,수원시 영통구,그리스,
2015-03,경기도,오산시,타이,
2015-03,경기도,연천군,타이,
2015-03,경기도,과천시,인도네시아,
2015-03,경기도,김포시,슬로베니아,
2015-03,경기도,성남시 수정구,타이,
2015-03,경기도,수원시 팔달구,일본,
2015-03,경기도,광주시,미국,
2015-03,경기도,안성시,말레이시아,
2015-03,경기도,안양시 만안구,인도,
2015-03,경기도,용인시 기흥구,카타르,
2015-03,경기도,용인시 처인구,스리랑카,
2015-03,경기도,이천시,미국,
2015-03,경기도,군포시,필리핀,
2015-03,경기도,수원시 장안구,중화민국 (대만),
2015-03,경기도,의정부시,홍콩,
2015-03,경기도,화성시,핀란드,
2015-03,경기도,고양시 일산동구,일본,
2015-03,경기도,고양시 일산서구,중화민국 (대만),
2015-03,경기도,안산시 상록구,일본,
2015-03,경기도,양주시,캐나다,
2015-03,경기도,고양시 덕양구,말레이시아,
2015-03,경기도,부천시,스페인,
2015-03,경기도,광명시,아랍에미리트,
2015-03,경기도,양평군,홍콩,
2015-03,경기도,포천시,인도네시아,
2015-03,경기도,성남시 중원구,프랑스,
2015-03,경기도,용인시 수지구,터키,
2015-03,경기도,남양주시,칠레,
2015-03,경기도,의왕시,미국,
2015-03,경기도,구리시,영국,
2015-03,경기도,평택시,칠레,
2015-03,경기도,하남시,중화민국 (대만),
2015-03,경기도,안양시 동안구,체코,
2015-03,경기도,파주시,사우디아라비아,
2015-03,경기도,가평군,스웨덴,
2015-03,경기도,성남시 분당구,잠비아,
2015-03,경기도,동두천시,부탄,
2015-03,경기도,시흥시,마카오,
