기준년월,시도명,시군구명,국적명,인구평균수
2017-06,경기도,부천시,불가리아,
2017-06,경기도,시흥시,브라질,
2017-06,경기도,안산시 단원구,타이,
2017-06,경기도,가평군,헝가리,
2017-06,경기도,여주시,벨기에,
2017-06,경기도,성남시 분당구,벨라루스,
2017-06,경기도,안산시 상록구,그리스,
2017-06,경기도,용인시 수지구,홍콩,
2017-06,경기도,안양시 만안구,일본,
2017-06,경기도,용인시 기흥구,페루,
2017-06,경기도,수원시 장안구,헝가리,
2017-06,경기도,용인시 처인구,아르헨티나,
2017-06,경기도,포천시,인도네시아,
2017-06,경기도,수원시 영통구,사우디아라비아,
2017-06,경기도,의정부시,인도네시아,
2017-06,경기도,평택시,터키,
2017-06,경기도,고양시 덕양구,그리스,
2017-06,경기도,안양시 동안구,폴란드,
2017-06,경기도,이천시,카자흐스탄,
2017-06,경기도,군포시,루마니아,
2017-06,경기도,오산시,요르단,
2017-06,경기도,파주시,오스트레일리아 (호주),
2017-06,경기도,고양시 일산동구,카타르,
2017-06,경기도,고양시 일산서구,캄보디아,
2017-06,경기도,구리시,카타르,
2017-06,경기도,연천군,일본,
2017-06,경기도,남양주시,필리핀,
2017-06,경기도,의왕시,괌,
2017-06,경기도,성남시 수정구,아제르바이잔,
2017-06,경기도,수원시 권선구,스위스,
2017-06,경기도,화성시,네팔,
2017-06,경기도,광명시,타이,
2017-06,경기도,수원시 팔달구,이탈리아,
2017-06,경기도,양평군,일본,
2017-06,경기도,광주시,인도네시아,
2017-06,경기도,동두천시,영국,
2017-06,경기도,과천시,알바니아,
2017-06,경기도,양주시,아랍에미리트,
2017-06,경기도,성남시 중원구,노르웨이,
2017-06,경기도,하남시,이스라엘,
2017-06,경기도,김포시,아랍에미리트,
2017-06,경기도,안성시,체코,
