기준년월,시도명,시군구명,국적명,인구평균수
2017-08,경기도,고양시 일산서구,타이,
2017-08,경기도,수원시 장안구,아랍에미리트,
2017-08,경기도,안산시 단원구,슬로바키아,
2017-08,경기도,시흥시,남아프리카 공화국,
2017-08,경기도,용인시 수지구,스웨덴,
2017-08,경기도,연천군,영국,
2017-08,경기도,광명시,아일랜드,
2017-08,경기도,수원시 팔달구,괌,
2017-08,경기도,양주시,스웨덴,
2017-08,경기도,과천시,터키,
2017-08,경기도,수원시 권선구,이집트,
2017-08,경기도,김포시,아랍에미리트,
2017-08,경기도,안성시,미국,
2017-08,경기도,안양시 만안구,핀란드,
2017-08,경기도,고양시 덕양구,캄보디아,
2017-08,경기도,수원시 영통구,폴란드,
2017-08,경기도,양평군,아랍에미리트,
2017-08,경기도,의정부시,홍콩,
2017-08,경기도,성남시 분당구,오스트레일리아 (호주),
2017-08,경기도,오산시,타이,
2017-08,경기도,파주시,프랑스,
2017-08,경기도,포천시,독일,
2017-08,경기도,군포시,일본,
2017-08,경기도,성남시 중원구,체코,
2017-08,경기도,용인시 처인구,쿠웨이트,
2017-08,경기도,남양주시,오스트리아,
2017-08,경기도,화성시,미얀마,
2017-08,경기도,의왕시,사우디아라비아,
2017-08,경기도,가평군,중화민국 (대만),
2017-08,경기도,용인시 기흥구,폴란드,
2017-08,경기도,하남시,체코,
2017-08,경기도,광주시,말레이시아,
2017-08,경기도,성남시 수정구,터키,
2017-08,경기도,구리시,프랑스,
2017-08,경기도,평택시,중화인민공화국,
2017-08,경기도,안양시 동안구,말레이시아,
2017-08,경기도,안산시 상록구,페루,
2017-08,경기도,고양시 일산동구,러시아,
2017-08,경기도,부천시,괌,
2017-08,경기도,동두천시,미국,
2017-08,경기도,여주시,네덜란드,
2017-08,경기도,이천시,페루,
