기준년월,시도명,시군구명,국적명,인구평균수
2015-09,경기도,안산시 상록구,타이,
2015-09,경기도,성남시 수정구,아일랜드,
2015-09,경기도,안성시,네덜란드,
2015-09,경기도,남양주시,루마니아,
2015-09,경기도,여주시,홍콩,
2015-09,경기도,수원시 권선구,아르헨티나,
2015-09,경기도,수원시 영통구,브라질,
2015-09,경기도,성남시 중원구,브라질,
2015-09,경기도,연천군,타이,
2015-09,경기도,용인시 처인구,중화인민공화국,
2015-09,경기도,김포시,덴마크,
2015-09,경기도,고양시 일산동구,프랑스,
2015-09,경기도,가평군,일본,
2015-09,경기도,수원시 장안구,이탈리아,
2015-09,경기도,용인시 기흥구,우크라이나,
2015-09,경기도,의정부시,중화민국 (대만),
2015-09,경기도,포천시,중화민국 (대만),
2015-09,경기도,고양시 덕양구,중화민국 (대만),
2015-09,경기도,광명시,노르웨이,
2015-09,경기도,양평군,싱가포르,
2015-09,경기도,하남시,베트남,
2015-09,경기도,과천시,필리핀,
2015-09,경기도,안산시 단원구,체코,
2015-09,경기도,안양시 만안구,노르웨이,
2015-09,경기도,의왕시,몽골,
2015-09,경기도,양주시,캐나다,
2015-09,경기도,고양시 일산서구,타이,
2015-09,경기도,화성시,폴란드,
2015-09,경기도,구리시,필리핀,
2015-09,경기도,오산시,체코,
2015-09,경기도,이천시,오스트레일리아 (호주),
2015-09,경기도,수원시 팔달구,슬로바키아,
2015-09,경기도,평택시,브라질,
2015-09,경기도,시흥시,몽골,
2015-09,경기도,안양시 동안구,스리랑카,
2015-09,경기도,성남시 분당구,가나,
2015-09,경기도,광주시,일본,
2015-09,경기도,동두천시,아랍에미리트,
2015-09,경기도,군포시,오스트리아,
2015-09,경기도,용인시 수지구,미국,
2015-09,경기도,파주시,캐나다,
2015-09,경기도,부천시,칠레,
