기준년월,시도명,시군구명,국적명,인구평균수
2017-01,경기도,안성시,인도,
2017-01,경기도,화성시,러시아,
2017-01,경기도,연천군,네덜란드,
2017-01,경기도,고양시 일산동구,스페인,
2017-01,경기도,고양시 덕양구,아랍에미리트,
2017-01,경기도,김포시,오스트리아,
2017-01,경기도,가평군,아랍에미리트,
2017-01,경기도,시흥시,말레이시아,
2017-01,경기도,군포시,방글라데시,
2017-01,경기도,성남시 중원구,일본,
2017-01,경기도,광주시,스리랑카,
2017-01,경기도,용인시 기흥구,러시아,
2017-01,경기도,동두천시,일본,
2017-01,경기도,수원시 권선구,헝가리,
2017-01,경기도,안산시 단원구,이탈리아,
2017-01,경기도,용인시 수지구,남아프리카 공화국,
2017-01,경기도,의왕시,프랑스,
2017-01,경기도,이천시,일본,
2017-01,경기도,구리시,우즈베키스탄,
2017-01,경기도,남양주시,러시아,
2017-01,경기도,부천시,사우디아라비아,
2017-01,경기도,수원시 장안구,중화민국 (대만),
2017-01,경기도,안산시 상록구,스리랑카,
2017-01,경기도,고양시 일산서구,이스라엘,
2017-01,경기도,성남시 수정구,브라질,
2017-01,경기도,의정부시,뉴질랜드,
2017-01,경기도,수원시 영통구,브라질,
2017-01,경기도,수원시 팔달구,불가리아,
2017-01,경기도,양주시,남아프리카 공화국,
2017-01,경기도,오산시,캐나다,
2017-01,경기도,광명시,싱가포르,
2017-01,경기도,양평군,러시아,
2017-01,경기도,파주시,우즈베키스탄,
2017-01,경기도,안양시 동안구,필리핀,
2017-01,경기도,안양시 만안구,핀란드,
2017-01,경기도,하남시,이스라엘,
2017-01,경기도,용인시 처인구,인도,
2017-01,경기도,여주시,이탈리아,
2017-01,경기도,평택시,체코,
2017-01,경기도,성남시 분당구,필리핀,
2017-01,경기도,과천시,우즈베키스탄,
2017-01,경기도,포천시,스리랑카,
