기준년월,시도명,시군구명,국적명,인구평균수
2016-01,경기도,수원시 장안구,남아프리카 공화국,
2016-01,경기도,의왕시,스웨덴,
2016-01,경기도,오산시,스페인,
2016-01,경기도,고양시 일산서구,아랍에미리트,
2016-01,경기도,이천시,크로아티아,
2016-01,경기도,성남시 수정구,프랑스,
2016-01,경기도,수원시 영통구,필리핀,
2016-01,경기도,양주시,아랍에미리트,
2016-01,경기도,안산시 단원구,홍콩,
2016-01,경기도,용인시 수지구,미국,
2016-01,경기도,의정부시,중화인민공화국,
2016-01,경기도,군포시,싱가포르,
2016-01,경기도,가평군,크로아티아,
2016-01,경기도,고양시 일산동구,괌,
2016-01,경기도,구리시,싱가포르,
2016-01,경기도,부천시,이스라엘,
2016-01,경기도,연천군,싱가포르,
2016-01,경기도,용인시 기흥구,터키,
2016-01,경기도,파주시,스위스,
2016-01,경기도,시흥시,타이,
2016-01,경기도,안산시 상록구,캐나다,
2016-01,경기도,여주시,스위스,
2016-01,경기도,평택시,체코,
2016-01,경기도,광주시,남아프리카 공화국,
2016-01,경기도,안성시,캐나다,
2016-01,경기도,동두천시,이탈리아,
2016-01,경기도,양평군,사우디아라비아,
2016-01,경기도,성남시 중원구,홍콩,
2016-01,경기도,포천시,홍콩,
2016-01,경기도,광명시,러시아,
2016-01,경기도,김포시,중화민국 (대만),
2016-01,경기도,용인시 처인구,알제리,
2016-01,경기도,성남시 분당구,싱가포르,
2016-01,경기도,수원시 권선구,베트남,
2016-01,경기도,수원시 팔달구,프랑스,
2016-01,경기도,고양시 덕양구,일본,
2016-01,경기도,안양시 동안구,체코,
2016-01,경기도,과천시,브라질,
2016-01,경기도,화성시,베트남,
2016-01,경기도,하남시,노르웨이,
2016-01,경기도,남양주시,이탈리아,
2016-01,경기도,안양시 만안구,우크라이나,
