기준년월,시도명,시군구명,국적명,인구평균수
2019-05,경기도,시흥시,싱가포르,254.08000
2019-05,경기도,오산시,헝가리,0.01000
2019-05,경기도,안양시 동안구,피지,90.35000
2019-05,경기도,동두천시,중국,1814.22000
2019-05,경기도,안양시 만안구,스웨덴,14.39000
2019-05,경기도,안성시,뉴질랜드,0.57000
2019-05,경기도,양주시,러시아,228.89000
2019-05,경기도,이천시,말레이시아,208.26000
2019-05,경기도,평택시,이스라엘,34.74000
2019-05,경기도,가평군,네덜란드,7.16000
2019-05,경기도,과천시,베트남,240.56000
2019-05,경기도,고양시 일산서구,독일,75.64000
2019-05,경기도,부천시,브라질,8.23000
2019-05,경기도,양평군,타이,146.15000
2019-05,경기도,고양시 일산동구,중국,8183.49000
2019-05,경기도,성남시 수정구,타이,372.20000
2019-05,경기도,김포시,아일랜드,1.43000
2019-05,경기도,성남시 분당구,캄보디아,868.70000
2019-05,경기도,수원시 장안구,체코,5.74000
2019-05,경기도,연천군,홍콩,26.75000
2019-05,경기도,용인시 기흥구,사우디아라비아,0.02000
2019-05,경기도,포천시,필리핀,83.51000
2019-05,경기도,하남시,스웨덴,0.04000
2019-05,경기도,광명시,뉴질랜드,36.32000
2019-05,경기도,수원시 권선구,뉴질랜드,27.87000
2019-05,경기도,군포시,이스라엘,0.34000
2019-05,경기도,용인시 처인구,괌,3.52000
2019-05,경기도,수원시 팔달구,인도네시아,42.92000
2019-05,경기도,안산시 상록구,스위스,2.89000
2019-05,경기도,고양시 덕양구,피지,1.38000
2019-05,경기도,성남시 중원구,괌,0.10000
2019-05,경기도,의왕시,말레이시아,57.57000
2019-05,경기도,용인시 수지구,사우디아라비아,12.77000
2019-05,경기도,안산시 단원구,슬로바키아,18.60000
2019-05,경기도,수원시 영통구,노르웨이,25.97000
2019-05,경기도,의정부시,말레이시아,81.89000
2019-05,경기도,구리시,인도네시아,83.39000
2019-05,경기도,화성시,호주,1527.82000
2019-05,경기도,파주시,타이,2526.57000
2019-05,경기도,여주시,베트남,794.89000
2019-05,경기도,광주시,스위스,15.85000
2019-05,경기도,남양주시,인도,54.02000
