기준년월,시도명,시군구명,국적명,인구평균수
2020-04,경기도,김포시,루마니아,0.91000
2020-04,경기도,군포시,이스라엘,1.49000
2020-04,경기도,수원시 장안구,이탈리아,0.18000
2020-04,경기도,의왕시,헝가리,0.10000
2020-04,경기도,안양시 만안구,아일랜드,0.05000
2020-04,경기도,가평군,괌,0.04000
2020-04,경기도,고양시 일산서구,인도네시아,56.23000
2020-04,경기도,과천시,방글라데시,0.16000
2020-04,경기도,수원시 팔달구,사우디아라비아,0.52000
2020-04,경기도,광명시,니카라과,5.17000
2020-04,경기도,여주시,이탈리아,0.89000
2020-04,경기도,부천시,베트남,538.17000
2020-04,경기도,광주시,칠레,0.00000
2020-04,경기도,시흥시,그리스,3.18000
2020-04,경기도,양주시,호주,0.96000
2020-04,경기도,평택시,슬로바키아,0.47000
2020-04,경기도,남양주시,터키,0.19000
2020-04,경기도,성남시 수정구,네덜란드,20.16000
2020-04,경기도,안양시 동안구,홍콩,0.77000
2020-04,경기도,성남시 중원구,영국,3.41000
2020-04,경기도,파주시,카자흐스탄,0.18000
2020-04,경기도,포천시,그리스,0.66000
2020-04,경기도,고양시 일산동구,브라질,0.52000
2020-04,경기도,안산시 상록구,이란,0.18000
2020-04,경기도,용인시 기흥구,이탈리아,2.18000
2020-04,경기도,구리시,네덜란드,8.30000
2020-04,경기도,의정부시,스위스,0.06000
2020-04,경기도,수원시 영통구,우즈베키스탄,0.00000
2020-04,경기도,수원시 권선구,우크라이나,0.19000
2020-04,경기도,안산시 단원구,터키,0.46000
2020-04,경기도,용인시 처인구,중국,158.80000
2020-04,경기도,동두천시,인도네시아,0.01000
2020-04,경기도,용인시 수지구,방글라데시,0.00000
2020-04,경기도,안성시,괌,0.00000
2020-04,경기도,하남시,말레이시아,0.33000
2020-04,경기도,화성시,헝가리,4.89000
2020-04,경기도,양평군,브라질,0.59000
2020-04,경기도,고양시 덕양구,스웨덴,2.21000
2020-04,경기도,성남시 분당구,세르비아,0.04000
2020-04,경기도,연천군,인도네시아,1.75000
2020-04,경기도,이천시,룩셈부르크,0.21000
2020-04,경기도,오산시,말타,0.01000
