기준년월,시도명,시군구명,국적명,인구평균수
2018-10,경기도,부천시,라오스,
2018-10,경기도,화성시,이탈리아,
2018-10,경기도,양평군,마카오,
2018-10,경기도,안산시 상록구,영국,
2018-10,경기도,용인시 기흥구,남아프리카 공화국,
2018-10,경기도,안성시,스위스,
2018-10,경기도,안양시 동안구,괌,
2018-10,경기도,고양시 덕양구,불가리아,
2018-10,경기도,김포시,이스라엘,
2018-10,경기도,수원시 팔달구,파키스탄,
2018-10,경기도,이천시,홍콩,
2018-10,경기도,고양시 일산동구,싱가포르,
2018-10,경기도,안양시 만안구,이스라엘,
2018-10,경기도,용인시 수지구,캐나다,
2018-10,경기도,수원시 권선구,캐나다,
2018-10,경기도,오산시,중화민국 (대만),
2018-10,경기도,남양주시,카자흐스탄,
2018-10,경기도,가평군,필리핀,
2018-10,경기도,과천시,방글라데시,
2018-10,경기도,군포시,오스트리아,
2018-10,경기도,성남시 분당구,이탈리아,
2018-10,경기도,수원시 장안구,타이,
2018-10,경기도,시흥시,스페인,
2018-10,경기도,연천군,말레이시아,
2018-10,경기도,용인시 처인구,마카오,
2018-10,경기도,수원시 영통구,폴란드,
2018-10,경기도,파주시,스위스,
2018-10,경기도,양주시,중화민국 (대만),
2018-10,경기도,성남시 중원구,필리핀,
2018-10,경기도,안산시 단원구,카자흐스탄,
2018-10,경기도,하남시,프랑스,
2018-10,경기도,고양시 일산서구,이란,
2018-10,경기도,포천시,홍콩,
2018-10,경기도,광주시,아르헨티나,
2018-10,경기도,평택시,아르헨티나,
2018-10,경기도,여주시,남아프리카 공화국,
2018-10,경기도,의왕시,카타르,
2018-10,경기도,성남시 수정구,독일,
2018-10,경기도,동두천시,마카오,
2018-10,경기도,광명시,아르헨티나,
2018-10,경기도,구리시,멕시코,
2018-10,경기도,의정부시,홍콩,
