기준년월,시도명,시군구명,국적명,인구평균수
2020-01,경기도,광명시,이스라엘,3.33000
2020-01,경기도,화성시,네팔,190.68000
2020-01,경기도,성남시 분당구,사우디아라비아,14.00000
2020-01,경기도,여주시,싱가포르,6.28000
2020-01,경기도,안성시,터키,72.87000
2020-01,경기도,연천군,미국,46.13000
2020-01,경기도,포천시,미국,462.39000
2020-01,경기도,가평군,괌,6.21000
2020-01,경기도,과천시,에스토니아,1.79000
2020-01,경기도,부천시,캄보디아,1.47000
2020-01,경기도,양주시,오스트리아,8.82000
2020-01,경기도,수원시 영통구,벨기에,20.77000
2020-01,경기도,성남시 수정구,폴란드,5.73000
2020-01,경기도,수원시 권선구,라트비아,5.45000
2020-01,경기도,의정부시,터키,25.78000
2020-01,경기도,광주시,필리핀,155.78000
2020-01,경기도,의왕시,포르투갈,1.01000
2020-01,경기도,평택시,사우디아라비아,0.90000
2020-01,경기도,고양시 덕양구,프랑스,41.24000
2020-01,경기도,수원시 장안구,영국,23.56000
2020-01,경기도,동두천시,중국,531.02000
2020-01,경기도,시흥시,홍콩,311.53000
2020-01,경기도,고양시 일산동구,호주,289.48000
2020-01,경기도,성남시 중원구,홍콩,121.33000
2020-01,경기도,수원시 팔달구,벨기에,18.03000
2020-01,경기도,파주시,카타르,0.00000
2020-01,경기도,용인시 수지구,터키,11.97000
2020-01,경기도,군포시,마카오,0.26000
2020-01,경기도,김포시,우크라이나,0.25000
2020-01,경기도,양평군,홍콩,217.83000
2020-01,경기도,안산시 상록구,아르헨티나,14.93000
2020-01,경기도,하남시,노르웨이,0.00000
2020-01,경기도,구리시,이란,0.03000
2020-01,경기도,안산시 단원구,필리핀,135.90000
2020-01,경기도,오산시,카타르,0.17000
2020-01,경기도,용인시 처인구,괌,0.16000
2020-01,경기도,용인시 기흥구,체코,4.42000
2020-01,경기도,이천시,홍콩,204.55000
2020-01,경기도,안양시 동안구,스리랑카,5.82000
2020-01,경기도,안양시 만안구,터키,5.21000
2020-01,경기도,고양시 일산서구,헝가리,1.58000
2020-01,경기도,남양주시,과테말라,0.00000
