기준년월,시도명,시군구명,국적명,인구평균수
2015-06,경기도,수원시 장안구,리투아니아,
2015-06,경기도,군포시,알제리,
2015-06,경기도,오산시,캐나다,
2015-06,경기도,양주시,러시아,
2015-06,경기도,수원시 권선구,영국,
2015-06,경기도,여주시,중화민국 (대만),
2015-06,경기도,김포시,케냐,
2015-06,경기도,포천시,캐나다,
2015-06,경기도,성남시 분당구,루마니아,
2015-06,경기도,고양시 일산동구,싱가포르,
2015-06,경기도,부천시,스페인,
2015-06,경기도,고양시 일산서구,남아프리카 공화국,
2015-06,경기도,성남시 중원구,홍콩,
2015-06,경기도,평택시,이스라엘,
2015-06,경기도,동두천시,스리랑카,
2015-06,경기도,안산시 단원구,터키,
2015-06,경기도,안양시 동안구,라트비아,
2015-06,경기도,안양시 만안구,베트남,
2015-06,경기도,용인시 수지구,뉴질랜드,
2015-06,경기도,광주시,뉴질랜드,
2015-06,경기도,남양주시,오스트리아,
2015-06,경기도,수원시 팔달구,그리스,
2015-06,경기도,하남시,벨기에,
2015-06,경기도,수원시 영통구,핀란드,
2015-06,경기도,용인시 기흥구,모리셔스,
2015-06,경기도,구리시,필리핀,
2015-06,경기도,이천시,중화민국 (대만),
2015-06,경기도,시흥시,독일,
2015-06,경기도,의정부시,스리랑카,
2015-06,경기도,성남시 수정구,이탈리아,
2015-06,경기도,양평군,말레이시아,
2015-06,경기도,연천군,일본,
2015-06,경기도,용인시 처인구,미얀마,
2015-06,경기도,의왕시,인도,
2015-06,경기도,화성시,쿠웨이트,
2015-06,경기도,안산시 상록구,이스라엘,
2015-06,경기도,파주시,미국,
2015-06,경기도,가평군,싱가포르,
2015-06,경기도,과천시,체코,
2015-06,경기도,안성시,오스트리아,
2015-06,경기도,광명시,러시아,
2015-06,경기도,고양시 덕양구,라트비아,
