기준년월,시도명,시군구명,국적명,사용금액
2015-05,경기도,성남시 중원구,벨리즈,189950
2015-05,경기도,오산시,엘살바도르,4900
2015-05,경기도,수원시 장안구,과테말라,272100
2015-05,경기도,부천시,슬로바키아,288290
2015-05,경기도,의정부시,영국,2115720
2015-05,경기도,용인시 기흥구,바레인,88000
2015-05,경기도,구리시,네덜란드,36200
2015-05,경기도,수원시 영통구,네덜란드,1504270
2015-05,경기도,용인시 처인구,체코,152950
2015-05,경기도,파주시,독일,3066090
2015-05,경기도,남양주시,인도네시아,1776930
2015-05,경기도,평택시,카자흐스탄,138310
2015-05,경기도,안산시 상록구,루마니아,113100
2015-05,경기도,안성시,브라질,20000
2015-05,경기도,안양시 동안구,파나마,392000
2015-05,경기도,성남시 분당구,체코,2378300
2015-05,경기도,고양시 일산동구,방글라데시,52932
2015-05,경기도,광명시,우크라이나,90000
2015-05,경기도,의왕시,필리핀,304700
2015-05,경기도,화성시,노르웨이,542498
2015-05,경기도,고양시 일산서구,스리랑카,108600
2015-05,경기도,동두천시,스웨덴,38300
2015-05,경기도,안산시 단원구,일본,52733530
2015-05,경기도,포천시,오스트레일리아,2583400
2015-05,경기도,김포시,일본,34896723
2015-05,경기도,양평군,필리핀,87000
2015-05,경기도,성남시 수정구,러시아,657560
2015-05,경기도,군포시,방글라데시,11000
2015-05,경기도,안양시 만안구,헝가리,20000
2015-05,경기도,용인시 수지구,러시아,1837740
2015-05,경기도,가평군,홍콩,12753451
2015-05,경기도,수원시 권선구,덴마크,201300
2015-05,경기도,시흥시,칠레,752700
2015-05,경기도,과천시,독일,1381900
2015-05,경기도,양주시,몽고,373200
2015-05,경기도,여주시,필리핀,9799100
2015-05,경기도,연천군,아랍에미레이트,14500
2015-05,경기도,수원시 팔달구,노르웨이,1047400
2015-05,경기도,하남시,홍콩,5218800
2015-05,경기도,고양시 덕양구,미국,60783642
2015-05,경기도,광주시,체코,254020
2015-05,경기도,이천시,방글라데시,2078500
