기준년월,시도명,시군구명,국적명,사용금액
2016-05,경기도,성남시 중원구,핀란드,103270
2016-05,경기도,수원시 권선구,미국,66437165
2016-05,경기도,용인시 기흥구,,22000
2016-05,경기도,양평군,우즈베키스탄,28730
2016-05,경기도,가평군,싱가폴,2526970
2016-05,경기도,안산시 상록구,마카오,32400
2016-05,경기도,이천시,홍콩,22610270
2016-05,경기도,포천시,영국,1078700
2016-05,경기도,김포시,홍콩,11797680
2016-05,경기도,안성시,이집트,40000
2016-05,경기도,파주시,키르기스스탄,10000
2016-05,경기도,오산시,대만,34412380
2016-05,경기도,고양시 덕양구,태국,2577230
2016-05,경기도,의정부시,과테말라,4103299
2016-05,경기도,남양주시,멕시코,105450
2016-05,경기도,안양시 만안구,프랑스,844260
2016-05,경기도,양주시,사우디아라비아,324700
2016-05,경기도,평택시,인도,4261840
2016-05,경기도,부천시,네덜란드,1905750
2016-05,경기도,하남시,독일,935400
2016-05,경기도,용인시 수지구,싱가폴,10371040
2016-05,경기도,구리시,이탈리아,99000
2016-05,경기도,성남시 수정구,터키,173320
2016-05,경기도,수원시 장안구,네덜란드,80300
2016-05,경기도,여주시,리비아,129000
2016-05,경기도,과천시,루마니아,18000
2016-05,경기도,용인시 처인구,카자흐스탄,3050300
2016-05,경기도,수원시 영통구,조지아,80500
2016-05,경기도,안산시 단원구,네덜란드,647030
2016-05,경기도,안양시 동안구,노르웨이,95720
2016-05,경기도,의왕시,독일,333504
2016-05,경기도,고양시 일산서구,바하마,43000
2016-05,경기도,광명시,독일,6760400
2016-05,경기도,동두천시,스리랑카,325300
2016-05,경기도,광주시,파라과이,72000
2016-05,경기도,성남시 분당구,파나마,144500
2016-05,경기도,연천군,싱가폴,19000
2016-05,경기도,화성시,우즈베키스탄,1745700
2016-05,경기도,고양시 일산동구,포르투칼,33500
2016-05,경기도,수원시 팔달구,네팔,98700
2016-05,경기도,군포시,말레이지아,507140
2016-05,경기도,시흥시,스위스,104400
