기준년월,시도명,시군구명,국적명,사용금액
2015-01,경기도,남양주시,스리랑카,26110
2015-01,경기도,이천시,헝가리,89900
2015-01,경기도,성남시 수정구,캐나다,2132790
2015-01,경기도,과천시,스위스,553500
2015-01,경기도,안산시 상록구,폴란드,333700
2015-01,경기도,용인시 수지구,인도네시아,946420
2015-01,경기도,파주시,바레인,820000
2015-01,경기도,구리시,앙골라,68500
2015-01,경기도,김포시,파나마,2010500
2015-01,경기도,수원시 장안구,네덜란드,196620
2015-01,경기도,포천시,베트남,180500
2015-01,경기도,여주시,캐나다,4732130
2015-01,경기도,수원시 권선구,남아프리카공화국,8000
2015-01,경기도,오산시,조지아,6000
2015-01,경기도,양평군,영국,1350150
2015-01,경기도,용인시 기흥구,폴란드,293130
2015-01,경기도,가평군,네덜란드,38000
2015-01,경기도,고양시 덕양구,브루나이드루살렘,66000
2015-01,경기도,고양시 일산동구,멕시코,527880
2015-01,경기도,의정부시,사우디아라비아,33450
2015-01,경기도,평택시,칠레,898000
2015-01,경기도,하남시,폴란드,3800
2015-01,경기도,고양시 일산서구,홍콩,8339742
2015-01,경기도,광명시,카자흐스탄,252000
2015-01,경기도,성남시 분당구,헝가리,2631700
2015-01,경기도,안산시 단원구,페루,10900
2015-01,경기도,수원시 팔달구,인도네시아,15118940
2015-01,경기도,용인시 처인구,라트비아,91600
2015-01,경기도,부천시,몰도바,19000
2015-01,경기도,수원시 영통구,카자흐스탄,254210
2015-01,경기도,시흥시,사우디아라비아,133060
2015-01,경기도,군포시,싸이프러스,2000
2015-01,경기도,동두천시,벨기에,11700
2015-01,경기도,광주시,인도,687200
2015-01,경기도,안양시 만안구,케냐,99000
2015-01,경기도,안성시,오스트레일리아,2614800
2015-01,경기도,화성시,중국,1354802233
2015-01,경기도,성남시 중원구,말레이지아,1171390
2015-01,경기도,의왕시,멕시코,46600
2015-01,경기도,안양시 동안구,노르웨이,243911
2015-01,경기도,양주시,이스라엘,22000
2015-01,경기도,연천군,미국,5851366
