기준년월,시도명,시군구명,국적명,사용금액
2015-10,경기도,고양시 일산서구,파키스탄,39500
2015-10,경기도,성남시 분당구,오스트리아,10584670
2015-10,경기도,안산시 상록구,홍콩,4440320
2015-10,경기도,수원시 팔달구,우즈베키스탄,1700
2015-10,경기도,오산시,뉴질랜드,4500
2015-10,경기도,의정부시,불가리아,12000
2015-10,경기도,고양시 덕양구,마카오,176000
2015-10,경기도,수원시 영통구,모리셔스,250900
2015-10,경기도,양주시,태국,867800
2015-10,경기도,광명시,미국,115308017
2015-10,경기도,김포시,아르헨티나,86400
2015-10,경기도,성남시 중원구,베트남,675000
2015-10,경기도,부천시,터키,4964370
2015-10,경기도,양평군,칠레,412000
2015-10,경기도,고양시 일산동구,파키스탄,40000
2015-10,경기도,안성시,아르헨티나,165700
2015-10,경기도,안양시 만안구,태국,1210800
2015-10,경기도,용인시 수지구,카자흐스탄,255200
2015-10,경기도,용인시 처인구,벨리즈,53900
2015-10,경기도,이천시,슬로바키아,983620
2015-10,경기도,과천시,프랑스,543720
2015-10,경기도,남양주시,덴마크,100200
2015-10,경기도,파주시,페루,46700
2015-10,경기도,평택시,벨기에,243600
2015-10,경기도,포천시,카타르,99000
2015-10,경기도,동두천시,덴마크,195000
2015-10,경기도,구리시,싱가폴,1608370
2015-10,경기도,안산시 단원구,터키,90750
2015-10,경기도,수원시 권선구,이탈리아,1299740
2015-10,경기도,안양시 동안구,이탈리아,2569960
2015-10,경기도,연천군,인도네시아,17500
2015-10,경기도,광주시,에콰도르,324000
2015-10,경기도,수원시 장안구,과테말라,4500
2015-10,경기도,의왕시,영국,792320
2015-10,경기도,화성시,크로아티아,1380108
2015-10,경기도,시흥시,라트비아,158710
2015-10,경기도,여주시,페루,150000
2015-10,경기도,군포시,홍콩,4760720
2015-10,경기도,용인시 기흥구,멕시코,2663980
2015-10,경기도,성남시 수정구,사우디아라비아,390090
2015-10,경기도,가평군,이집트,72370
2015-10,경기도,하남시,벨기에,210200
