기준년월,시도명,시군구명,국적명,사용금액
2016-01,경기도,수원시 장안구,과테말라,58000
2016-01,경기도,의정부시,홍콩,5068432
2016-01,경기도,오산시,일본,41090025
2016-01,경기도,시흥시,홍콩,1605120
2016-01,경기도,이천시,말레이지아,18010820
2016-01,경기도,안산시 상록구,벨기에,32000
2016-01,경기도,여주시,핀란드,55400
2016-01,경기도,평택시,인도,8647990
2016-01,경기도,광명시,태국,843690
2016-01,경기도,김포시,몽고,1897040
2016-01,경기도,용인시 수지구,푸에르토리코,120000
2016-01,경기도,용인시 처인구,브라질,834450
2016-01,경기도,고양시 일산서구,사우디아라비아,130780
2016-01,경기도,성남시 수정구,태국,10130
2016-01,경기도,고양시 덕양구,인도,824430
2016-01,경기도,안양시 동안구,바레인,6800
2016-01,경기도,군포시,노르웨이,24580
2016-01,경기도,화성시,에스토니아,1305660
2016-01,경기도,수원시 영통구,체코,342690
2016-01,경기도,양주시,싱가폴,1756320
2016-01,경기도,가평군,캐나다,250300
2016-01,경기도,고양시 일산동구,룩셈부르크,36000
2016-01,경기도,구리시,홍콩,1665240
2016-01,경기도,부천시,스위스,3812350
2016-01,경기도,연천군,대만,85650
2016-01,경기도,과천시,카자흐스탄,97180
2016-01,경기도,용인시 기흥구,카타르,31200
2016-01,경기도,동두천시,싱가폴,923230
2016-01,경기도,성남시 중원구,키르기스스탄,64000
2016-01,경기도,포천시,아랍에미레이트,165000
2016-01,경기도,성남시 분당구,나이지리아,847680
2016-01,경기도,수원시 권선구,대만,3947100
2016-01,경기도,수원시 팔달구,푸에르토리코,206400
2016-01,경기도,광주시,스웨덴,114450
2016-01,경기도,안성시,아르헨티나,64000
2016-01,경기도,양평군,홍콩,806630
2016-01,경기도,안양시 만안구,카타르,4000
2016-01,경기도,파주시,오스트리아,792400
2016-01,경기도,안산시 단원구,카자흐스탄,183120
2016-01,경기도,하남시,레바논,2500
2016-01,경기도,남양주시,러시아,3940380
2016-01,경기도,의왕시,아르헨티나,42000
