기준년월,시도명,시군구명,국적명,사용금액
2016-07,경기도,포천시,캐나다,377300
2016-07,경기도,양주시,태국,2294510
2016-07,경기도,화성시,루마니아,8460094
2016-07,경기도,양평군,홍콩,1869310
2016-07,경기도,광명시,레바논,63000
2016-07,경기도,여주시,노르웨이,195450
2016-07,경기도,의왕시,브루나이드루살렘,9000
2016-07,경기도,의정부시,일본,39581505
2016-07,경기도,고양시 덕양구,마카오,673000
2016-07,경기도,광주시,벨기에,575160
2016-07,경기도,파주시,핀란드,182100
2016-07,경기도,성남시 분당구,러시아,22410060
2016-07,경기도,부천시,체코,791790
2016-07,경기도,수원시 팔달구,홍콩,43252310
2016-07,경기도,안성시,스웨덴,29800
2016-07,경기도,안양시 만안구,프랑스,974900
2016-07,경기도,용인시 기흥구,스위스,730400
2016-07,경기도,고양시 일산동구,스위스,13487280
2016-07,경기도,수원시 장안구,일본,6594500
2016-07,경기도,시흥시,이스라엘,480000
2016-07,경기도,가평군,멕시코,139350
2016-07,경기도,안산시 상록구,이집트,253280
2016-07,경기도,연천군,나이지리아,14600
2016-07,경기도,군포시,홍콩,5030340
2016-07,경기도,안산시 단원구,몽고,72450
2016-07,경기도,고양시 일산서구,일본,41924272
2016-07,경기도,용인시 수지구,말레이지아,723760
2016-07,경기도,남양주시,슬로바키아,206700
2016-07,경기도,수원시 영통구,홍콩,12626450
2016-07,경기도,하남시,홍콩,2174278
2016-07,경기도,성남시 수정구,사우디아라비아,73000
2016-07,경기도,안양시 동안구,괌,199900
2016-07,경기도,평택시,푸에르토리코,5794389
2016-07,경기도,동두천시,필리핀,580900
2016-07,경기도,수원시 권선구,카자흐스탄,209240
2016-07,경기도,과천시,태국,467350
2016-07,경기도,구리시,오스트레일리아,1450890
2016-07,경기도,용인시 처인구,오스트레일리아,8743290
2016-07,경기도,이천시,인도네시아,3289710
2016-07,경기도,성남시 중원구,남아프리카공화국,40250
2016-07,경기도,오산시,캄보디아,32000
2016-07,경기도,김포시,덴마크,47880
