기준년월,시도명,시군구명,국적명,사용금액
2015-08,경기도,고양시 덕양구,인도네시아,3808410
2015-08,경기도,고양시 일산서구,멕시코,367225
2015-08,경기도,안양시 동안구,네덜란드,940080
2015-08,경기도,하남시,필리핀,819200
2015-08,경기도,용인시 수지구,미국,125273245
2015-08,경기도,구리시,사우디아라비아,93500
2015-08,경기도,수원시 팔달구,카자흐스탄,1048090
2015-08,경기도,용인시 처인구,모잠비크,148300
2015-08,경기도,김포시,불가리아,1002000
2015-08,경기도,수원시 권선구,우즈베키스탄,3000
2015-08,경기도,의정부시,아일랜드,55000
2015-08,경기도,여주시,벨기에,39200
2015-08,경기도,이천시,,30590
2015-08,경기도,과천시,러시아,3140690
2015-08,경기도,안양시 만안구,스페인,160929
2015-08,경기도,양평군,태국,517000
2015-08,경기도,용인시 기흥구,투르크메니스탄,129590
2015-08,경기도,의왕시,오스트레일리아,540300
2015-08,경기도,동두천시,미국,889861634
2015-08,경기도,성남시 수정구,스위스,111500
2015-08,경기도,안성시,중국,95210686
2015-08,경기도,연천군,프랑스,6100
2015-08,경기도,가평군,우즈베키스탄,183190
2015-08,경기도,수원시 영통구,인도,120756498
2015-08,경기도,시흥시,아일랜드,850000
2015-08,경기도,수원시 장안구,미국,30434768
2015-08,경기도,고양시 일산동구,홍콩,19460900
2015-08,경기도,부천시,칠레,245500
2015-08,경기도,안산시 상록구,중국,230044792
2015-08,경기도,파주시,카자흐스탄,11952500
2015-08,경기도,광명시,싱가폴,7872600
2015-08,경기도,오산시,인도,3883180
2015-08,경기도,포천시,싱가폴,1091020
2015-08,경기도,광주시,핀란드,15000
2015-08,경기도,안산시 단원구,우즈베키스탄,531680
2015-08,경기도,양주시,뉴질랜드,282700
2015-08,경기도,화성시,캐나다,17510104
2015-08,경기도,남양주시,몰디브,660000
2015-08,경기도,성남시 중원구,카타르,20500
2015-08,경기도,평택시,남아프리카공화국,149680
2015-08,경기도,군포시,남아프리카공화국,92500
2015-08,경기도,성남시 분당구,이탈리아,64039460
