기준년월,시도명,시군구명,국적명,사용금액
2015-07,경기도,군포시,스위스,177900
2015-07,경기도,이천시,노르웨이,413190
2015-07,경기도,성남시 분당구,몽고,349370
2015-07,경기도,안산시 상록구,폴란드,1031000
2015-07,경기도,성남시 중원구,영국,681950
2015-07,경기도,의왕시,말라위,86800
2015-07,경기도,고양시 일산동구,나미비아,25000
2015-07,경기도,수원시 영통구,벨리즈,267200
2015-07,경기도,수원시 팔달구,벨라루스,25400
2015-07,경기도,양주시,말레이지아,637900
2015-07,경기도,안양시 만안구,미국,27320066
2015-07,경기도,고양시 일산서구,카자흐스탄,1916500
2015-07,경기도,화성시,라트비아,277405
2015-07,경기도,동두천시,필리핀,353430
2015-07,경기도,안양시 동안구,방글라데시,37600
2015-07,경기도,여주시,카자흐스탄,15227370
2015-07,경기도,김포시,말레이지아,727760
2015-07,경기도,성남시 수정구,남아프리카공화국,36000
2015-07,경기도,양평군,우즈베키스탄,32000
2015-07,경기도,연천군,오스트레일리아,95400
2015-07,경기도,시흥시,터키,60000
2015-07,경기도,안산시 단원구,에스토니아,70000
2015-07,경기도,오산시,세르비아,1842000
2015-07,경기도,파주시,싱가폴,22584370
2015-07,경기도,안성시,요르단,99700
2015-07,경기도,의정부시,키르기스스탄,55500
2015-07,경기도,용인시 기흥구,말레이지아,1088450
2015-07,경기도,남양주시,뉴질랜드,475000
2015-07,경기도,부천시,벨기에,180070
2015-07,경기도,평택시,덴마크,605100
2015-07,경기도,가평군,오스트레일리아,576240
2015-07,경기도,포천시,태국,1083780
2015-07,경기도,하남시,대만,117500
2015-07,경기도,광명시,일본,47689717
2015-07,경기도,수원시 장안구,가나,42000
2015-07,경기도,고양시 덕양구,홍콩,4930875
2015-07,경기도,용인시 처인구,홍콩,12694740
2015-07,경기도,용인시 수지구,이탈리아,832560
2015-07,경기도,광주시,터키,93170
2015-07,경기도,수원시 권선구,일본,119526470
2015-07,경기도,과천시,홍콩,1648980
2015-07,경기도,구리시,파라과이,32000
