기준년월,시도명,시군구명,국적명,사용금액
2016-11,경기도,군포시,일본,18681348
2016-11,경기도,용인시 수지구,,320060
2016-11,경기도,김포시,벨기에,52840
2016-11,경기도,성남시 중원구,태국,743800
2016-11,경기도,성남시 분당구,,335850
2016-11,경기도,수원시 영통구,덴마크,741370
2016-11,경기도,양주시,독일,389100
2016-11,경기도,의정부시,캄보디아,61000
2016-11,경기도,고양시 일산서구,페루,167000
2016-11,경기도,안산시 상록구,캐나다,1789350
2016-11,경기도,평택시,인도네시아,1863310
2016-11,경기도,포천시,덴마크,30000
2016-11,경기도,하남시,독일,2981150
2016-11,경기도,부천시,아랍에미레이트,4666760
2016-11,경기도,안양시 만안구,방글라데시,80000
2016-11,경기도,오산시,캄보디아,309200
2016-11,경기도,용인시 처인구,네덜란드,1328800
2016-11,경기도,수원시 장안구,미국,30495451
2016-11,경기도,가평군,파키스탄,9200
2016-11,경기도,고양시 일산동구,싱가폴,27418200
2016-11,경기도,수원시 권선구,말레이지아,480000
2016-11,경기도,이천시,이스라엘,753800
2016-11,경기도,광명시,일본,66537972
2016-11,경기도,광주시,마카오,39600
2016-11,경기도,안양시 동안구,괌,500000
2016-11,경기도,과천시,마카오,27500
2016-11,경기도,의왕시,스웨덴,50000
2016-11,경기도,수원시 팔달구,버뮤다,1412000
2016-11,경기도,안산시 단원구,싱가폴,8386950
2016-11,경기도,고양시 덕양구,체코,1548270
2016-11,경기도,성남시 수정구,콩고,19500
2016-11,경기도,여주시,러시아,2751660
2016-11,경기도,시흥시,러시아,1047600
2016-11,경기도,양평군,홍콩,2817400
2016-11,경기도,연천군,미국,2884730
2016-11,경기도,남양주시,영국,1352910
2016-11,경기도,동두천시,카타르,30000
2016-11,경기도,화성시,라트비아,1198610
2016-11,경기도,파주시,덴마크,1034130
2016-11,경기도,용인시 기흥구,중국,298388931
2016-11,경기도,구리시,베트남,2556200
2016-11,경기도,안성시,일본,14505210
