기준년월,시도명,시군구명,국적명,사용금액
2016-03,경기도,안양시 동안구,영국,11511300
2016-03,경기도,남양주시,,12600
2016-03,경기도,안양시 만안구,아이슬랜드,259000
2016-03,경기도,과천시,핀란드,155600
2016-03,경기도,파주시,브루나이드루살렘,2811400
2016-03,경기도,용인시 처인구,아이슬랜드,10800
2016-03,경기도,포천시,멕시코,292000
2016-03,경기도,수원시 권선구,독일,1857630
2016-03,경기도,시흥시,스리랑카,95900
2016-03,경기도,안성시,싱가폴,915700
2016-03,경기도,수원시 장안구,아랍에미레이트,35040
2016-03,경기도,이천시,베트남,415400
2016-03,경기도,안산시 단원구,,319520
2016-03,경기도,부천시,우즈베키스탄,966230
2016-03,경기도,수원시 팔달구,파나마,732150
2016-03,경기도,의왕시,방글라데시,124000
2016-03,경기도,김포시,네덜란드,250000
2016-03,경기도,의정부시,말레이지아,1930515
2016-03,경기도,평택시,콜롬비아,29000
2016-03,경기도,구리시,인도,122500
2016-03,경기도,동두천시,스웨덴,23000
2016-03,경기도,용인시 기흥구,멕시코,718270
2016-03,경기도,군포시,오스트레일리아,2728790
2016-03,경기도,여주시,아랍에미레이트,9695900
2016-03,경기도,성남시 수정구,일본,6264245
2016-03,경기도,광주시,홍콩,4523756
2016-03,경기도,용인시 수지구,미국,110670951
2016-03,경기도,수원시 영통구,아이슬랜드,32650
2016-03,경기도,양주시,파키스탄,931100
2016-03,경기도,연천군,카자흐스탄,5520
2016-03,경기도,하남시,중국,117254675
2016-03,경기도,고양시 일산동구,몽고,322200
2016-03,경기도,고양시 일산서구,터키,6000
2016-03,경기도,안산시 상록구,파키스탄,465700
2016-03,경기도,광명시,스위스,225640
2016-03,경기도,오산시,인도네시아,1093200
2016-03,경기도,화성시,슬로바키아,710550
2016-03,경기도,양평군,말레이지아,92600
2016-03,경기도,고양시 덕양구,아르헨티나,60000
2016-03,경기도,가평군,벨기에,82700
2016-03,경기도,성남시 분당구,아랍에미레이트,33074724
2016-03,경기도,성남시 중원구,핀란드,298580
