기준년월,시도명,시군구명,국적명,사용금액
2016-10,경기도,안양시 동안구,덴마크,1737080
2016-10,경기도,의왕시,스페인,39300
2016-10,경기도,고양시 덕양구,홍콩,17000271
2016-10,경기도,안산시 단원구,홍콩,7610710
2016-10,경기도,군포시,러시아,8757940
2016-10,경기도,안성시,슬로바키아,12000
2016-10,경기도,성남시 수정구,영국,1529110
2016-10,경기도,수원시 장안구,,113250
2016-10,경기도,의정부시,캐나다,13037082
2016-10,경기도,동두천시,중국,86177140
2016-10,경기도,연천군,홍콩,39000
2016-10,경기도,안산시 상록구,영국,10187645
2016-10,경기도,용인시 처인구,말레이지아,13638680
2016-10,경기도,구리시,캐나다,2568030
2016-10,경기도,양평군,라트비아,24000
2016-10,경기도,용인시 수지구,아일랜드,750000
2016-10,경기도,파주시,태국,64174060
2016-10,경기도,하남시,싱가폴,8561320
2016-10,경기도,가평군,카타르,2579450
2016-10,경기도,고양시 일산서구,콜롬비아,42500
2016-10,경기도,수원시 팔달구,오스트리아,38101280
2016-10,경기도,여주시,이탈리아,600100
2016-10,경기도,남양주시,카타르,288690
2016-10,경기도,이천시,말레이지아,4715530
2016-10,경기도,포천시,오스트레일리아,1761900
2016-10,경기도,성남시 분당구,영국,248833445
2016-10,경기도,화성시,,46601
2016-10,경기도,수원시 영통구,사우디아라비아,81500
2016-10,경기도,광주시,루마니아,144200
2016-10,경기도,부천시,브라질,6350790
2016-10,경기도,용인시 기흥구,필리핀,3895490
2016-10,경기도,안양시 만안구,카자흐스탄,254060
2016-10,경기도,평택시,이탈리아,2323130
2016-10,경기도,고양시 일산동구,레바논,22800
2016-10,경기도,수원시 권선구,덴마크,31740
2016-10,경기도,광명시,,32850
2016-10,경기도,오산시,남아프리카공화국,305390
2016-10,경기도,과천시,캐나다,5096510
2016-10,경기도,양주시,이탈리아,7000
2016-10,경기도,성남시 중원구,멕시코,4760
2016-10,경기도,김포시,중국,592717786
2016-10,경기도,시흥시,중국,423655794
