기준년월,시도명,시군구명,국적명,사용금액
2016-02,경기도,시흥시,푸에르토리코,8500
2016-02,경기도,부천시,네덜란드,2563060
2016-02,경기도,연천군,홍콩,73070
2016-02,경기도,포천시,홍콩,1745350
2016-02,경기도,용인시 기흥구,캐나다,6877350
2016-02,경기도,가평군,네팔,141210
2016-02,경기도,고양시 덕양구,독일,1743070
2016-02,경기도,성남시 분당구,콜롬비아,21600
2016-02,경기도,안성시,스위스,34950
2016-02,경기도,이천시,스위스,50000
2016-02,경기도,군포시,우즈베키스탄,1010310
2016-02,경기도,과천시,뉴질랜드,123600
2016-02,경기도,남양주시,멕시코,54000
2016-02,경기도,수원시 장안구,영국,4977000
2016-02,경기도,동두천시,라이베리아,531900
2016-02,경기도,수원시 권선구,니카라과,19900
2016-02,경기도,수원시 영통구,영국,15134550
2016-02,경기도,용인시 수지구,케냐,1215419
2016-02,경기도,하남시,홍콩,1990106
2016-02,경기도,안양시 동안구,사우디아라비아,242200
2016-02,경기도,양주시,이스라엘,205350
2016-02,경기도,평택시,오스트레일리아,3384404
2016-02,경기도,화성시,말레이지아,5256116
2016-02,경기도,고양시 일산동구,브라질,195700
2016-02,경기도,김포시,브루나이드루살렘,735590
2016-02,경기도,여주시,미국,71360489
2016-02,경기도,성남시 수정구,프랑스,432060
2016-02,경기도,의왕시,싱가폴,369000
2016-02,경기도,의정부시,아이슬랜드,102500
2016-02,경기도,광명시,탄자니아,3500
2016-02,경기도,수원시 팔달구,베트남,8743910
2016-02,경기도,양평군,슬로바키아,11700
2016-02,경기도,성남시 중원구,태국,1016140
2016-02,경기도,안양시 만안구,인도네시아,358050
2016-02,경기도,고양시 일산서구,우크라이나,215800
2016-02,경기도,안산시 상록구,말레이지아,278770
2016-02,경기도,안산시 단원구,대만,11119950
2016-02,경기도,구리시,스페인,77150
2016-02,경기도,용인시 처인구,뉴질랜드,447700
2016-02,경기도,파주시,홍콩,67563060
2016-02,경기도,광주시,일본,7384313
2016-02,경기도,오산시,홍콩,635950
