기준년월,시도명,시군구명,국적명,사용금액
2015-04,경기도,광명시,슬로바키아,255400
2015-04,경기도,성남시 분당구,괌,1542800
2015-04,경기도,양주시,싱가폴,729390
2015-04,경기도,포천시,방글라데시,6240
2015-04,경기도,연천군,인도,34000
2015-04,경기도,수원시 권선구,멕시코,769620
2015-04,경기도,안산시 상록구,우크라이나,7900
2015-04,경기도,양평군,태국,429300
2015-04,경기도,여주시,오스트레일리아,8282200
2015-04,경기도,파주시,홍콩,57901470
2015-04,경기도,성남시 수정구,노르웨이,72900
2015-04,경기도,남양주시,괌,122500
2015-04,경기도,시흥시,카자흐스탄,198450
2015-04,경기도,고양시 덕양구,모잠비크,272000
2015-04,경기도,용인시 기흥구,브라질,493400
2015-04,경기도,평택시,벨리즈,158500
2015-04,경기도,가평군,중국,191488647
2015-04,경기도,과천시,그리스,47600
2015-04,경기도,수원시 영통구,아제르바이잔,101000
2015-04,경기도,군포시,스페인,257400
2015-04,경기도,안양시 만안구,독일,866850
2015-04,경기도,의왕시,프랑스,333563
2015-04,경기도,광주시,핀란드,845050
2015-04,경기도,구리시,카자흐스탄,552000
2015-04,경기도,용인시 수지구,인도,1091520
2015-04,경기도,용인시 처인구,칠레,209000
2015-04,경기도,수원시 팔달구,벨리즈,260250
2015-04,경기도,화성시,잠비아,12000
2015-04,경기도,김포시,벨라루스,1460000
2015-04,경기도,성남시 중원구,과테말라,497200
2015-04,경기도,수원시 장안구,괌,40000
2015-04,경기도,고양시 일산서구,터키,376600
2015-04,경기도,안성시,브라질,46000
2015-04,경기도,오산시,중국,494258277
2015-04,경기도,부천시,그리스,20800
2015-04,경기도,하남시,스위스,40000
2015-04,경기도,안양시 동안구,우즈베키스탄,37000
2015-04,경기도,안산시 단원구,대만,8493400
2015-04,경기도,동두천시,모로코,13000
2015-04,경기도,이천시,체코,10900
2015-04,경기도,고양시 일산동구,태국,12282760
2015-04,경기도,의정부시,핀란드,76150
