기준년월,시도명,시군구명,국적명,사용금액
2015-03,경기도,김포시,스위스,426000
2015-03,경기도,시흥시,콜롬비아,12500
2015-03,경기도,성남시 수정구,말레이지아,1850096
2015-03,경기도,고양시 일산동구,콜롬비아,27000
2015-03,경기도,수원시 팔달구,스웨덴,17407520
2015-03,경기도,고양시 일산서구,체코,28700
2015-03,경기도,안산시 상록구,인도,2752990
2015-03,경기도,양주시,브라질,12000
2015-03,경기도,부천시,벨기에,689200
2015-03,경기도,양평군,홍콩,2174200
2015-03,경기도,의왕시,아르헨티나,7490
2015-03,경기도,포천시,메인,4980
2015-03,경기도,가평군,캐나다,824428
2015-03,경기도,광주시,남아프리카공화국,107000
2015-03,경기도,안양시 만안구,아제르바이잔,80000
2015-03,경기도,용인시 기흥구,인도네시아,1831330
2015-03,경기도,용인시 처인구,핀란드,22400
2015-03,경기도,이천시,영국,2755340
2015-03,경기도,동두천시,말레이지아,338000
2015-03,경기도,안산시 단원구,벨리즈,48780
2015-03,경기도,여주시,스페인,82600
2015-03,경기도,오산시,캐나다,1591270
2015-03,경기도,군포시,리비아,25800
2015-03,경기도,수원시 장안구,프랑스,979750
2015-03,경기도,의정부시,칠레,386800
2015-03,경기도,광명시,남아프리카공화국,40980
2015-03,경기도,화성시,몰디브,70000
2015-03,경기도,파주시,루마니아,68000
2015-03,경기도,성남시 분당구,스웨덴,20994034
2015-03,경기도,수원시 영통구,인도,126735030
2015-03,경기도,연천군,멕시코,120000
2015-03,경기도,성남시 중원구,스웨덴,45800
2015-03,경기도,용인시 수지구,덴마크,2550
2015-03,경기도,구리시,벨기에,2000
2015-03,경기도,평택시,아르헨티나,128000
2015-03,경기도,수원시 권선구,카자흐스탄,39000
2015-03,경기도,안양시 동안구,라트비아,12900
2015-03,경기도,고양시 덕양구,뉴질랜드,443450
2015-03,경기도,남양주시,캐나다,6732881
2015-03,경기도,안성시,과테말라,15400
2015-03,경기도,과천시,푸에르토리코,25400
2015-03,경기도,하남시,필리핀,249300
