기준년월,시도명,시군구명,국적명,사용금액
2016-09,경기도,김포시,스페인,444000
2016-09,경기도,과천시,인도,450770
2016-09,경기도,성남시 중원구,지브랄타,5750
2016-09,경기도,포천시,말레이지아,2938900
2016-09,경기도,수원시 영통구,스웨덴,2575550
2016-09,경기도,고양시 덕양구,인도네시아,5390830
2016-09,경기도,구리시,중국,95033220
2016-09,경기도,시흥시,영국,2640130
2016-09,경기도,용인시 처인구,스웨덴,1021400
2016-09,경기도,성남시 수정구,홍콩,6929112
2016-09,경기도,안산시 상록구,아일랜드,596200
2016-09,경기도,수원시 장안구,헝가리,20000
2016-09,경기도,양평군,홍콩,4841140
2016-09,경기도,용인시 수지구,싱가폴,4150910
2016-09,경기도,부천시,카타르,4978140
2016-09,경기도,안성시,핀란드,43600
2016-09,경기도,이천시,벨기에,411670
2016-09,경기도,남양주시,싱가폴,4840440
2016-09,경기도,연천군,터키,8000
2016-09,경기도,안산시 단원구,영국,7087205
2016-09,경기도,의정부시,덴마크,249890
2016-09,경기도,수원시 권선구,케냐,306800
2016-09,경기도,수원시 팔달구,아일랜드,61700919
2016-09,경기도,양주시,일본,5611957
2016-09,경기도,용인시 기흥구,라트비아,106500
2016-09,경기도,오산시,푸에르토리코,6000
2016-09,경기도,평택시,아랍에미레이트,1763210
2016-09,경기도,하남시,카자흐스탄,277200
2016-09,경기도,화성시,페루,1829110
2016-09,경기도,광명시,우즈베키스탄,1398200
2016-09,경기도,광주시,폴란드,19000
2016-09,경기도,안양시 동안구,말레이지아,2717000
2016-09,경기도,파주시,캄보디아,341010
2016-09,경기도,가평군,홍콩,10624190
2016-09,경기도,고양시 일산동구,카타르,3135370
2016-09,경기도,군포시,프랑스,326900
2016-09,경기도,여주시,뉴질랜드,90000
2016-09,경기도,성남시 분당구,아랍에미레이트,23777019
2016-09,경기도,의왕시,남아프리카공화국,104000
2016-09,경기도,안양시 만안구,싱가폴,6021840
2016-09,경기도,동두천시,대만,824000
2016-09,경기도,고양시 일산서구,필리핀,3204810
