기준년월,시도명,시군구명,국적명,사용금액
2015-12,경기도,과천시,영국,1164970
2015-12,경기도,광주시,멕시코,507560
2015-12,경기도,군포시,이스라엘,9100
2015-12,경기도,여주시,멕시코,3177400
2015-12,경기도,성남시 분당구,핀란드,1102350
2015-12,경기도,고양시 일산서구,일본,35372130
2015-12,경기도,안산시 단원구,멕시코,2413200
2015-12,경기도,의정부시,카타르,156000
2015-12,경기도,광명시,독일,10339720
2015-12,경기도,시흥시,타지키스탄,63470
2015-12,경기도,안성시,벨기에,5310
2015-12,경기도,안양시 만안구,인도네시아,844560
2015-12,경기도,하남시,러시아,309935
2015-12,경기도,수원시 팔달구,아랍에미레이트,27646512
2015-12,경기도,화성시,요르단,850000
2015-12,경기도,안양시 동안구,뉴질랜드,6550370
2015-12,경기도,의왕시,덴마크,3000
2015-12,경기도,수원시 영통구,리투아니아,123400
2015-12,경기도,용인시 기흥구,마다가스카,64900
2015-12,경기도,용인시 수지구,레바논,2
2015-12,경기도,파주시,아제르바이잔,2400900
2015-12,경기도,고양시 덕양구,사우디아라비아,684830
2015-12,경기도,동두천시,홍콩,541980
2015-12,경기도,안산시 상록구,아르헨티나,69900
2015-12,경기도,구리시,베트남,1110400
2015-12,경기도,이천시,캐나다,4758097
2015-12,경기도,성남시 중원구,터키,510000
2015-12,경기도,가평군,네덜란드,104000
2015-12,경기도,고양시 일산동구,브라질,347810
2015-12,경기도,양평군,필리핀,103950
2015-12,경기도,양주시,미국,61512635
2015-12,경기도,용인시 처인구,우크라이나,203240
2015-12,경기도,포천시,싱가폴,1015000
2015-12,경기도,김포시,스웨덴,234850
2015-12,경기도,수원시 장안구,우크라이나,37000
2015-12,경기도,남양주시,멕시코,80600
2015-12,경기도,오산시,핀란드,6000
2015-12,경기도,연천군,중국,4278634
2015-12,경기도,수원시 권선구,프랑스,615670
2015-12,경기도,성남시 수정구,독일,406500
2015-12,경기도,부천시,,5100
2015-12,경기도,평택시,카자흐스탄,168390
