기준년월,시도명,시군구명,국적명,사용금액
2016-06,경기도,구리시,사우디아라비아,289500
2016-06,경기도,고양시 덕양구,카자흐스탄,221210
2016-06,경기도,성남시 수정구,아이티,24000
2016-06,경기도,포천시,인도네시아,510500
2016-06,경기도,여주시,쿠웨이트,2455500
2016-06,경기도,광명시,우즈베키스탄,10000
2016-06,경기도,부천시,마카오,649090
2016-06,경기도,안성시,인도네시아,439500
2016-06,경기도,용인시 기흥구,홍콩,26415966
2016-06,경기도,평택시,네덜란드,639100
2016-06,경기도,안산시 상록구,과테말라,1240000
2016-06,경기도,성남시 중원구,마카오,48000
2016-06,경기도,남양주시,캐나다,2672365
2016-06,경기도,성남시 분당구,아제르바이잔,150360
2016-06,경기도,하남시,일본,7841900
2016-06,경기도,광주시,아랍에미레이트,310130
2016-06,경기도,수원시 장안구,가나,3250
2016-06,경기도,안산시 단원구,스페인,519950
2016-06,경기도,오산시,아르헨티나,548800
2016-06,경기도,화성시,미국,660917961
2016-06,경기도,과천시,헝가리,38000
2016-06,경기도,안양시 동안구,체코,33670
2016-06,경기도,양주시,나이지리아,215650
2016-06,경기도,용인시 처인구,에콰도르,1250000
2016-06,경기도,파주시,뉴질랜드,3285060
2016-06,경기도,시흥시,쿠웨이트,76000
2016-06,경기도,수원시 영통구,모리셔스,335410
2016-06,경기도,동두천시,터키,9000
2016-06,경기도,용인시 수지구,스페인,123100
2016-06,경기도,가평군,홍콩,6520320
2016-06,경기도,고양시 일산동구,미국,412618945
2016-06,경기도,군포시,캄보디아,518000
2016-06,경기도,이천시,온두라스,712000
2016-06,경기도,고양시 일산서구,대만,15614656
2016-06,경기도,안양시 만안구,이집트,38830
2016-06,경기도,의왕시,네덜란드,95000
2016-06,경기도,양평군,온두라스,21000
2016-06,경기도,수원시 팔달구,벨라루스,72450
2016-06,경기도,수원시 권선구,코스타리카,12000
2016-06,경기도,의정부시,독일,5640170
2016-06,경기도,김포시,대만,26347543
2016-06,경기도,연천군,폴란드,9900
