기준년월,시도명,시군구명,국적명,사용금액
2015-09,경기도,수원시 장안구,쿠웨이트,205510
2015-09,경기도,광주시,카자흐스탄,296480
2015-09,경기도,용인시 기흥구,중국,346921047
2015-09,경기도,고양시 일산서구,베네수엘라,118690
2015-09,경기도,의정부시,칠레,29000
2015-09,경기도,동두천시,폴란드,35000
2015-09,경기도,양주시,멕시코,66400
2015-09,경기도,화성시,아랍에미레이트,3935639
2015-09,경기도,고양시 덕양구,라오스,132720
2015-09,경기도,광명시,홍콩,31955310
2015-09,경기도,남양주시,스위스,917000
2015-09,경기도,양평군,인도네시아,531000
2015-09,경기도,수원시 권선구,러시아,11642630
2015-09,경기도,수원시 영통구,조지아,61300
2015-09,경기도,성남시 중원구,폴란드,255000
2015-09,경기도,연천군,영국,1170000
2015-09,경기도,용인시 처인구,캐나다,3526378
2015-09,경기도,구리시,괌,433319
2015-09,경기도,오산시,이집트,26600
2015-09,경기도,이천시,이스라엘,1367960
2015-09,경기도,수원시 팔달구,크로아티아,131700
2015-09,경기도,평택시,태국,1043090
2015-09,경기도,성남시 수정구,세르비아,118400
2015-09,경기도,파주시,태국,24006980
2015-09,경기도,성남시 분당구,터키,11664300
2015-09,경기도,여주시,체코,178000
2015-09,경기도,안산시 상록구,이탈리아,102500
2015-09,경기도,용인시 수지구,과테말라,26250
2015-09,경기도,과천시,오스트레일리아,822510
2015-09,경기도,안산시 단원구,태국,4382870
2015-09,경기도,안양시 만안구,터키,112000
2015-09,경기도,의왕시,독일,368940
2015-09,경기도,고양시 일산동구,잠비아,447800
2015-09,경기도,군포시,덴마크,21500
2015-09,경기도,김포시,칠레,108700
2015-09,경기도,시흥시,몽고,161380
2015-09,경기도,안양시 동안구,오스트레일리아,5257880
2015-09,경기도,안성시,도미니카,43500
2015-09,경기도,하남시,오만,63000
2015-09,경기도,포천시,칠레,85000
2015-09,경기도,가평군,인도,220400
2015-09,경기도,부천시,에콰도르,1539580
