기준년월,시도명,시군구명,국적명,사용금액
2015-02,경기도,부천시,필리핀,2279630
2015-02,경기도,남양주시,중국,154133104
2015-02,경기도,안산시 단원구,네덜란드,378200
2015-02,경기도,군포시,영국,414540
2015-02,경기도,여주시,네덜란드,111000
2015-02,경기도,성남시 분당구,피지,22800
2015-02,경기도,오산시,미국,65193186
2015-02,경기도,용인시 기흥구,카자흐스탄,1363530
2015-02,경기도,광주시,브라질,386690
2015-02,경기도,안성시,중국,92907140
2015-02,경기도,시흥시,루마니아,294800
2015-02,경기도,안양시 만안구,홍콩,3281830
2015-02,경기도,용인시 수지구,대만,3322280
2015-02,경기도,고양시 일산동구,리투아니아,61900
2015-02,경기도,과천시,인도,345800
2015-02,경기도,광명시,콜롬비아,234400
2015-02,경기도,의정부시,터키,211700
2015-02,경기도,화성시,노르웨이,1737070
2015-02,경기도,동두천시,말레이지아,125000
2015-02,경기도,수원시 영통구,태국,6899550
2015-02,경기도,안산시 상록구,핀란드,640770
2015-02,경기도,하남시,오스트레일리아,258220
2015-02,경기도,수원시 장안구,과테말라,56492
2015-02,경기도,안양시 동안구,헝가리,44700
2015-02,경기도,양평군,앙골라,18300
2015-02,경기도,성남시 중원구,카자흐스탄,13900
2015-02,경기도,이천시,스페인,19000
2015-02,경기도,양주시,나이지리아,37500
2015-02,경기도,수원시 팔달구,케냐,748000
2015-02,경기도,용인시 처인구,멕시코,215000
2015-02,경기도,파주시,마카오,1689880
2015-02,경기도,성남시 수정구,스웨덴,6000
2015-02,경기도,의왕시,우크라이나,184130
2015-02,경기도,김포시,캐나다,941280
2015-02,경기도,수원시 권선구,필리핀,289860
2015-02,경기도,고양시 일산서구,리투아니아,69357
2015-02,경기도,고양시 덕양구,캐나다,3538960
2015-02,경기도,가평군,캄보디아,6000
2015-02,경기도,연천군,뉴질랜드,250000
2015-02,경기도,평택시,나이지리아,312500
2015-02,경기도,포천시,브라질,104700
2015-02,경기도,구리시,핀란드,2000
