기준년월,시도명,시군구명,국적명,사용금액
2015-11,경기도,고양시 덕양구,사우디아라비아,60000
2015-11,경기도,성남시 중원구,태국,924710
2015-11,경기도,고양시 일산서구,,42500
2015-11,경기도,용인시 수지구,태국,2757800
2015-11,경기도,안산시 단원구,과테말라,1450
2015-11,경기도,고양시 일산동구,에스토니아,159190
2015-11,경기도,구리시,스위스,51000
2015-11,경기도,동두천시,핀란드,75000
2015-11,경기도,여주시,베트남,5881020
2015-11,경기도,의정부시,중국,308862023
2015-11,경기도,용인시 처인구,남아프리카공화국,196500
2015-11,경기도,남양주시,헝가리,25000
2015-11,경기도,이천시,덴마크,28400
2015-11,경기도,광주시,인도네시아,330500
2015-11,경기도,부천시,브루나이드루살렘,740000
2015-11,경기도,용인시 기흥구,헝가리,13200
2015-11,경기도,하남시,필리핀,265450
2015-11,경기도,광명시,에콰도르,5600
2015-11,경기도,안양시 만안구,말타,476000
2015-11,경기도,연천군,필리핀,180000
2015-11,경기도,포천시,콩고,90000
2015-11,경기도,성남시 수정구,페루,10900
2015-11,경기도,안양시 동안구,우크라이나,122580
2015-11,경기도,군포시,필리핀,322596
2015-11,경기도,수원시 권선구,필리핀,4862750
2015-11,경기도,수원시 영통구,네덜란드,276000
2015-11,경기도,수원시 장안구,핀란드,31500
2015-11,경기도,안성시,우즈베키스탄,496210
2015-11,경기도,성남시 분당구,덴마크,21855400
2015-11,경기도,양평군,홍콩,5750000
2015-11,경기도,양주시,나이지리아,556520
2015-11,경기도,의왕시,홍콩,2394800
2015-11,경기도,과천시,아일랜드,23800
2015-11,경기도,김포시,스웨덴,76800
2015-11,경기도,파주시,영국,7188646
2015-11,경기도,화성시,영국,149494631
2015-11,경기도,수원시 팔달구,캄보디아,693680
2015-11,경기도,시흥시,우크라이나,149700
2015-11,경기도,안산시 상록구,인도,191080
2015-11,경기도,오산시,우즈베키스탄,146250
2015-11,경기도,평택시,에스토니아,49600
2015-11,경기도,가평군,카자흐스탄,24410
