기준년월,시도명,시군구명,국적명,사용금액
2016-12,경기도,성남시 중원구,멕시코,100000
2016-12,경기도,남양주시,네덜란드,20500
2016-12,경기도,여주시,대만,20128396
2016-12,경기도,의왕시,독일,563630
2016-12,경기도,과천시,러시아,843850
2016-12,경기도,수원시 권선구,아랍에미레이트,429946
2016-12,경기도,양평군,인도네시아,114690
2016-12,경기도,고양시 덕양구,엘살바도르,21000
2016-12,경기도,의정부시,스위스,12500
2016-12,경기도,광주시,세네갈,701000
2016-12,경기도,안양시 만안구,싱가폴,9954930
2016-12,경기도,하남시,우크라이나,56700
2016-12,경기도,가평군,폴란드,43081
2016-12,경기도,김포시,프랑스,418710
2016-12,경기도,동두천시,룩셈부르크,1246690
2016-12,경기도,안산시 단원구,체코,2625500
2016-12,경기도,용인시 처인구,폴란드,235666
2016-12,경기도,성남시 분당구,헝가리,484000
2016-12,경기도,오산시,칠레,143000
2016-12,경기도,용인시 기흥구,코스타리카,105950
2016-12,경기도,용인시 수지구,칠레,653000
2016-12,경기도,화성시,프랑스,18203669
2016-12,경기도,고양시 일산동구,몽고,1966710
2016-12,경기도,군포시,슬로바키아,209100
2016-12,경기도,양주시,푸에르토리코,19960
2016-12,경기도,안양시 동안구,일본,135234020
2016-12,경기도,파주시,독일,7879350
2016-12,경기도,이천시,브라질,4021960
2016-12,경기도,포천시,미얀마,5600
2016-12,경기도,시흥시,우즈베키스탄,187300
2016-12,경기도,안산시 상록구,뉴질랜드,330000
2016-12,경기도,평택시,아르헨티나,56470
2016-12,경기도,고양시 일산서구,,75450
2016-12,경기도,구리시,남아프리카공화국,219400
2016-12,경기도,안성시,뉴질랜드,69000
2016-12,경기도,수원시 장안구,필리핀,1085460
2016-12,경기도,수원시 팔달구,룩셈부르크,6500
2016-12,경기도,성남시 수정구,쿠웨이트,16000
2016-12,경기도,수원시 영통구,인도네시아,3536480
2016-12,경기도,연천군,브라질,105200
2016-12,경기도,광명시,터키,17100
2016-12,경기도,부천시,이집트,247000
