기준년월,시도명,시군구명,국적명,사용금액
2016-08,경기도,광주시,프랑스,733055
2016-08,경기도,광명시,방글라데시,5000
2016-08,경기도,동두천시,노르웨이,732000
2016-08,경기도,연천군,멕시코,14200
2016-08,경기도,수원시 팔달구,아르헨티나,51705
2016-08,경기도,고양시 덕양구,남아프리카공화국,158000
2016-08,경기도,성남시 중원구,멕시코,247000
2016-08,경기도,안산시 상록구,스웨덴,765950
2016-08,경기도,의왕시,태국,73200
2016-08,경기도,고양시 일산서구,홍콩,18414754
2016-08,경기도,평택시,말레이지아,1083810
2016-08,경기도,안성시,홍콩,5003980
2016-08,경기도,구리시,방글라데시,49000
2016-08,경기도,안양시 동안구,요르단,140000
2016-08,경기도,이천시,태국,1102500
2016-08,경기도,하남시,프랑스,375640
2016-08,경기도,수원시 영통구,멕시코,3447850
2016-08,경기도,안산시 단원구,일본,50659720
2016-08,경기도,고양시 일산동구,자메이카,289400
2016-08,경기도,여주시,몽고,30157800
2016-08,경기도,가평군,남아프리카공화국,13000
2016-08,경기도,과천시,프랑스,523115
2016-08,경기도,수원시 권선구,불가리아,7100
2016-08,경기도,포천시,베트남,333730
2016-08,경기도,군포시,뉴질랜드,645600
2016-08,경기도,수원시 장안구,남아프리카공화국,30050
2016-08,경기도,남양주시,벨기에,72613
2016-08,경기도,용인시 처인구,미국,127657879
2016-08,경기도,화성시,방글라데시,21000
2016-08,경기도,성남시 수정구,핀란드,43430
2016-08,경기도,양평군,아일랜드,20000
2016-08,경기도,오산시,사우디아라비아,206800
2016-08,경기도,용인시 수지구,아랍에미레이트,3832044
2016-08,경기도,안양시 만안구,벨라루스,1000
2016-08,경기도,의정부시,레바논,5000
2016-08,경기도,부천시,라오스,48600
2016-08,경기도,파주시,필리핀,21508980
2016-08,경기도,성남시 분당구,캄보디아,289000
2016-08,경기도,용인시 기흥구,이스라엘,71830
2016-08,경기도,시흥시,뉴질랜드,1106800
2016-08,경기도,양주시,캐나다,2135950
2016-08,경기도,김포시,영국,2402600
