기준년월,시도명,시군구명,국적명,사용금액
2016-04,경기도,광주시,몽고,60860
2016-04,경기도,광명시,헝가리,2800
2016-04,경기도,군포시,싱가폴,8948400
2016-04,경기도,수원시 팔달구,이탈리아,15095001
2016-04,경기도,성남시 중원구,스페인,37400
2016-04,경기도,용인시 기흥구,아제르바이잔,30000
2016-04,경기도,의정부시,스위스,529190
2016-04,경기도,평택시,벨기에,292000
2016-04,경기도,고양시 일산동구,과테말라,50000
2016-04,경기도,고양시 일산서구,홍콩,9912370
2016-04,경기도,안양시 만안구,카자흐스탄,1410650
2016-04,경기도,오산시,덴마크,66900
2016-04,경기도,안산시 단원구,리투아니아,304000
2016-04,경기도,용인시 수지구,홍콩,7032520
2016-04,경기도,고양시 덕양구,이스라엘,44000
2016-04,경기도,동두천시,라이베리아,62000
2016-04,경기도,수원시 영통구,오스트리아,171800
2016-04,경기도,여주시,뉴질랜드,2118500
2016-04,경기도,성남시 수정구,아랍에미레이트,107930
2016-04,경기도,포천시,대만,306360
2016-04,경기도,부천시,벨라루스,16000
2016-04,경기도,안성시,몽고,15800
2016-04,경기도,과천시,대만,1355440
2016-04,경기도,수원시 장안구,가나,17180
2016-04,경기도,시흥시,홍콩,3024454
2016-04,경기도,남양주시,핀란드,274900
2016-04,경기도,양주시,캐나다,690930
2016-04,경기도,안양시 동안구,그리스,541200
2016-04,경기도,용인시 처인구,카자흐스탄,1972200
2016-04,경기도,파주시,아일랜드,65300
2016-04,경기도,구리시,대만,1062500
2016-04,경기도,김포시,아제르바이잔,5600
2016-04,경기도,연천군,영국,394000
2016-04,경기도,의왕시,브라질,30900
2016-04,경기도,안산시 상록구,베트남,475000
2016-04,경기도,하남시,브루나이드루살렘,45000
2016-04,경기도,화성시,방글라데시,230750
2016-04,경기도,이천시,이스라엘,182640
2016-04,경기도,수원시 권선구,스위스,132000
2016-04,경기도,양평군,중국,36022754
2016-04,경기도,가평군,리투아니아,37000
2016-04,경기도,성남시 분당구,브라질,74310000
